tract_fips10,stores,restaurants,bank_count,civsoc_orgs,religious_orgs,doctors,grocery_stores,libraries,he_green,he_walk,stops_per_capita,ed_prxhqece,ed_teachxp,job_density_2013,se_jobprox,high_skill_jobs,jobs_highpay_5mi_2015
06037101110,12,2,0,2,3,6,1,1,42,13.74028,0.39912193,-0.88561672,8.9356079,761.90472,20,452,18727
06037101122,3,2,0,2,0,2,1,0,19.200001,5.563468,0,-13.815511,8.3287821,116.5524,18.651686,70,4270
06037101210,5,9,0,3,10,0,3,1,57.299999,13.588322,0.76923077,0.7438044,8.1896105,2247.012,11.733428,671,35478
06037101220,1,3,0,3,2,1,2,0,41.700001,14.466384,1.3157895,0.63388568,5.9377584,1003.7037,6.6052227,338,18813
06037101300,8,8,2,4,10,9,3,0,26.200001,14.349596,1.7279684,0.48725453,5.6125221,754.01605,15.541797,382,18863
06037101400,10,10,0,5,4,8,6,0,10.1,12.415871,2.269289,1.0070585,7.8175631,284.07224,11.218679,661,52936
06037102103,6,1,0,0,0,3,2,0,25.9,11,2.3391813,1.6559242,4.6489768,131.00436,8.7456846,87,85491
06037102104,11,4,1,0,1,3,1,0,32.5,14.442209,2.7132951,1.9039313,5.3901935,1489.8596,13.086583,1114,102747
06037102105,0,1,0,1,0,1,0,0,55.599998,12.174549,0,1.9459101,5.144557,700,3.5852711,64,107062
06037102107,9,6,2,4,11,3,4,0,7.1999998,12.322667,4.069452,1.1531217,3.5945585,164.32584,21.055754,906,66085
06037103101,2,1,0,0,3,0,0,0,20.299999,9.084425,0,-13.815511,8.287199,127.55103,9.4719191,145,7411
06037103102,17,7,1,1,7,4,6,0,46.900002,14.115256,1.2057878,-2.3069234,8.4033613,1513.5699,22.756826,508,21793
06037103200,10,4,0,7,11,2,4,0,18.5,15.133172,3.3500838,-0.85046107,6.4142566,265.01395,11.544401,328,26486
06037103300,15,1,0,2,1,2,2,0,14.8,6.5248499,3.0020013,0.076486118,2.9777825,254.32306,9.6571026,524,54317
06037103400,17,13,2,1,5,11,8,0,31.799999,14.345048,1.3919822,0.94766718,8.331109,515.52795,6.7913384,428,42475
06037104103,0,2,0,0,0,0,0,0,42.299999,13.579126,0.57421763,0,8.3972063,838.79785,10.503946,451,29850
06037104105,9,3,1,2,2,4,1,0,54.799999,14.126582,1.117943,0,7.455647,3707.9646,21.151009,407,34325
06037104108,3,5,0,2,5,3,7,0,43,13.64531,1.8168605,0,8.1678209,803.78247,13.401622,308,35694
06037104124,7,0,0,2,5,1,3,0,13.5,12.049105,1.9115238,-0.23529437,7.2671962,155.49133,22.602356,255,18647
06037104201,2,1,1,1,3,0,3,0,59,12.546627,0.91053949,0,7.3881178,539.19238,13.587236,92,32154
06037104203,7,1,0,0,1,2,4,0,55.099998,14.836983,1.16198,0,7.9709234,919.41394,16.50403,235,33870
06037104204,10,1,0,0,0,1,1,0,17.5,12.311426,1.4326648,0,8.3051901,867.70428,15.672784,745,25653
06037104310,5,1,0,2,4,0,3,0,59.299999,13.037342,1.0943314,0.92780912,4.6316595,3611.6838,9.4679508,690,39407
06037104320,9,5,0,1,8,2,1,0,59.900002,14.579792,1.9607843,0.51521277,6.099731,1585.4701,8.292079,233,35655
06037104401,2,5,0,0,0,1,2,0,53.099998,13.092237,1.0319917,1.2009562,2.7063355,596.95813,9.1397848,151,48546
06037104403,5,4,0,0,1,4,5,0,54.900002,14.110974,1.9430052,1.2556012,4.0073919,873.60596,8.0459776,64,54641
06037104404,2,1,0,0,2,0,5,0,57.5,17.260511,2.9476787,1.0986123,2.8095016,1038.4615,7.0674248,177,49468
06037104500,3,5,1,0,0,7,4,2,57.599998,15.216702,1.2730745,0.99770927,3.5394058,1048.7805,8.0144405,171,56007
06037104610,6,9,0,0,1,3,7,0,58.099998,12.903418,1.5078408,1.0681114,3.1620605,1096.0698,12.991339,90,51294
06037104620,0,0,0,0,2,4,0,0,56.099998,12.739311,0.59916117,0.99609673,2.7353017,853.65857,8.0787506,162,52541
06037104701,5,8,0,0,6,6,2,0,55.700001,11.35056,1.26968,0.39948064,5.1738849,2328.6384,12.905605,260,40540
06037104703,6,3,0,0,0,0,4,0,67.099998,12.744506,2.5329281,-13.815511,5.4263835,5712.3896,9.743041,285,41738
06037104704,10,5,0,0,0,1,3,0,48.599998,12.167,1.8582426,-0.54325294,7.533771,1352.0249,23.448277,76,43040
06037104810,4,2,0,1,2,0,4,0,53.299999,13.311502,2.30459,0.045544066,3.4948702,1403.2258,10.335519,87,52297
06037104821,0,2,0,0,1,2,1,0,54.700001,15.219237,1.4513788,0.50160897,3.3359101,1726.8292,7.0917368,293,57325
06037104822,6,5,0,1,3,2,2,0,59.700001,14.167,3.2310178,0.69314718,3.5185153,3182.9788,14.597901,249,60268
06037106010,0,0,2,1,3,14,0,1,26.200001,11.833,3.3444816,0,6.1342402,206.57759,14.285715,110,18224
06037106020,10,0,1,0,2,1,2,0,36.5,11.28775,0.94268477,0,4.5534563,176.54639,15.05111,44,19110
06037106111,13,2,0,4,2,2,1,0,21,11.293371,0.68697046,0,3.6676009,333.33331,15.994165,640,18112
06037106112,14,7,0,1,4,4,6,0,35.299999,12.433972,1.7655367,0,3.7383974,2798.5552,11.808553,337,24870
06037106113,7,8,0,2,2,3,4,0,39,15.513309,2.0426029,0,3.6600835,981.98199,13.376623,278,24908
06037106114,13,7,1,1,2,1,5,0,52.099998,15.607611,1.6,0,3.9469244,1543.5898,14.379622,203,25338
06037106403,2,3,1,0,3,6,3,0,43,14.036848,4.2656917,0.66495109,6.5369892,583.13818,7.7509532,256,21637
06037106405,6,5,0,1,1,11,2,0,35.400002,11.534878,2.739726,0.42664593,6.7138915,710.177,5.2798982,291,20763
06037106406,2,4,0,2,3,1,2,0,36.799999,13.152794,2.28471,0.67659301,6.1739092,313.04349,14.533281,47,19571
06037106407,2,4,2,0,1,7,3,0,61.900002,13.281623,1.1355034,0,4.4198895,5344.4443,16.569201,366,20638
06037106408,0,0,0,1,1,1,1,0,56.700001,9.4841766,0.51599587,0,6.107718,761.36365,10.639778,55,20666
06037106510,9,4,1,5,3,2,2,0,24.6,12.052919,2.722676,1.1673951,8.781168,1158.8235,13.84487,292,19430
06037106520,13,0,1,3,6,0,5,0,48.299999,12.733619,0.92798812,1.2326777,9.7502813,4550.4697,12.838682,495,21538
06037106603,6,6,0,0,3,2,1,0,5.5999999,7.9890318,0.61068702,1.9716861,5.2419915,31.668077,22.775053,137,14877
06037106604,9,5,0,0,2,1,2,0,39.400002,12.92582,2.3975066,1.3947467,11.71253,3754.2288,12.01232,449,24728
06037106641,6,3,0,1,3,1,0,0,41.400002,13.667,0.90702948,2.1507165,4.6819472,383.56165,22.702105,182,29566
06037106642,4,1,0,0,4,4,1,0,39.400002,12.935966,2.8098658,2.2679563,4.5309424,264.3678,14.512922,157,32032
06037106643,8,3,0,3,3,17,1,1,24.299999,8.2485752,0.22451729,2.1984022,7.5057583,235.50508,16.371077,351,36844
06037106645,11,2,0,4,2,4,0,0,30.9,12.405096,1.7281106,2.1189294,6.703691,144.46721,21.716803,140,33006
06037106646,10,3,0,5,5,5,4,0,45.099998,14.131371,2.5773196,2.2805145,5.804451,1091.228,11.668839,577,43775
06037106648,6,6,0,2,0,1,5,0,49.299999,12.777667,1.4612762,1.5385859,11.346861,477.12421,10.667367,89,28670
06037106649,3,1,0,0,2,1,0,0,40.799999,14.604995,0.36049027,1.6094379,10.724413,436.91589,18.132854,99,34442
06037107010,3,5,0,0,2,8,1,1,49.099998,16.333,1.2345679,1.0986123,8.7401676,1045.4546,14.908257,187,24016
06037107020,1,1,0,0,1,1,0,0,46.700001,13.243931,0.74074074,1.3126013,11.380738,429.6875,20.313725,109,26364
06037108101,3,1,0,1,0,10,0,0,36.5,7.3330002,0,2.1972246,18.917713,481.6514,16.827345,160,42713
06037108102,10,3,2,3,4,19,8,2,26,9.6669998,0.2596054,2.1491749,18.096369,801.89801,18.019802,440,38678
06037108103,6,0,0,1,3,8,2,0,25.700001,7.987752,0,2.1697135,18.12125,201.0101,18.267929,91,38766
06037108104,3,1,0,1,0,3,1,0,39.200001,9.1669998,0,1.9566689,16.561121,316.61441,26.966291,91,35995
06037108201,26,15,6,3,6,26,4,0,36.299999,8.9203568,0.54446461,2.0047891,17.531851,1499.5385,23.762766,348,30863
06037108202,12,5,0,0,2,20,0,1,17.5,10.667,0.58320373,1.9211925,17.107857,107.55939,24.563173,127,30004
06037109100,7,8,1,1,5,85,0,0,34.5,14.04234,7.0103093,2.0083556,10.363036,4461.2441,10.657785,4259,46314
06037109200,6,5,1,1,1,1,0,0,41.700001,12.352833,1.8368846,2.0916584,17.040287,414.31671,29.373789,111,47697
06037109300,2,3,0,0,6,4,2,0,50.599998,14.469594,3.4623859,2.1878953,15.376907,617.64703,14.173229,160,53592
06037109400,6,0,0,0,6,1,0,0,47.099998,11.023415,1.0660981,1.9530833,8.5650921,132.26453,18.947369,60,57320
06037109500,9,5,0,1,3,8,6,0,53.200001,15.439222,2.5429116,1.5838273,4.8199706,1088.9371,5.7926831,289,45726
06037109601,2,2,0,0,2,1,2,0,39.099998,11.394782,1.1709602,1.9639807,7.3646512,155.55556,18.17424,144,61485
06037109603,16,7,0,1,2,16,2,0,51.200001,15.304203,1.4137606,2.1253324,8.6422033,1095.8549,11.979435,359,66173
06037109604,10,5,3,4,4,10,5,0,52.700001,15.427875,2.5731747,2.1309435,11.820299,1986.7842,10.601915,604,61528
06037109700,4,1,0,2,6,4,1,0,49.400002,13.175175,2.3266636,2.2066827,11.301491,610.1142,7.2976561,315,59836
06037109800,7,3,0,3,2,1,3,0,51.400002,13.631217,1.4207909,2.1770461,11.99064,542.59259,15.866618,311,62525
06037111100,11,6,3,0,3,8,7,0,50.400002,13.561935,0.95510984,2.2917726,8.3879347,1391.198,15.345454,223,50966
06037111201,11,3,1,2,6,1,7,0,41.799999,13.025643,1.5174507,2.2642395,5.7713695,612.99054,18.786314,125,49295
06037111202,17,17,2,4,2,18,6,0,45.299999,15.652179,1.6068559,2.2014413,9.7746353,1812.76,14.859054,838,54797
06037111204,9,4,0,6,6,18,4,0,43.400002,13.921834,2.7989426,2.2078836,18.725557,435.53461,18.209877,340,44371
06037111205,8,9,3,0,2,2,7,0,46.900002,12.903805,1.6397923,2.3357205,17.285706,1265.306,18.118059,192,57696
06037111206,23,13,2,4,6,9,3,0,41.799999,10.368685,0.4515692,2.1972246,19.447634,865.07935,22.419586,274,50479
06037111301,32,20,5,5,14,28,7,0,52.299999,13.646308,2.0395156,2.2142465,12.58182,2913.3247,13.366994,1488,57758
06037111302,9,9,0,5,10,27,2,0,47.599998,13.472589,1.7395086,2.3025851,9.4294214,1375,24.232365,643,59722
06037111400,18,14,4,2,4,34,6,0,53.599998,13.774071,1.1926849,2.2341335,5.8745351,1750,13.8153,734,63369
06037113101,8,1,0,2,3,1,1,0,37.299999,14.683757,2.0115665,2.0578077,12.287949,909.50745,14.503352,640,39041
06037113102,6,4,2,1,6,12,2,0,25.6,12.481334,2.7164686,2.1564882,12.953389,208.2153,15.571957,87,39005
06037113211,9,0,0,7,4,4,4,0,13.5,6.3890648,0,1.7798024,14.925588,188.18925,10.414201,288,29457
06037113212,8,2,0,0,2,3,3,0,46.400002,16.189886,0.60078102,2.1217029,13.425331,2621.7617,16.930573,1005,37624
06037113213,24,11,1,0,2,13,8,0,47.599998,15.087112,2.4685817,2.0894537,13.642518,1643.4264,19.009262,380,41426
06037113231,7,5,1,2,3,8,2,0,13.7,8.9074678,0,1.0907803,3.3181036,1978.015,16.666668,2456,45012
06037113232,12,4,1,1,2,4,1,1,39.200001,13.399636,1.9970045,1.7713996,2.4578531,829.57397,13.141026,461,64576
06037113233,11,14,0,0,2,4,5,0,63,14.964577,1.4386189,1.9292892,3.8065703,3990.9502,8.9436617,600,72054
06037113234,19,3,0,2,4,2,0,0,54.099998,14.036877,1.5854142,1.9472177,6.6644711,1322.2506,16.200579,271,72602
06037113235,5,2,0,1,1,1,0,0,14.3,7.8330002,0,1.1891372,3.469224,111.91335,19.951633,23,36221
06037113237,50,10,1,4,3,10,2,1,37.400002,12.234647,4.6170559,1.9340605,9.6444435,5096.2275,24.040068,1666,54175
06037113301,99,39,6,3,3,14,14,0,53.599998,14.138801,9.3875726,2.3446965,11.657332,6760.2739,19.38883,2352,57701
06037113303,57,15,4,3,9,9,7,0,63.400002,14.579244,5.953744,2.2661774,9.9785318,8616.6563,16.27066,3396,69781
06037113321,15,17,1,7,11,13,7,0,59.900002,13.636089,1.699813,2.025811,12.287223,3207.4075,9.8466253,415,50364
06037113322,13,12,6,3,7,9,9,1,49.900002,15.912857,2.4740228,2.1732776,10.513539,766.66669,17.701712,368,53306
06037113401,36,15,1,2,14,9,11,0,50.799999,14.684453,2.7200311,2.3978953,10.293164,3121.436,13.406193,966,85570
06037113421,27,11,1,3,5,4,3,0,66.300003,12.882502,2.9962547,2.0815239,8.1552382,6702.8301,16.082895,840,75103
06037113422,3,2,0,4,3,2,4,0,47.5,12.909576,1.1079456,2.1113739,8.5985956,608.84357,17.222393,243,79977
06037115101,19,6,0,5,9,12,1,0,37.900002,14.505529,4.0338071,2.3718839,9.6965199,657.77185,10.959507,538,64110
06037115103,5,3,1,4,0,0,1,0,47.200001,11.167,5.5214724,2.3864665,15.347788,12154.762,3.909091,6231,61473
06037115104,4,3,0,1,4,6,0,0,41.400002,14.588459,2.6123302,2.3758194,11.072485,883.24872,13.572542,312,61430
06037115201,12,15,1,4,14,38,3,0,47.900002,15.09206,1.5730016,2.3978953,12.027529,1933.5863,9.1678839,797,58987
06037115202,39,19,3,4,8,40,6,2,51.700001,15.266454,2.8371477,2.3978953,9.4659128,3187.7793,13.094017,770,80228
06037115301,14,5,2,1,0,14,2,1,45.700001,15.672506,2.8623471,2.3978953,11.584928,953.67413,10.604454,325,63484
06037115302,17,7,2,0,4,1,3,0,57.799999,15.5,1.2245898,2.3978953,12.294214,2729.8137,13.60395,204,88924
06037115401,5,5,0,2,5,5,0,0,37.900002,12.353497,1.6082916,2.3978953,10.367105,652.17389,16.261343,359,80298
06037115403,11,13,0,0,2,32,4,0,58.799999,16.333,1.6853933,2.3978953,9.3921585,3599.2644,21.217602,400,86980
06037115404,16,4,2,3,2,20,4,0,54.900002,16.380373,1.7217631,2.3978953,10.629828,3167.1233,10.090984,368,91077
06037117101,5,4,1,0,4,4,3,0,55.900002,14.331553,1.907588,2.1972246,15.24531,2110.7383,15.513873,380,70749
06037117102,3,3,0,1,1,1,2,0,38.299999,12.657401,2.019522,2.1182206,13.186058,573.93488,16.492537,105,68569
06037117201,4,2,0,2,0,1,0,0,45.900002,14.108293,1.4912654,2.1972246,13.642378,849.1803,9.6756754,297,63982
06037117202,5,3,0,4,6,20,2,0,40.400002,13.407186,6.6994194,2.1972246,15.058103,552.06848,23.588343,389,65827
06037117301,8,1,0,3,2,1,2,1,49,12.130073,2.5043827,2.2922664,12.901811,200.3891,23.151751,65,62294
06037117302,7,6,2,2,9,10,8,1,52.200001,14.41891,3.3851055,2.3405974,10.108633,6781.5659,17.674858,2568,68875
06037117303,11,2,0,0,3,2,1,2,43.200001,14.279827,1.9774011,2.3024554,11.927058,1748.2014,15.570309,326,72965
06037117404,13,9,1,5,14,11,8,1,46.299999,13.667933,3.0085628,2.2018824,13.854151,1568.915,10.881058,631,71949
06037117405,0,4,0,0,3,4,3,0,67.300003,10.833,1.0896214,2.1972246,17.241379,1461.5385,8.6983347,94,65509
06037117407,1,0,0,0,0,1,0,0,70.099998,12.5,0.27785496,2.1972246,17.241379,2298.7014,26.142857,118,63128
06037117408,1,1,0,1,2,3,1,0,61.799999,13,0.62324712,2.1972246,12.380953,9668.9658,17.678812,152,78572
06037117510,7,2,1,0,0,5,0,0,61,13.833,1.0280134,2.1972246,15.699789,3226.5623,21.68116,611,70110
06037117520,3,8,0,1,2,2,2,0,57.299999,15,0,2.1972246,13.06977,2620.9678,16.281628,274,69466
06037117530,3,5,0,0,2,0,6,0,61,13.322482,0.71671743,2.1591065,11.989069,2761.9048,19.97427,394,79665
06037119001,2,1,0,0,0,0,0,0,50,11.493277,0.25562372,0.80573076,3.7323923,100,19.348269,53,64370
06037119002,9,3,1,0,6,1,4,0,53.900002,12.870754,2.8567133,0.80276144,4.4658184,476.85184,8.5390072,334,61435
06037119201,10,2,0,0,4,2,4,0,55.400002,14.19235,0.92592593,1.1866915,6.3010635,1311.4755,12.960954,305,68409
06037119202,6,3,0,0,0,0,0,0,54,12.316852,2.0838157,1.6147298,5.7223897,583.78375,7.9262214,64,62178
06037119310,3,1,0,0,3,2,2,0,50.700001,12.832735,1.8267223,1.9165112,9.8179426,1914.634,20.752745,360,67418
06037119320,2,0,0,1,2,0,2,0,48.799999,12.833,1.3831259,2.1027658,8.9096527,744.68085,26.849545,104,71213
06037119340,0,0,0,0,0,2,0,0,71.699997,12.333,0.76316459,2.0794415,7.7097754,851.06384,14.988009,31,70480
06037119341,1,2,0,0,3,2,1,0,54.299999,15,1.4792899,1.3741418,7.9504952,1388.8889,25.147491,143,68773
06037119342,1,0,0,0,1,1,0,0,64,12.833,0.87133314,1.669789,9.2705059,1305.8823,17.618721,123,70761
06037119400,5,3,1,0,4,1,2,0,53.5,12.627488,1.0845987,0.77951396,5.7617812,526.68213,15.579559,94,66535
06037119700,8,6,0,2,3,2,4,0,52.700001,13.911384,1.3901761,0.98040253,6.0003557,586.3454,12.755315,247,69461
06037119800,4,9,0,0,5,6,1,0,55.900002,13.664602,1.4179369,0.69314718,4.5043311,920.33545,13.389486,352,63422
06037119900,5,6,0,0,2,6,2,0,53.299999,14.676494,2.584493,1.0569561,6.2876592,605.91138,15.195868,242,66163
06037120010,1,12,0,0,1,5,4,0,52.299999,12.941434,0.73367572,2.0917153,13.20291,1088.785,17.048929,185,85530
06037120020,4,4,2,0,3,37,3,0,63.900002,14.102171,0.79984003,2.0276806,12.697677,2677.8845,13.656148,952,87847
06037120030,21,5,0,0,1,5,4,1,66.800003,14.833,0.64205457,1.6385945,15.020508,4268.1162,17.04858,313,87868
06037120103,3,0,0,0,3,7,3,0,70.300003,13.833,0.83986562,2.0392885,7.643312,4660.3774,16.94779,55,71546
06037120104,55,14,3,0,3,8,5,2,68.800003,16.5,3.2258065,1.8644319,9.6984348,8062.8574,20.666098,383,80413
06037120105,16,20,4,2,7,26,7,0,59.099998,16.743507,2.5538125,1.7051102,7.2748904,3197.1831,15.810675,358,71594
06037120106,1,0,0,0,0,0,0,0,60.5,14.667,0.21834061,2.0794415,9.7087383,7746.835,30.121759,148,81436
06037120107,0,1,0,0,0,1,2,0,62.799999,11.5,0,2.0794415,12.75701,1628.2051,15.274152,174,75466
06037120108,3,0,0,0,5,0,0,0,54.5,12.516829,0.44692737,2.1291938,11.45706,751.72418,14.640759,181,70176
06037120300,15,2,3,0,4,13,1,0,58.200001,13.518344,1.3610071,1.2896349,7.4654937,2908.1326,13.105413,603,76372
06037120400,9,16,0,0,0,72,8,0,60.599998,15.72009,2.6749889,1.0337036,7.405786,8162.6216,9.3475533,2748,78129
06037121010,21,8,2,1,2,8,5,0,46.700001,14.072206,2.6503568,0.13021468,4.7931385,1342.78,17.315437,711,89231
06037121020,3,3,0,0,2,5,3,0,52.299999,14.259116,1.4880952,1.0415163,5.354775,745.28302,18.641212,238,93129
06037121101,3,9,0,0,2,3,4,0,60.099998,15.368646,1.8861993,1.6094379,4.7060318,1351.6484,8.2084227,85,77625
06037121102,27,10,0,1,2,4,6,0,41.200001,12.772163,11.341416,1.0262791,3.9545031,2479.8611,14.059406,1192,68080
06037121210,5,2,0,2,1,1,0,0,43,13.075848,3.6310821,0.33225039,3.3894022,2481.9121,21.167883,774,80322
06037121221,1,1,0,0,1,0,0,0,52.700001,13.358798,1.010101,0,3.161098,376.28864,16.034157,26,85879
06037121222,9,2,0,1,3,3,5,1,57.700001,13.972339,3.3375052,0,3.1298194,2576.4023,16.138329,289,79429
06037121600,7,2,0,0,1,2,2,0,58.099998,13.014874,2.5388765,1.0351349,6.474947,2020.4546,21.528425,261,100776
06037121801,0,2,0,1,0,0,1,0,56.5,14.046003,1.5923567,1.6406193,4.6100402,494.68088,13.793103,98,92798
06037121802,12,4,0,0,4,6,4,0,59.700001,14.744833,2.1813649,1.0102196,4.2619042,2092.6431,13.455413,307,87157
06037121900,14,4,0,3,3,0,3,0,53.799999,15.023119,2.2331398,1.7448468,4.4071727,1740.3993,11.469312,323,81885
06037122000,33,13,0,2,13,3,12,1,53.400002,14.115594,3.5146444,1.0396987,7.7202692,4165.9194,8.7753515,859,101814
06037122120,3,1,0,0,0,0,2,0,56.799999,13.742636,1.2486993,1.8599812,2.9024005,334.53238,4.5382586,95,105984
06037122121,1,3,0,0,4,0,0,1,54.700001,11.5,0.7029877,1.7917595,4.5581856,402.51575,14.09728,60,105102
06037122122,16,9,2,1,0,7,8,0,51.599998,16.429953,7.2428778,1.736725,5.0027671,3697.2009,7.6074972,266,80455
06037122200,13,8,0,1,5,3,6,0,61.900002,13.09945,1.3491635,1.821779,4.850214,3006.0791,13.213038,247,100969
06037122410,33,9,0,0,1,4,5,0,66.699997,11.625454,2.3721666,1.9459101,4.7976985,5377.2896,13.710878,635,108443
06037122420,6,7,0,1,3,5,6,0,63.400002,14.99397,1.8277823,2.05689,4.7619047,4846.8467,12.890232,789,120358
06037123010,5,2,0,0,4,4,5,2,58.5,13.337108,1.6625104,2.003032,4.117558,2650.5103,14.311926,345,114233
06037123020,1,1,0,0,0,0,0,0,57.799999,12.577222,0.65681445,1.9459101,4.4015312,1899.0826,13.482385,71,108579
06037123103,13,1,0,1,2,1,6,1,56.599998,14.411881,3.0668127,2.0794415,9.5250177,2341.9541,10.249602,186,121132
06037123104,10,4,1,2,4,7,4,0,57.400002,14.532889,1.5934441,2.0794415,10.387019,1437.0862,6.8292685,327,120485
06037123203,6,2,0,0,4,4,3,0,65.699997,14.597353,2.1499597,2.0794415,9.1823835,2737.7778,11.756374,191,124332
06037123204,8,3,1,1,3,3,4,0,62,14.382177,0.95177665,2.0794415,9.8794928,1448,14.664702,133,132291
06037123205,9,2,0,0,2,2,1,0,67.400002,12.678283,1.3836043,2.0794415,11.475399,4863.481,16.246742,275,128531
06037123206,3,5,0,2,2,0,5,0,65.599998,16,2.2123894,2.0794415,9.456893,2695.2791,18.687708,274,125092
06037123301,7,2,0,1,1,4,3,2,56.799999,14.430491,2.757158,1.7352017,8.8116922,1546.7196,16.099476,444,113452
06037123303,12,12,0,0,2,3,6,0,63.700001,16.244522,2.9368576,1.2159108,9.6366053,3053.0613,19.221603,344,108102
06037123304,15,10,0,0,1,5,5,0,53.5,13.664287,1.2663571,1.5771892,9.9991894,2628.3186,10.087463,596,118517
06037123410,5,7,0,0,1,5,2,0,59.799999,12.527573,0.76962545,1.0986123,11.598939,1497.3545,13.588667,316,106820
06037123420,13,7,1,0,4,10,10,0,60.299999,15.427315,1.693685,1.1026846,11.54202,2355.4817,13.516368,516,107605
06037123510,6,5,0,1,1,4,4,0,53,13.49216,2.1482277,1.3463585,12.871456,1861.8422,14.928699,476,83452
06037123520,7,4,0,2,1,3,2,0,55,16,1.4450867,1.2625412,15.439506,1819.5875,9.0747337,249,100341
06037123601,14,12,0,1,3,9,3,0,55.400002,13.092346,3.1185031,1.4343663,14.578992,3728.0552,15.933845,2643,119275
06037123602,9,5,0,0,0,5,5,0,48,13.994517,3.655793,1.4983795,16.826204,1148.0447,23.83684,272,84459
06037123700,15,5,0,0,9,6,2,0,58.099998,15.79673,1.979708,1.7669978,12.913622,1722.826,20.311598,676,126576
06037123800,11,5,1,3,3,3,3,0,54.400002,14.495835,1.2544803,1.8210343,13.484742,1811.245,16.653963,674,132674
06037123901,18,13,4,2,4,17,7,0,59.700001,14.992642,3.0850595,2.0775349,12.28719,5444.8896,22.788605,1320,132073
06037123902,8,1,0,1,3,7,0,0,57,12.837427,2.7247956,2.0794415,14.936439,754.86383,15.081043,64,134478
06037124000,12,4,1,2,4,16,5,0,49.5,15.045457,1.9325746,1.8428882,11.340982,2188.3496,11.565585,237,123940
06037124102,15,6,0,0,0,8,5,0,63.200001,16.211563,2.7540622,2.0794415,11.322216,2147.4104,13.618485,293,129171
06037124103,5,1,0,0,0,5,3,0,59.099998,14.37538,1.9694732,2.0794415,11.929919,6608,4.8283262,187,128595
06037124104,0,3,0,0,3,1,3,0,64.400002,11.859431,1.362862,2.0794415,11.672114,1128,19.515886,119,127863
06037124105,8,3,1,0,0,6,5,0,68.800003,14.174313,1.5455951,2.0794415,11.201501,2944,10.517241,144,130382
06037124201,3,3,0,1,0,1,2,0,52.599998,15.218392,2.8826751,2.0794415,10.404624,1696.8086,9.4968109,260,121175
06037124203,4,2,0,1,1,0,0,0,62.400002,11.109908,0.78369906,2.0794415,10.019731,296,14.451261,66,127370
06037124204,2,6,0,1,2,1,4,0,70.599998,14.019158,0,2.0794415,9.5238094,3048,10.984848,210,127719
06037124300,6,8,0,1,2,6,8,0,60,16.231064,1.2784454,2.0794415,10.118803,2755.814,14.974183,521,120352
06037124400,16,10,0,5,1,10,8,1,51.599998,14.042864,1.2518778,1.7917595,14.426444,592.99194,13.939394,185,123134
06037124500,4,5,0,0,1,4,4,1,49,16.027882,2.2130888,1.366413,17.725239,958.33331,15.531336,138,87450
06037124600,21,4,2,6,2,26,4,0,51.299999,15.35644,3.0328095,1.4009885,12.892103,2932.8704,7.2526121,1294,83727
06037124700,14,11,0,5,6,51,6,0,54.900002,14.717927,4.5543266,1.8876784,12.111373,3423.0771,15.981409,993,107347
06037124902,6,4,0,0,3,9,9,0,67.900002,15,1.4342058,1.7917595,13.088794,3778.626,18.417368,586,125248
06037124903,9,5,1,3,3,12,1,0,71.699997,13.853573,1.9908987,1.7917595,12.236533,2708.3335,11.268344,273,123484
06037125100,29,11,0,2,1,12,9,0,53.900002,15.35844,2.4187975,2.0268531,13.857739,1858.2834,7.5000005,724,124731
06037125200,9,3,0,2,6,1,3,2,48.099998,16.540199,2.9388191,2.0794415,12.01474,1367.7932,14.418066,398,123326
06037125310,23,10,0,0,4,6,5,0,72,15.700168,3.3743071,2.0794415,10.105786,4063.8821,12.062577,511,115205
06037125320,14,14,2,3,5,13,3,0,75.599998,14.003759,2.3121387,2.0794415,10.86685,7844.2622,13.151535,1077,120061
06037125401,20,18,2,2,8,4,1,0,79.199997,15.202161,2.3917087,2.0794415,11.203626,9870.1299,19.060869,1414,127555
06037125402,15,11,2,5,4,15,3,1,62.200001,15.732924,2.2154528,2.0819829,11.4576,3832.7139,10.756646,365,136299
06037125501,11,7,3,1,1,7,5,0,64.400002,16.145985,0.89793475,2.0794415,12.022146,2659.2178,14.225351,160,124805
06037125502,12,3,0,1,2,3,2,0,62.299999,15.023355,0.71505184,2.1293497,12.074872,2301.9802,10.1227,244,134068
06037125600,8,3,1,2,0,7,2,0,48.099998,13.636055,0.76103501,2.1870477,11.999958,610.12659,12.868853,204,130738
06037127102,15,10,1,3,2,9,10,0,60.200001,15.659972,1.4611872,1.3862944,14.399305,4141.5664,10.746484,1040,79682
06037127103,2,1,0,1,1,8,2,0,62.799999,15.667,1.3486177,1.3862944,8.6340475,1759.2592,13.07233,150,78369
06037127104,1,3,1,1,0,0,1,0,58.700001,13.993868,0.97465887,1.3230186,7.4284358,1289.3773,26.706589,199,81344
06037127210,23,8,0,0,9,4,6,0,63.400002,14.369316,3.2626427,1.9019449,17.934547,5028.5713,13.544668,608,82727
06037127220,7,6,0,0,9,7,4,0,56.799999,12.299642,1.1494253,1.5977328,16.018112,1075.3969,14.344261,294,78555
06037127300,7,8,0,2,5,9,5,0,55.200001,15.399458,2.039429,2.1832235,15.572059,3176.4707,20.928339,384,82489
06037127400,30,7,3,2,4,8,4,0,67.099998,15.379465,3.1186652,2.276284,10.748435,7449.6401,10.175438,1418,80000
06037127520,9,8,0,0,2,1,5,0,70.099998,14.26695,1.3161358,2.0794415,9.1360331,4842.8569,17.697336,395,81596
06037127603,11,2,0,0,0,0,3,0,57,14.479528,1.662234,2.3400211,10.941976,2473.054,15.67477,200,77160
06037127604,6,1,3,2,1,2,1,0,56.200001,15.333,0.7315289,2.3978951,11.147402,4869.0479,12.757476,577,76682
06037127605,10,2,0,3,2,4,2,0,41.400002,14.334939,1.8018018,2.2960753,11.343884,1911.6466,15.421687,311,73863
06037127606,6,1,0,1,0,2,2,0,50.099998,11.787049,1.0893246,2.2192574,9.4388933,284.3602,12.854031,54,76615
06037127711,11,13,1,1,0,6,0,0,46.400002,13.924059,3.3907884,1.9736421,8.5714283,2126.0273,15.060559,598,71352
06037127712,2,9,0,2,3,7,2,1,48.099998,14.762825,2.1731257,2.0949876,10.11373,6123.2876,27.439472,1566,78868
06037127803,2,4,0,4,5,33,0,0,56.200001,15.94546,1.5243902,1.6197715,13.362131,2489.8787,15.757906,613,74922
06037127804,5,1,4,1,0,32,4,0,56.900002,13.5,0.51907604,1.7344751,13.220945,10788.617,13.60179,2713,80289
06037127805,1,11,1,2,3,76,6,0,55.700001,12.675104,1.7941242,1.7744508,9.5550327,3531.6455,23.222223,641,74931
06037127806,3,4,1,0,5,20,6,0,54.799999,16.044565,2.0378457,1.6288036,10.901317,4939.394,14.733542,735,74438
06037127910,6,4,1,2,7,18,3,0,60.799999,14.732595,1.2818165,1.3101217,12.154696,4541.833,17.113565,592,81861
06037127920,6,4,0,0,0,2,2,0,51.700001,14.313196,1.6291067,1.1267742,10.493003,1292,12.31743,466,82866
06037128101,4,7,0,2,1,4,9,0,47.099998,14.213042,1.6722408,1.1807759,14.807562,784.8606,22.585838,236,84534
06037128102,27,13,2,1,8,36,9,0,55.900002,15.214853,1.5250545,1.3749113,13.692105,3490.04,22.044174,778,75347
06037128210,27,14,1,5,8,23,8,3,67.199997,14.189325,1.4253716,1.3862944,15.579614,2665.0945,22.5791,679,77660
06037128220,3,1,0,0,1,5,2,0,49.700001,13.902648,0.96401028,1.3862944,19.58325,1409.3022,12.5,336,78407
06037128302,12,1,2,0,7,2,2,0,63.400002,13.998211,1.4412189,1.4922702,11.342923,4947.3682,13.407016,394,72680
06037128303,17,6,1,2,6,17,3,1,69.699997,17.058771,1.6643551,1.3862944,11.410721,7543.75,18.425983,604,75518
06037128400,32,9,0,6,5,10,5,0,62.400002,15.96239,5.0970874,1.3868371,6.1369109,6939.9399,13.739305,2538,73231
06037128500,17,5,1,3,3,10,4,0,58.799999,16.363316,2.5303644,1.2911085,12.195324,3071.8086,11.59612,251,72361
06037128601,12,6,0,2,1,2,5,0,58.900002,17.045059,2.988792,1.3862944,19.140404,1574.1444,20.095467,222,76873
06037128602,10,6,0,2,3,1,5,0,47.5,13.985528,3.0716724,1.1754068,18.622627,497.71689,21.508545,216,76130
06037128702,92,16,5,10,3,83,6,0,50,15.078177,4.002183,1.10254,10.145796,5381.7036,16.423126,855,71652
06037128801,7,1,0,2,4,11,4,0,61,15.305607,1.8248175,1.3862944,3.807776,4373.6841,20.623917,925,69267
06037128802,16,7,0,1,1,9,3,0,58.299999,14.941988,1.3534852,1.372967,6.3143978,2872,22.246065,513,72271
06037128910,33,9,1,11,2,96,3,0,53.299999,15.361868,2.8449502,1.241004,5.4383759,3860.2795,12.983425,1713,69989
06037131010,5,1,0,1,7,24,2,0,46.400002,13.422021,0.93574548,2.3978953,14.799973,818.62744,10.794602,396,96470
06037131020,20,18,0,3,3,22,4,0,50,17.061314,2.6923077,2.3025851,14.780605,2125,10.369367,622,100399
06037131100,4,1,0,2,2,1,2,0,48.599998,13.61225,2.0983213,2.3809032,11.443699,607.05878,20.877743,144,89068
06037131200,5,0,0,1,1,4,1,0,46.099998,13.516371,1.7657446,2.3978953,11.078723,550.45874,13.75,282,92453
06037131300,7,5,0,2,4,1,4,0,53.5,14.017563,1.4201664,2.3978953,10.953231,539.35187,22.372309,134,94705
06037131400,8,6,0,0,7,105,7,0,51.599998,14.160112,1.2776054,2.3978953,13.307056,6088.9932,19.877468,2568,95567
06037131600,10,6,0,2,3,4,4,0,42.5,13.700154,2.2972257,2.3574951,10.895239,948.9917,19.166288,524,89824
06037131701,4,6,2,3,4,6,1,0,52.299999,13.735523,1.4019627,2.3025851,7.2815614,784.31372,13.462446,179,91724
06037131702,4,4,0,0,3,11,2,0,49.200001,13.531797,2.0759193,2.3025851,11.941403,418.77255,19.529837,104,96365
06037131800,22,11,0,4,12,20,9,1,51.299999,16.140932,2.3610607,2.3035924,14.540382,1816.9291,20.397816,371,103920
06037131900,16,13,2,1,6,10,8,0,50.099998,15.146636,2.8277116,2.2471499,11.980567,1308.4479,14.904761,322,97726
06037132001,7,2,0,0,2,1,3,0,46.599998,13.574564,3.0873726,2.3003573,8.8000622,989.30475,12.016022,303,89219
06037132002,7,7,0,0,0,10,6,0,45.599998,14.869562,4.3330238,2.2823267,10.089235,3506.4727,10.8155,2809,88433
06037132101,6,3,0,0,0,5,0,0,50.5,13.493526,1.3658092,2.3590467,10.062812,1479.2333,17.571058,84,75480
06037132102,20,17,0,5,8,11,9,1,55.700001,15.653565,2.9610829,2.2695732,9.9480124,4805.293,19.985413,1238,76495
06037132300,38,18,3,1,2,39,8,0,57.799999,16.15843,1.7854486,2.2958961,10.345538,3704.4536,10.324162,1266,106443
06037132501,3,0,0,0,1,3,0,0,53.299999,13.848878,1.9858156,2.3025851,11.481249,3311.1111,9.5568609,835,99144
06037132502,4,3,0,1,5,5,2,1,52.799999,13.166999,1.337256,2.2388184,8.2678442,1012.6582,12.347117,377,93257
06037132700,6,9,0,0,7,13,4,0,51.5,14.099133,2.5475211,2.2663279,7.3455548,1049.4071,15.825788,499,106257
06037132900,11,6,0,0,1,6,2,0,46.200001,14.72616,2.4370431,2.1662655,8.5032568,466.08316,23.100872,250,96343
06037133000,7,4,0,1,2,1,2,0,53.200001,15.194226,1.9810698,2.2280176,7.1559887,994.80524,16.642193,318,90768
06037133100,5,7,0,2,5,32,2,0,51.700001,14.458428,2.5170802,2.0689504,8.3176584,2119.863,13.966883,1097,95346
06037134001,9,10,0,0,0,10,1,1,56.299999,15.16012,2.002002,1.9459101,4.6489296,1875,9.4752188,197,75879
06037134002,6,2,0,1,6,3,2,0,51.5,15.939289,2.2547914,1.9459101,6.5858316,1510.4894,12.265585,473,76263
06037134101,6,4,0,1,2,4,3,0,49.200001,14.011099,1.6111708,2.3438196,9.8896103,469.58636,21.091049,172,85243
06037134103,4,5,1,0,4,3,2,0,50.200001,13.905885,1.4409222,2.2112501,9.9179363,559.70148,17.592161,175,80809
06037134104,3,2,0,0,4,2,0,0,51.5,14.81222,0.66874721,2.2299747,9.0279655,1416,13.950144,244,85469
06037134201,19,16,1,3,3,8,7,0,54.799999,14.422846,3.2369942,1.9894698,5.82723,3438.7209,15.917969,231,75839
06037134302,8,4,1,1,1,3,0,0,49.799999,14.0099,2.8140189,1.2159311,3.1609476,352.58966,15.071633,115,63428
06037134303,21,17,3,2,11,32,9,0,52.200001,15.833025,2.4649223,1.2063885,3.2265227,2281.198,17.422434,884,72812
06037134304,7,8,1,0,2,15,4,0,45.599998,15.553272,2.7359781,1.7161802,1.2578616,1723.3503,13.916667,465,66426
06037134305,9,2,0,0,1,1,1,0,61.700001,12.833,0.88047546,1.7917595,1.2578616,5847.8262,14.936823,160,73966
06037134306,11,4,0,1,0,1,1,0,61.799999,15.333,1.011378,1.7917595,1.2586004,3297.0713,13.516261,290,73650
06037134421,10,0,0,0,2,11,1,0,38.099998,8,0,-0.52824771,4.4920721,243.93204,13.757576,114,60571
06037134422,16,9,0,4,7,186,3,0,43.799999,14.031371,3.974064,0.3580254,5.1372175,2086.4744,15.964831,2015,63182
06037134423,1,1,0,2,0,0,1,0,44,13.973312,0.27731559,0.90919346,4.4380822,560.5307,22.001244,181,65023
06037134424,4,0,0,3,0,9,2,0,15.3,5.82447,0,0.48244432,4.8921766,153.52408,20.320406,158,58171
06037134520,53,14,2,1,3,12,8,0,62.799999,16.540583,2.0988361,1.6303483,4.1463017,6286.1035,9.0846281,1260,74086
06037134521,11,1,0,0,2,0,3,0,61.299999,16.667,0.9596929,1.9408622,4.0863419,3955.8821,10.017996,112,74761
06037134522,20,5,0,3,3,10,2,0,55,16.5,2.6410564,1.7699385,3.1885264,4071.4285,9.9830799,488,68818
06037134710,0,7,0,0,3,2,3,0,55.400002,12.848123,0.7423905,2.1260884,8.8945856,529.68036,14.661654,69,78916
06037134720,14,9,0,1,4,15,14,0,56.400002,14.462507,2.0828994,2.237334,8.418889,1348.1676,10.134529,336,85481
06037134800,13,11,0,1,4,10,5,1,51.400002,14.202781,2.3407457,2.0650744,9.144309,1036.2117,11.054638,463,82152
06037134901,14,2,1,3,2,3,1,0,52.400002,14.276225,2.8760426,2.0396624,11.864802,1488.9435,19.917696,221,88375
06037134903,19,4,0,1,0,5,3,0,65.599998,13.833,2.6425897,1.8708613,5.4084148,8013.7617,16.278393,255,73634
06037134904,4,2,0,2,4,4,2,0,50.5,13.878398,3.0296473,1.9459101,8.8236752,711.0553,6.4810791,260,78522
06037134905,23,15,4,5,2,23,4,1,37.799999,15.333,9.7125097,1.0986123,10.399244,7210.21,18.718594,5638,74402
06037135102,12,6,0,5,5,14,3,0,45,15.131399,3.6775106,0.29890233,10.376113,1279.9377,15.421398,967,66356
06037135111,17,4,2,2,4,7,3,0,48.900002,14.225499,3.9190072,0.92050946,4.7285066,1477.387,20.886501,373,71988
06037135113,23,8,3,4,3,7,7,0,53.700001,16.167,4.5742435,0.30538169,13.796507,12504.032,12.5621,2448,69333
06037135114,139,37,3,3,1,62,10,1,68.5,12.617419,5.9633028,0.68269414,9.4990826,14989.754,16.729502,3394,73005
06037135201,28,14,2,1,0,4,10,0,48.799999,15.062868,4.9656226,0,9.4921083,3346.8696,15.707236,296,63365
06037135202,19,7,2,3,5,11,7,2,47.5,14.113182,3.330373,-0.21976438,10.836257,939.79443,19.026548,412,53332
06037135203,22,5,0,5,7,17,7,0,30,12.838076,2.539428,-2.9343634,11.728204,346.9505,24.069319,337,50257
06037137103,17,12,10,15,2,15,8,0,53.599998,12.59454,2.1680217,0.56644171,9.1797962,22081.91,7.5773373,5292,69312
06037137104,18,4,5,10,2,105,1,0,47.400002,12.403034,4.7152702,1.0986123,19.084612,12979.818,27.560797,12796,65629
06037137201,37,17,1,6,9,28,5,0,45.299999,15.844428,2.1489971,0,12.886876,3172.7273,12.242687,1715,59023
06037137301,7,1,0,2,2,3,1,0,29.5,8.8330002,0.47125353,-0.25305814,20.360144,331.71524,21.695257,108,54237
06037137302,23,3,0,1,4,7,3,1,40.599998,12.745084,1.5270506,-13.815511,17.994799,371.42859,13.65936,220,45607
06037137401,26,9,3,4,5,24,2,1,28.1,12.907104,2.8866971,0,10.207534,2007.6838,25.127914,1458,49004
06037137402,14,10,4,4,2,9,3,0,35.700001,14.375675,2.7610849,0,12.261984,1162.1848,16.968185,759,44871
06037137501,50,20,4,8,8,67,14,0,38.200001,15.537745,4.5571062,1.0688608,16.676273,3641.2371,22.239832,2342,63423
06037137502,60,29,3,16,7,48,15,1,37.900002,16.50786,3.6439355,0.29312992,11.347631,6061.958,22.491175,1393,55058
06037137504,3,0,0,2,1,13,0,0,10.1,6.1669998,0,1.1093874,16.323147,51.956814,14.301676,52,52852
06037138000,28,4,0,3,0,11,7,0,14.3,9.6468534,0.43402778,0.23196237,11.859207,261.72552,27.106815,163,50369
06037139001,11,4,1,3,3,24,4,0,52.299999,13.572629,2.9927319,1.9656761,10.580348,784.96869,18.555241,222,82925
06037139200,9,4,0,6,7,7,2,0,50,14.065989,1.7942584,2.0115986,9.5320044,640.44946,19.864109,275,90843
06037139301,27,7,1,5,2,9,4,0,36.200001,14.196026,2.5984409,1.8700656,10.309883,799.27673,20.31687,690,84053
06037139302,5,2,0,0,2,3,0,0,70.199997,11.928104,0.72551391,2.0794415,8.6554432,5122.1377,12.866449,594,95107
06037139303,16,4,0,2,1,2,6,0,68.900002,12.533364,0.64697002,2.0794415,7.5365939,3325,20.861677,338,95716
06037139401,52,31,8,9,9,242,15,0,60.799999,17.541031,6.3164894,1.6945957,8.1169395,13505.715,23.497688,3086,79721
06037139402,40,37,2,10,4,44,14,0,37.200001,15.166701,2.5,1.3552976,10.327408,3162.0762,22.37838,1724,69412
06037139502,16,9,0,1,6,81,9,1,51.799999,16.728424,2.3696682,1.5358828,8.4649754,1809.4059,17.774458,397,81810
06037139503,8,2,0,2,1,5,5,0,72.699997,13.163587,0.63078217,1.6094379,8.7719297,3448.5293,11.839167,431,83433
06037139504,9,4,0,0,0,15,1,0,73.400002,12.172672,0.94369299,1.6094379,8.7719297,2660.7141,12.267251,367,82722
06037139600,56,47,9,12,9,140,18,1,41.700001,16.005119,3.1391014,1.7277937,11.03448,3738.7668,15.907208,2435,71650
06037139701,55,48,19,23,15,405,24,1,34.5,14.5123,2.6406663,1.6342908,11.144644,6352.896,7.5837741,7350,59489
06037139702,18,6,0,6,4,39,1,0,14.7,7.0465441,0,1.5555334,10.900115,121.74422,14.753344,361,46899
06037139703,12,2,1,1,0,22,1,0,14.1,6.3330002,0,1.3247365,8.3217182,149.50713,15.578765,258,59388
06037139801,11,4,0,2,0,15,0,0,23.200001,7.5,0,1.3680949,8.3217382,231.80212,17.432646,246,62675
06037139802,12,1,0,2,3,23,1,0,14,7.3330002,0,1.2411124,12.320354,79.710144,23.577749,178,53930
06037141101,16,15,0,5,2,16,5,1,60.299999,14.674685,1.1163206,1.439038,11.604477,3457.7463,13.000367,568,77993
06037141102,45,18,0,4,5,13,3,0,50.200001,16.780102,3.6900369,1.3425214,10.757787,3783.7837,6.4388962,659,75841
06037141201,29,13,4,5,3,22,6,3,65.699997,16.306774,2.4664292,1.0986123,11.48149,7425.373,12.218268,1328,69914
06037141202,29,15,1,7,3,17,3,0,46.099998,13.412017,1.5174507,1.5899357,11.124167,5248.1479,10.86262,1103,66074
06037141302,64,32,10,13,11,47,7,1,52.299999,16.022919,2.1447721,1.107581,4.0598483,15213.85,15.203357,5130,64600
06037141303,8,2,1,0,1,5,4,0,74.5,13.333,0.31007752,1.0986123,5.6292868,3970.2969,15.486726,207,68549
06037141304,32,26,4,3,0,25,2,0,54.200001,16.394201,2.2172949,1.2770951,6.1258631,6665.4546,2.1769664,892,65654
06037141400,39,40,12,26,10,182,14,1,46.599998,15.395091,1.6806723,1.4823871,6.8742852,9941.8604,11.286781,5295,62683
06037141500,9,3,0,6,1,25,1,0,24.6,6.5,0.33613445,1.6922088,9.2271776,345.49689,11.824015,468,57540
06037141600,7,3,0,1,0,17,3,0,18.299999,5.6702204,0,1.9002048,6.2327628,138.53397,10.323763,105,61625
06037141700,5,2,1,2,2,10,3,0,14.2,5.7413192,0,1.9673641,8.0770788,271.56549,10.942492,344,76844
06037143100,28,34,6,9,2,44,8,0,40,16.130133,3.7655919,2.3248405,12.032334,2717.2932,11.039742,710,155214
06037143200,16,4,1,6,5,16,5,0,58.299999,15.708598,2.0481311,2.1750751,11.956632,2386.4866,14.074355,693,143469
06037143300,21,10,0,10,5,10,10,0,51.400002,13.477167,1.3225327,1.9698739,12.712435,1155.416,5.9164381,394,136867
06037143400,19,10,0,8,5,28,7,2,48.299999,13.741053,0.81195193,1.8361344,10.56328,1366.6169,17.204611,808,109828
06037143500,21,7,0,3,4,14,3,0,45.799999,14.058961,1.7174753,1.8597101,10.662526,645.65216,12.857143,198,90248
06037143602,16,14,2,4,2,10,2,1,56,15.13871,1.4221379,1.876994,12.198111,3165.1584,13.382353,890,135246
06037143603,6,2,1,0,0,2,3,0,49.400002,14.667,1.843318,2.2282207,12.479733,2005.2632,10.977444,225,153106
06037143604,8,6,0,1,3,7,1,0,62.799999,14.559037,3.3944331,2.4234786,12.08025,4364.0776,7.738749,507,158461
06037143700,32,20,1,12,5,17,5,1,25.700001,11.098671,4.0103122,2.5702746,12.129071,13147.44,12.795751,20298,192022
06037143800,59,46,2,11,4,28,11,2,31.5,14.523066,4.8492515,2.251225,12.461904,2909.6326,10.57124,1161,157341
06037143901,85,32,7,9,4,59,16,2,17.799999,14.284076,6.1500615,2.3315465,12.300912,1572.0588,19.567827,1577,147845
06037143902,25,18,1,7,0,21,5,0,16.799999,13.748148,1.8587361,2.1528382,10.969406,1069.8152,9.9730463,642,118078
06037181000,14,9,4,4,8,18,1,0,33.200001,14.606933,2.9944838,2.2022092,11.437898,1219.4199,15.153816,1650,93841
06037181300,26,13,0,3,2,8,3,0,43.599998,11.39159,1.8271992,2.0016773,3.0716939,1866.9065,13.304949,249,102004
06037181400,23,31,1,3,12,20,5,1,58.799999,17.57662,3.0624745,2.2049723,9.1134691,3185.8408,8.8637438,574,103859
06037181500,13,7,1,2,4,5,5,0,43.599998,15.553317,3.1779661,2.5127728,15.39994,1983.4515,11.193634,264,103956
06037181600,7,4,0,1,2,7,1,1,38.5,13.213,1.6309413,2.2701259,4.0852866,2248.4473,12.138728,1258,111073
06037183101,9,5,1,0,5,1,6,0,47.400002,14.444901,3.030303,2.6489182,8.8593197,964.4809,15.013849,178,108501
06037183103,5,1,0,1,3,1,0,0,54.700001,12.509565,1.6094421,2.6104746,7.7543664,331.98383,13.677666,77,107092
06037183104,4,1,0,2,1,1,0,0,40.700001,14.333,0.47505938,2.6577528,8.4931526,616.27911,20.333988,144,100981
06037183220,4,1,0,0,2,4,4,0,62.900002,16.427683,1.357159,2.5010843,6.1937547,2082.1255,19.20042,319,123164
06037183221,4,1,0,1,1,2,0,0,34.700001,12.778178,0.9009009,2.5613401,11.688725,1065.9341,10.044785,280,111523
06037183222,4,4,0,3,1,0,1,0,33.900002,12.267398,1.4697237,2.5609751,13.371597,438.54749,13.390663,152,112458
06037183300,5,5,0,0,9,5,6,0,65.800003,15.128239,1.734104,2.5455949,3.3683901,1148.3253,5.8933001,127,119512
06037183401,12,5,1,2,1,8,0,0,59.5,16.447464,1.6977929,2.4515984,2.2845478,1529.4117,14.005353,149,123145
06037183402,9,7,0,3,2,5,4,0,68,16.611256,1.8796992,2.3395619,2.0148499,2207.0708,7.5624576,315,128575
06037183510,0,0,0,0,1,0,2,0,55.299999,12.130727,0,2.8173141,4.3177638,937.82379,13.523666,184,235368
06037183520,1,0,0,1,2,0,0,0,55.700001,14.909052,0.5279831,2.899195,5.3685937,1630.303,9.0699463,279,254122
06037183610,10,4,0,0,3,3,3,0,65.199997,16.906788,1.7142857,2.7028973,4.3119321,2164.3835,15.701929,79,234032
06037183620,5,7,0,1,8,5,2,0,58.900002,16.623705,3.1312269,2.5780523,4.4160204,1045,10.207101,92,122372
06037183701,13,4,1,0,3,3,4,1,56.299999,13.327731,2.4323503,2.8048813,4.4466815,1605.6338,17.476732,212,227060
06037183702,4,4,0,2,1,4,6,0,40.200001,13.713448,2.2335673,2.7957425,4.5717106,396.39639,10.928144,119,230331
06037183810,13,9,1,1,7,9,6,0,71.300003,17.633121,3.1722792,2.9453399,4.7563534,3238.6365,13.83975,315,258099
06037183820,1,1,0,1,1,2,2,0,65.400002,11.988176,0.27218291,3.0050607,4.3087435,411.76471,16.710876,62,255674
06037185100,11,3,0,4,4,5,4,0,28.9,12.662843,2.7419355,2.8398461,6.37361,535.22729,13.906057,591,318709
06037185202,2,2,0,2,0,1,0,0,25.6,12.595583,0.83079479,2.9218764,5.092474,274.67813,14.419915,53,331816
06037185203,2,5,0,0,4,1,5,0,58.700001,14.021304,3.5415325,3.0264695,3.7368715,2995.283,16.645807,72,334883
06037185204,4,1,0,0,1,1,1,0,22.1,7.9468594,0,2.9705946,6.4837632,206.98924,11.799066,94,321647
06037185310,3,3,0,0,2,0,2,0,67.900002,15.829162,1.7735738,2.9468069,4.5067306,1251.5337,12.718964,177,335165
06037185320,2,1,0,1,2,1,3,1,72.099998,16.911819,4.5572917,2.992614,3.5316694,5563.8765,16.97831,184,339338
06037186100,8,5,0,0,4,6,4,0,49.299999,14.422388,2.3196963,2.2976644,4.6305666,417.30771,22.799835,314,112169
06037186201,4,6,0,3,3,8,3,0,55,16.667,2.3664638,2.5580883,1.9330826,2138.6138,29.994244,340,233276
06037186202,4,4,0,1,2,5,3,0,57,15.596536,2.2922636,2.7704151,4.1571302,1348.1012,18.112799,64,253470
06037186203,2,0,0,0,2,0,2,0,34.799999,9.6514263,0,2.7839987,3.4968843,153.84616,14.092665,47,270319
06037186301,4,0,0,0,1,1,1,0,24.200001,8.4689293,0.3599712,2.740696,7.0252094,178.17372,15.729538,104,257875
06037186302,15,3,0,4,3,5,3,0,35,12.115884,2.1513788,2.958287,6.9935174,609.83099,12.1176,96,305343
06037186401,15,7,0,1,3,4,6,0,80.099998,15.149573,1.0551306,2.7976871,7.1384702,6229.1108,20.931639,900,304756
06037186403,0,1,0,1,1,0,2,0,67.5,14.768734,3.0539532,2.9877641,7.0632372,1468.8995,10.522214,115,314136
06037186404,1,2,0,0,4,6,1,0,62.099998,15.790281,2.6189437,3.0123851,6.2673435,3387.0967,11.236749,120,319338
06037187101,23,15,2,2,5,18,7,1,66.599998,16.269409,1.6644474,2.9132075,3.3097551,2333.3333,10.026041,253,335225
06037187102,14,12,1,0,3,2,6,0,60,13.551044,3.6447979,2.97946,5.6105947,4421.3999,17.706821,1184,334042
06037187200,6,3,1,0,3,1,0,0,67.800003,14.12916,0.65402224,3.0207059,5.5805321,1785.9155,15.138888,177,337903
06037187300,13,6,2,0,4,5,7,0,48.200001,16.378992,4.9118752,3.0006452,7.188808,1509.9778,9.0801888,187,351416
06037188100,10,5,0,2,9,4,3,0,70.300003,14.575262,3.1607099,2.6292865,1.8199176,6047.9116,12.202926,997,131619
06037188201,7,4,0,4,6,13,2,0,51.299999,12.336547,3.9609994,3.0334089,1.6978621,1195.8762,8.916256,149,361025
06037188202,6,1,0,4,1,8,0,0,35.200001,11.63789,1.9135094,3.0075586,2.395472,341.29691,10.00878,379,354455
06037188300,15,13,1,4,5,19,4,0,64,15.531733,3.2983508,2.8977318,2.0146382,2240,23.588924,406,296502
06037189101,27,32,4,3,7,11,4,1,79.199997,16.108929,1.4159292,3.0363257,16.32653,6751.6343,4.6751189,367,375978
06037189102,7,17,2,2,5,11,4,0,50.099998,15.303978,1.4487505,2.9888418,15.938287,2543.5686,10.645527,212,355513
06037189201,4,10,1,1,7,3,0,0,82.900002,15.129977,1.2738854,2.9957323,16.968494,4388.8887,11.630322,551,381767
06037189202,4,1,0,3,3,11,3,0,37.599998,13.194304,1.1115228,2.9071386,17.715759,325.81454,6.9252081,149,359008
06037189300,11,6,0,2,1,12,2,1,29.9,10.888914,0,2.7133801,18.173861,861.0354,9.6078434,216,218907
06037189400,10,2,0,1,1,6,3,0,22.6,8.2037697,0,2.7085791,14.252956,445.43826,8.8360758,115,207241
06037189500,15,8,0,2,5,1,4,0,56.900002,14.072803,0,2.6390574,20.471399,3733.6245,5.7897172,276,203612
06037189600,12,4,0,2,5,5,1,0,38.5,11.658023,1.2939959,2.6577752,20.310799,419.66428,4.0590405,131,202742
06037189701,14,3,2,5,3,11,1,0,17.299999,12.226096,2.7506877,2.4592085,13.505768,558.15466,11.754781,538,193637
06037189702,5,6,0,3,0,3,1,0,26.799999,14.5,2.6929982,2.6143277,22.471077,2728.7234,12.090163,1403,200937
06037189800,26,19,3,3,1,14,3,0,62.700001,17.100969,2.6960784,2.8119812,12.934629,6457.4468,13.22537,856,212326
06037189902,35,21,0,9,1,10,8,3,78.800003,14.482034,1.0092854,2.7274828,20.646511,6602.8369,8.0801554,474,211358
06037189903,3,2,0,1,0,2,1,0,80.5,12.5,0.48285852,2.6320887,26.937738,4750,11.248966,117,214277
06037189904,10,6,1,2,4,8,5,0,82.900002,17.667,1.6750419,2.6857374,27.071865,7500,7.8163772,209,210987
06037189905,11,2,0,1,3,7,4,0,66.300003,16.820539,1.9127774,2.6476545,21.94902,6930,16.843702,282,210179
06037190100,60,44,2,5,4,24,14,0,78.599998,17.495014,4.108651,2.6806583,25.938236,34094.828,16.574991,3119,191136
06037190201,13,17,0,0,1,1,5,0,86.5,17.325308,3.1937544,2.7080503,20.189873,11681.818,19.507576,846,207339
06037190202,11,13,0,4,1,4,8,0,80.900002,15.905247,0.60368246,2.7080503,19.593119,9182.9268,10.53787,466,205361
06037190301,12,9,0,1,4,3,4,0,78.099998,14.410204,1.117818,2.7047362,12.047834,3448.7178,10.848312,449,250097
06037190401,5,1,0,0,0,0,2,0,84.300003,12.330591,0.61823802,2.9213207,21.212122,3624.9998,5.5311127,307,391769
06037190402,5,2,0,0,1,0,0,0,85.900002,15.333,0.91617041,2.7386711,20.625824,11622.951,13.570274,332,385060
06037190510,22,14,1,1,8,5,8,1,80.300003,15.451867,1.5459364,2.7721188,11.103615,6186.9917,12.104363,441,381180
06037190520,13,18,0,0,0,6,5,0,81.699997,15.255239,1.0245902,3.002964,14.725641,7212.7661,10.30303,545,391307
06037190700,89,53,0,11,13,16,7,2,80.400002,17.895138,4.9782203,2.7080503,20.776014,19068.549,10.353228,2938,198565
06037190801,16,29,1,3,2,7,4,1,77.699997,18.216522,1.9723866,2.7438242,21.316526,19376,22.245764,2408,269452
06037190802,7,8,2,1,4,13,3,1,78,17.670567,3.20627,2.6837511,24.390244,13994.682,10.124224,1653,215743
06037190901,17,0,0,1,0,2,8,0,76.300003,14.807117,1.5625,2.9185412,14.131548,4687.8306,18.39348,465,381222
06037190902,5,6,1,1,3,2,4,0,79,14.958348,0.96641701,2.732214,13.619797,7228.7236,16.499737,2075,380352
06037191000,13,19,2,4,9,8,7,0,80.300003,15.590226,4.2170368,2.6808949,13.361587,17288,17.592234,3066,220807
06037191110,5,12,1,0,4,14,8,0,79.099998,16.94384,1.4132278,3.0017979,14.133641,27971.43,10.834426,550,395896
06037191120,4,1,0,2,4,4,7,0,75.800003,15.136327,1.6694491,3.0003757,10.646055,5612.2451,12.096361,965,394884
06037191201,14,22,1,3,11,166,9,1,76.900002,14.681948,2.8800658,2.990046,19.040461,38628.961,9.2788239,8018,385594
06037191203,9,7,0,1,2,10,2,0,77.199997,15.149609,1.1398176,2.9957323,7.2061429,2721.5188,5.9336824,187,389766
06037191204,4,1,0,0,1,0,1,0,73.800003,13.833,1.1043622,2.9902627,8.2083874,2461.5383,17.1875,279,394541
06037191301,10,6,1,0,5,6,7,1,74.300003,16.105076,3.343084,3.0139425,4.9231992,4500,18.766577,198,372092
06037191302,12,16,2,1,2,104,3,0,80.900002,17.008718,5.5084746,3.0163233,13.074059,39472.391,15.252622,6412,393387
06037191410,12,7,0,1,4,8,5,0,79.900002,14.652318,0.78973346,3.0341806,6.5661526,4125,22.172352,459,360735
06037191420,3,6,0,0,6,0,8,0,74.800003,14.852824,1.0863661,2.9926775,6.5573769,2761.3638,22.865414,95,372635
06037191500,11,6,0,0,3,6,12,0,73,13.127138,2.5835343,2.9231696,8.1217899,5548.3872,18.292683,1724,369683
06037191610,14,11,1,1,2,8,10,0,70.900002,16.584663,1.3149244,2.9790812,11.334407,2931.677,24.674721,142,388095
06037191620,1,6,0,0,2,17,8,0,75.599998,15.667,1.0221465,2.9957323,9.4541883,5852.2729,31.037277,410,389889
06037191710,5,4,0,0,1,5,1,0,62.900002,14.862479,2.3442733,2.9901202,13.498516,21187.498,15.044249,10007,387135
06037191720,9,6,0,0,1,4,3,0,77.699997,14.27221,1.4238253,3.0123923,10.976238,6196.0786,15.213574,442,385869
06037191810,16,7,0,1,1,4,5,0,82.300003,15.784915,1.1083403,2.7424536,13.444921,5929.4868,6.7517281,1052,261559
06037191820,14,6,1,1,1,0,2,0,78.800003,15.527464,2.6656512,2.745796,11.470778,8602.5635,10.47261,853,266203
06037191901,22,6,1,1,0,4,7,0,83.900002,18.333,2.1569156,2.7174156,24.862736,10464.883,9.3127489,1873,210410
06037191902,30,17,0,4,4,6,3,1,65.099998,18.086712,2.7339004,2.7190473,14.816446,4203.5713,7.90378,441,229020
06037192001,16,19,0,2,5,7,4,0,69.800003,18.13961,2.0483408,2.7599277,13.050431,6546.3413,3.0276816,737,212993
06037192002,97,24,0,0,3,8,6,1,63,17.919922,5.014626,2.820195,13.281398,4353.4741,5.4289546,699,211428
06037192300,20,11,2,8,5,52,2,2,44.400002,14.74183,4.1987404,2.7591054,9.6297426,4926.4707,4.2222219,1266,262002
06037192410,10,6,0,3,1,5,1,0,65.400002,14.537967,1.6703786,2.9479733,13.021454,1734.8485,6.7676768,308,377320
06037192420,5,11,0,1,7,2,3,0,75.699997,15.571469,1.54202,2.9444389,13.428222,2848,11.184724,184,390325
06037192510,15,16,1,3,18,9,8,0,77.900002,15.72935,1.5661707,2.9444389,10.997334,2022.7273,7.6882849,157,375501
06037192520,4,6,0,0,1,2,5,0,74.300003,14.626068,0.97924011,2.9385824,11.18046,1100.8403,14.810427,154,379092
06037192610,9,1,1,0,6,1,2,1,69.699997,12.654113,1.6817322,2.9162495,10.373599,2118.75,19.359756,324,368372
06037192620,1,5,0,0,2,2,0,0,77.300003,16.782511,1.6615896,2.9215398,11.004559,8148.9365,11.071428,667,379171
06037192700,2,7,1,2,9,7,7,0,70.199997,15.344961,3.7162162,2.9444389,13.348855,3234.1465,11.944445,377,361800
06037194101,6,0,0,2,0,11,2,0,12.2,10.833,0.32819166,2.562356,19.876066,131.36456,5.9020047,90,189176
06037194102,16,7,0,5,1,16,1,1,18.299999,10.004144,1.1560694,2.5498466,7.5445504,232.24852,9.5268536,231,194855
06037194200,12,9,1,8,1,15,3,1,18.700001,9.3891335,1.5060241,2.9734659,10.4025,851.74127,9.6809673,218,198203
06037194300,10,5,0,1,0,11,2,1,23.200001,9.2609024,0,2.9141006,13.49338,347.32425,8.2487307,314,210157
06037194401,38,7,1,3,0,7,7,0,70.199997,17.937626,2.07555,2.9865997,14.923103,6966.6665,3.5740879,642,243376
06037194402,73,23,0,2,1,8,9,0,71.5,17.647816,1.7605634,3.0429549,15.847944,8105.7271,3.5968213,760,229645
06037194500,16,18,0,0,3,15,5,0,66.199997,18.833,4.0196516,3.0658205,13.326633,8916.9814,7.5471697,820,238835
06037195100,18,17,0,6,1,20,9,0,37.900002,14.542154,4.2799058,3.0263803,1.5699518,1986.7769,6.5492325,590,352864
06037195201,7,1,0,1,2,5,0,0,61.5,15.954641,3.4794711,3.0480051,10.415115,2866.3794,19.583843,584,363726
06037195202,11,2,0,4,0,1,2,0,49.5,14.685991,2.1237864,3.0045288,9.5349455,1902.6549,15.03431,570,367906
06037195300,15,6,0,0,1,15,2,0,70.099998,14.904131,2.3550191,2.9988203,11.894276,4156.25,17.05044,573,376393
06037195400,25,18,1,2,4,7,4,1,51.400002,15.329028,2.050581,3.0653999,1.2819394,1399.4974,13.219349,349,362551
06037195500,15,7,0,4,3,10,1,2,49.200001,14.09312,2.15905,3.0664079,2.8276427,955.22388,12.504869,255,358421
06037195600,12,13,0,2,5,8,8,2,64.900002,15.467305,4.1867955,3.0445225,1.6906869,3490.196,12.881563,162,352111
06037195710,13,5,0,2,8,2,1,0,68.099998,17.016682,1.8967334,3.0030789,9.4135971,4128.3423,12.038442,519,350440
06037195720,2,3,2,1,8,7,2,0,67.800003,16.900917,3.021148,3.0153499,5.0494218,2288.2883,24.225122,90,347621
06037195802,4,4,0,0,5,1,4,0,68.300003,14.264794,2.7739251,2.9957323,14.420661,3045.1614,12.689969,407,359335
06037195803,6,3,0,1,3,3,7,0,58,15.289682,2.293578,3.0259585,7.5759258,917.80823,15.415282,94,357890
06037195804,3,6,0,0,0,2,3,0,64.099998,13.712146,1.5961692,3.0084767,4.5726929,938.46155,10.205581,84,353638
06037195901,19,10,0,1,0,4,2,0,60.400002,14.333,0.4100041,3.0212593,2.0641692,2276.7856,13.671539,170,365869
06037195902,8,4,0,1,2,9,1,0,54,13.553775,1.0309278,3.0445225,3.6905527,1671.8749,14.473684,69,362703
06037195903,4,0,0,1,1,0,2,0,65.599998,13.178014,1.1783189,2.9954627,13.227663,434.78259,9.8625708,47,364640
06037197200,3,0,0,0,3,0,0,0,66.400002,13.631769,2.979146,3.0320845,6.41044,1208.3334,14.51876,135,342592
06037197300,10,8,0,0,2,5,4,1,50.799999,13.550889,0.25297243,3.0948422,9.3346453,1268.7748,16.100628,321,351604
06037197410,8,5,0,2,3,9,5,0,35.400002,11.917645,3.9950062,3.0733333,14.681865,767.65802,8.4530163,369,355770
06037197420,8,5,0,0,1,4,7,0,59.599998,15.457356,2.6455026,3.0630243,4.710094,3058.8235,16.323822,447,357854
06037197500,16,7,2,1,11,9,9,0,57.900002,14.617798,2.3993602,3.0227232,1.8380305,1515.5555,14.246324,245,345035
06037197600,4,1,0,1,2,1,1,0,63.599998,14.331557,2.582867,3.0445225,4.0123539,1666.6666,2.9389019,79,339735
06037197700,8,4,1,0,4,8,9,0,56.700001,13.664296,0.723589,3.0445225,3.3977542,2826.5684,14.474708,614,353757
06037199000,22,10,1,1,12,1,9,0,75.599998,16.957382,5.4955839,2.9310505,5.5889773,5081.0347,18.242001,1308,332430
06037199110,2,0,0,0,1,0,3,0,24.200001,11.845528,2.5706941,2.7378633,5.8075266,189.65518,22.526936,58,299714
06037199120,6,7,0,1,0,0,2,0,61,16.431505,3.1408553,2.7080503,6.2572646,3711.5386,17.791006,988,312844
06037199201,11,8,2,2,7,2,4,1,72.699997,17.703913,2.0988806,2.8159547,6.1946168,2464.0522,11.103588,221,320604
06037199202,0,1,0,1,0,3,2,1,27.6,13.759394,3.8037277,2.7633033,6.1278563,654.8913,9.1533184,233,314663
06037199300,6,1,0,1,1,0,2,0,20,10.569803,1.9895548,2.8307679,4.732049,195.12195,23.085222,175,315488
06037199400,5,4,0,1,2,1,3,0,69.199997,15.539127,4.8154093,2.8517859,4.8788314,1525.0966,13.662338,178,322074
06037199700,15,9,2,2,1,9,5,0,77.099998,15.185028,3.3192517,2.9428191,4.9247131,6629.8345,10.595568,336,345655
06037199800,13,7,1,1,2,4,13,0,73.5,14.968755,1.2692656,2.8280072,5.6120787,3581.6736,20.641998,373,329180
06037199900,16,3,0,0,1,1,2,0,77.5,17.279869,4.917457,2.8695059,5.5723128,5608.187,18.953068,512,331889
06037201110,2,0,0,0,3,1,0,0,23.799999,11.777714,2.1543986,2.7076385,0.12167616,199.48849,11.866029,69,219673
06037201120,1,3,0,1,0,0,1,0,41.099998,11.922715,1.3525699,2.5799673,0,367.2131,15.462086,98,110695
06037201200,1,0,0,0,0,1,0,0,55.799999,16.333,0.69541029,2.8358722,1.7624992,1817.6471,16.029823,208,245895
06037201301,1,1,0,1,1,1,3,0,46.900002,14.91397,6.6977286,2.8230596,5.1484485,1074.184,19.006355,343,267197
06037201302,8,1,0,1,2,9,1,1,25,10.51539,1.9846895,2.8758147,2.4423006,315.92691,10.325838,121,226407
06037201401,7,2,0,0,5,3,6,1,34.5,14.702385,1.7367812,2.7654264,6.6691728,802.84552,8.5446005,346,289901
06037201402,8,4,0,3,2,2,3,0,44.099998,13.789257,2.672148,2.7283239,6.6802669,961.33331,12.989779,345,308105
06037201501,7,5,0,1,2,2,2,1,60.900002,14.115027,0.54141852,2.6839986,0.14625533,538.01166,14.362518,171,111012
06037201503,10,5,2,0,4,7,5,0,66.5,13.478312,1.2468828,2.8080733,1.1882129,1347.0588,23.451326,80,234889
06037201504,1,1,0,0,2,1,5,0,49.5,12,0.45745654,2.7916818,4.0054445,352.11267,8.814888,18,253409
06037201601,4,0,0,0,1,0,2,0,44.799999,13.167,1.9794141,2.7080503,6.2895374,444.97607,15.457116,45,249063
06037201602,6,2,1,0,0,3,3,0,61.299999,14.378331,1.3788349,2.7353687,4.2732153,3927.0071,10.942249,830,217784
06037201700,8,11,0,0,2,3,6,0,56.099998,13.113277,3.131524,2.6856222,6.1862931,4905.1987,11.406055,3490,238587
06037203100,1,0,0,0,2,0,3,0,62.900002,14.272951,1.0369141,2.7328107,2.8944571,1645.6692,14.691152,221,322832
06037203200,2,1,0,0,1,2,2,0,66.900002,13.536491,1.8244476,2.768254,2.130491,984.92462,13.757899,184,324097
06037203300,2,14,1,2,1,177,3,2,66.400002,13.333,14.946962,2.8176019,4.2440171,14577.392,10.583941,8062,322505
06037203500,7,9,0,2,5,77,2,2,74.199997,14.842012,5.417736,2.8036056,7.7374015,5093.5024,14.354067,2293,335156
06037203600,7,3,1,1,3,5,2,0,71.300003,16.742754,1.0146104,2.7645595,2.7212493,2271.0281,14.627011,494,322344
06037203710,1,0,0,0,4,0,5,1,72.5,12.994308,0.94846665,2.6788049,1.8987354,623.85321,22.059847,57,324519
06037203720,3,5,0,0,0,8,5,0,73.400002,14.700698,1.1436414,2.7031815,2.2804761,1725.8065,26.942354,145,323808
06037203800,4,7,0,0,5,1,6,0,66.699997,14.209559,0.41640641,2.6903384,1.7690252,920.21277,15.95265,171,332335
06037203900,9,10,1,0,0,2,12,0,68.900002,15.321048,3.1435557,2.6476676,2.7933018,1705.2024,13.717129,90,329930
06037204110,0,3,0,0,2,1,2,0,44.400002,13.38871,1.8861993,2.6974919,2.5375164,343.34766,10.671378,108,331462
06037204120,1,3,0,0,0,0,3,0,64.400002,13.180753,0.74571216,2.7080503,3.7055171,264.7059,8.0222397,55,330877
06037204200,5,5,0,0,0,7,4,1,72.599998,14.678089,1.6789792,2.7207623,1.9753848,1034.4828,20.273533,77,331432
06037204300,4,7,1,0,11,0,10,0,67.400002,14.270866,1.7695635,2.7308502,3.0035546,2084.6775,9.7326937,390,338226
06037204410,7,3,0,2,7,0,1,0,76.699997,15.949469,2.2614202,2.7725887,2.20696,4078.2607,21.639343,387,323427
06037204420,15,13,3,1,3,9,7,1,76.300003,17.030882,2.5773196,2.7725887,1.4267521,3435.8975,17.01932,379,333029
06037204600,7,4,0,0,2,3,5,0,64.5,16.139843,2.2916667,2.7725887,4.1804423,4105.9907,17.852604,1011,333362
06037204700,3,7,0,4,5,11,8,0,65.199997,15.178798,2.7297543,2.7276669,6.4661551,1266.6667,9.4234076,384,337127
06037204810,7,3,1,1,1,17,8,0,64.099998,15.435132,2.8797696,2.6943779,4.2999139,2437.7104,10.576057,426,326413
06037204820,0,2,0,0,3,0,1,0,68.599998,13.456093,3.3112583,2.6883008,2.5756767,266.12903,11.25,54,327662
06037204910,5,3,0,0,1,12,3,1,61.200001,17,2.6281209,2.5836232,3.6225538,1990,13.504611,278,331661
06037204920,17,10,0,0,0,1,3,0,85.300003,13.833,4.4659472,2.5733454,2.1514652,4310.541,7.6263108,292,328654
06037205110,2,7,1,1,0,0,4,0,52.200001,16.667,1.6038492,2.7299645,3.9312704,2756.7568,11.870296,158,329651
06037205120,70,11,1,0,3,2,10,0,85.400002,16.652494,8.4010081,2.6907856,2.3987796,4514.1343,10.290651,533,328294
06037206010,16,13,1,6,9,4,10,0,58.900002,14.927226,5.7374283,2.973676,4.7691402,3894.1606,21.110243,369,346731
06037206020,1,7,1,4,0,4,1,2,79.900002,12.5,3.1515484,2.9444389,10.434783,11756.924,21.09375,814,344464
06037206031,192,37,2,8,11,9,56,1,87.699997,15.573073,11.330409,2.9021583,8.7875023,7873.168,9.3861208,3305,328326
06037206032,10,10,0,4,1,0,6,0,76.699997,16.811527,1.6923656,2.8232117,8.1698465,4351.3511,11.012184,472,334617
06037206050,42,3,0,1,0,6,5,0,78.199997,14.667,8.1231295,2.8025095,3.8239951,5919.6851,13.456464,773,335092
06037206200,136,78,8,7,12,38,26,3,87.599998,16.463085,2.6395173,2.9886017,11.753878,17869.955,12.929747,1368,340417
06037206300,65,10,1,2,9,6,19,0,89.099998,12.484894,4.0816327,2.9663002,7.3464618,12962.185,30.117338,1123,338984
06037207101,6,4,2,2,2,7,2,0,73,17,2.0935101,3.0446732,2.9911916,5017.2417,8.0898876,589,347043
06037207102,26,45,3,1,4,16,23,2,76.900002,18.833,12.786596,3.0886471,3.0737576,11450,10.414333,707,339152
06037207103,71,17,7,7,8,42,15,0,82.599998,16.50421,4.8888889,3.0479772,3.1861589,27840,5.2424641,1700,341800
06037207301,687,62,9,9,7,18,28,0,87.5,16.522322,10.736196,2.9682391,9.3777676,46240.965,17.681728,1920,341362
06037207302,46,36,1,5,6,6,14,2,87.699997,13.310568,3.5701535,2.9721613,9.8838568,45646.465,8.9033651,3733,338440
06037207400,3,17,8,8,3,10,2,3,70.400002,17.167,90.530697,3.0155349,9.1032467,411036.03,16.853933,118471,345234
06037207501,5,4,2,3,0,3,4,0,67.300003,15.5,3.0991736,3.0445225,6.6115704,13826.923,12.570225,581,347170
06037207502,28,49,54,26,2,23,14,3,65.400002,17.333,10.643016,3.0387919,9.003787,162098.77,1.9571295,19626,344914
06037207710,243,111,64,56,11,61,24,3,78.400002,18.833,38.933559,2.9957323,8.7136517,128976.47,12.160414,37358,345577
06037207900,484,66,10,17,12,32,19,1,88.800003,19.400494,17.389047,2.9840946,6.452776,36633.238,10.708955,5187,341354
06037208000,14,10,0,1,7,4,7,1,62.599998,14.22649,2.1780166,3.0002983,9.1808119,6890.6665,9.3159161,2403,349781
06037208301,1,2,0,0,0,0,0,0,73.900002,16.5,0.80645161,2.9957323,16.295588,2333.3335,25.222025,61,338462
06037208302,3,5,0,1,12,5,4,0,68.5,15.701342,0.9449563,2.9957323,14.959151,5594.1177,19.055288,616,337724
06037208401,3,1,0,0,3,16,1,0,79.300003,17.333,0.80434345,2.9957323,15.777184,5000,15.77621,435,342561
06037208402,1,6,0,0,6,33,2,0,69.699997,16.517054,2.6411357,2.9957323,14.69871,7151.5151,15.657216,499,345186
06037208501,2,3,0,0,9,25,6,1,70.699997,16.016621,1.5974441,2.9957323,14.814815,6138.2979,15.887851,351,350541
06037208502,1,2,0,3,3,59,0,0,70.599998,14.97524,1.7438964,2.9957323,14.554016,18247.523,22.188633,1705,349613
06037208610,4,3,0,2,15,4,4,0,74.599998,16.077293,1.5337423,2.9957323,18.103846,5237.0366,18.304937,779,359871
06037208620,6,4,0,0,4,3,7,0,75.699997,15.3088,1.9027484,2.9957323,18.541277,2592,18.109453,87,356068
06037208710,3,4,0,1,8,0,2,0,74.900002,13.833,0.48768593,2.9957323,17.290604,3363.6365,9.5257568,256,359458
06037208720,8,6,0,3,3,5,7,0,77.099998,15.720734,2.3854962,2.9957323,14.82911,7296.8745,17.934313,1188,357177
06037208801,2,3,1,1,4,25,2,0,51.799999,12.80523,5.0522061,2.9957323,12.546273,5600,17.30644,318,350934
06037208802,6,2,0,4,5,10,4,0,72.199997,16.365602,1.8982536,2.9957323,13.457773,7280.4878,19.027611,547,355027
06037208902,8,8,0,0,2,15,10,0,80.599998,16.823856,5.2470485,2.9957323,8.9990616,34661.969,22.257652,436,339840
06037208903,12,7,0,1,1,30,5,1,77.800003,17.173853,3.3149171,2.9957323,13.043114,18483.871,15.136054,775,341719
06037208904,1,0,0,1,0,1,1,0,76.800003,11.838372,0.53662463,2.9957323,12.988575,3953.4883,12.410158,194,339792
06037209102,8,11,5,5,2,92,4,0,76.599998,15.442381,3.6488952,2.9957323,11.632597,38381.355,25.413755,2934,351988
06037209103,1,3,0,0,0,0,1,0,79.300003,15.833,1.150417,2.9957323,16.17523,3104.1667,15.803453,188,350430
06037209104,0,2,0,0,0,4,1,0,76.5,13.333,0.96153846,2.9957323,13.274336,7111.1108,25.908222,266,335449
06037209200,14,9,1,3,6,95,3,0,77.599998,15.167,10.67443,2.9957323,11.906146,135119.5,6.4837904,19525,346526
06037209300,13,9,2,3,9,4,8,0,78.599998,16.222963,1.8836333,2.9957323,7.8641801,7957.627,13.509933,541,354577
06037209401,10,8,0,3,13,17,6,0,83.900002,17.17354,1.8479409,2.9957323,10.457517,13819.277,14.431749,518,354196
06037209402,26,15,0,0,4,24,13,0,86.599998,15.327216,1.9188596,2.9957323,8.0820618,4830.189,33.23061,172,351174
06037209403,7,5,1,1,5,2,1,0,83.800003,14.51173,1.5263292,2.9957323,6.2176166,6773.585,15.294118,456,354023
06037209510,17,0,4,1,14,4,4,0,83.300003,17.585766,1.8129079,2.9957323,7.0707068,6514.2856,19.483568,341,355012
06037209520,11,14,2,1,3,9,5,1,81.699997,17.510115,2.8673835,2.9957323,6.1774244,32876.402,15.011202,423,348789
06037209810,4,5,0,0,1,2,3,0,83,16.927586,3.3395176,2.9957323,7.4509215,9103.4482,22.150139,498,352767
06037209820,3,3,0,0,7,1,4,0,80,14.193111,0.38654813,2.9957323,6.5174069,2666.6667,24.233128,49,363026
06037210010,18,3,0,1,9,6,5,0,83.199997,16.067524,2.2243406,2.9957323,6.4687405,16037.974,18.186844,1344,351936
06037211000,63,24,8,20,7,48,17,2,45.099998,15.83169,7.1070234,2.851584,9.6461439,6468.8105,5.5410123,5320,399514
06037211120,22,13,3,6,18,60,9,2,73.599998,15.153471,4.6672078,2.9741855,17.632111,45182.648,11.786942,8259,357432
06037211121,2,2,0,0,0,4,1,0,72.599998,15.296589,2.4439919,2.9957323,17.297297,8385.543,8.4990959,319,360967
06037211122,7,8,1,1,6,7,4,0,78.099998,15.146413,3.20627,2.9444389,17.287769,6609.9287,11.137163,372,362670
06037211201,1,1,0,0,3,0,2,0,77.400002,13.379601,1.0270455,2.9091113,11.623471,1444.4445,10.161091,52,376024
06037211202,3,8,0,0,1,6,4,0,72.400002,17.667,0,2.9444389,13.220659,3652.1741,11.055277,193,363450
06037211310,1,1,0,0,4,0,2,0,84.5,14.787686,0.75169131,2.9444389,8.9429626,821.42853,19.387754,67,378214
06037211320,5,7,0,0,3,5,5,0,77.699997,12.714078,0.87744955,2.9444389,15.002852,3680.5557,23.375,113,367527
06037211410,16,24,3,1,8,11,8,1,82.800003,16.826605,1.7188037,2.8903718,13.92405,3142.8572,6.0266294,187,377157
06037211420,8,7,0,0,1,4,4,0,69.900002,15.954672,1.5188335,2.8903718,12.591193,3455.7822,16.692669,197,386308
06037211500,12,4,1,3,4,6,3,1,54,14.795767,2.7322404,2.9118779,11.957154,2301.9941,8.46731,239,383322
06037211701,15,6,0,1,9,5,1,0,51.900002,14.50961,2.3874488,2.8979645,9.0395479,6666.6665,6.6951566,1769,388392
06037211703,3,2,0,0,8,3,7,0,88,12.497149,0.9046499,2.8903718,10.023457,3154.9294,11.966411,94,379492
06037211704,22,31,0,2,7,18,5,0,86.800003,17.594471,1.788269,2.8903718,8.9887638,14056.338,13.517149,511,384998
06037211802,17,24,3,4,6,36,7,0,86.5,18.370279,3.5778175,2.9064932,14.773594,34444.445,5.4495912,3576,371444
06037211803,10,6,0,2,4,1,3,0,82.300003,12.871454,0.53691275,2.9206893,12.693269,1462.9629,3.8679731,60,372407
06037211804,11,15,1,0,7,26,6,0,84.300003,14.131367,1.2507817,2.8903718,12.993391,3125.0002,9.090909,171,373167
06037211910,2,6,1,0,0,2,1,0,85.599998,12.213426,0.64557779,2.9444389,12.031373,1566.0377,14.110689,55,376555
06037211921,5,11,4,0,2,0,5,0,90.199997,14,0.91157703,2.9444389,16.57431,5027.7778,6.5777779,39,365107
06037211922,11,7,0,0,0,0,5,0,87.800003,11.483438,0.24752475,2.9444389,14.804391,1555.5557,13.70154,33,372666
06037212101,28,19,3,13,18,20,9,0,84.099998,17.981741,3.657979,2.9444389,24.84646,35472.223,9.841444,1892,363668
06037212102,31,49,1,4,13,11,7,0,82.900002,13.835397,3.4144259,2.9444389,24.892704,42148.148,11.111112,1409,372520
06037212202,14,16,0,4,9,8,12,0,87.300003,15.271153,1.0672359,2.9834828,8.7608404,4562.5,12.216695,216,358814
06037212203,16,19,0,0,4,9,7,0,90.300003,13.629016,2.4415766,2.9444389,23.20344,4463.4146,26.269466,136,358918
06037212204,13,8,0,8,10,7,2,0,83.400002,16.74505,2.3677979,2.9705374,9.9783278,9951.2188,20.047733,1068,354167
06037212303,14,5,7,2,10,11,2,0,83.400002,18.5,1.4801658,2.9444389,24.892704,33800,15.000001,1545,359278
06037212304,10,13,1,7,10,19,2,0,77.599998,16,5.1255766,2.9444389,24.892704,41126.582,16.94215,1339,374329
06037212305,1,4,0,0,4,1,4,0,85.800003,13.833,0.32258065,2.9117424,25.957676,4166.6665,15.792966,189,370962
06037212306,5,11,0,3,7,7,5,0,86.400002,14.828253,0.87234661,2.9444389,25.984669,4015.873,8.6717138,193,353863
06037212410,32,24,3,14,14,36,13,0,81.099998,15.697898,0.9418413,2.9444389,24.892704,77491.805,17.717478,2661,374667
06037212420,9,6,0,1,5,5,3,0,88.800003,13.667,1.5938795,2.9444389,22.959217,3418.1819,12.269938,68,372929
06037212501,0,3,0,3,2,0,2,0,82.800003,14.333,0.52882073,2.8903718,12.426902,1451.6129,11.005199,21,377436
06037212502,105,35,14,11,15,42,19,3,84.400002,18.069782,4.677581,2.8903718,13.652776,25627.273,9.0229883,1579,375940
06037212610,17,15,2,3,8,11,4,0,78.099998,16.407114,2.3430178,2.8903718,7.9507589,18282.609,10.96805,2689,384713
06037212620,11,12,1,2,5,1,10,0,76.099998,15.718341,0.62098944,2.8903718,7.98419,2828.8289,13.307823,150,391053
06037212701,9,9,1,2,9,18,2,0,69.199997,15.667,4.6199076,2.9260104,10.07313,2850.8289,14.669052,246,389021
06037212702,16,4,2,7,13,22,3,0,57.299999,16.44381,6.0027285,2.9563665,10.52363,6944.1177,5.7630734,1420,387932
06037212800,7,6,1,2,9,1,0,1,63.900002,14.153306,1.6513329,2.928411,10.524102,2132.4504,16.702587,361,419739
06037212900,3,2,0,2,11,4,1,0,71.199997,14.642701,1.4652015,3.0002773,15.780373,930.5556,17.346054,220,389060
06037213100,22,13,2,0,8,15,3,0,67.300003,18.383381,4.4858523,2.8903718,10.617001,3135.2656,13.238771,277,381206
06037213201,54,34,6,6,11,40,15,0,84.5,17.170048,2.5329281,2.9247775,12.378269,7906.9771,13.142292,547,378144
06037213202,6,9,0,4,4,1,4,0,81.5,15.789057,1.0211897,2.9140451,11.612904,2161.5386,11.105318,186,378036
06037213310,9,11,0,1,6,5,3,0,81.900002,16.90151,2.0679468,2.8984094,15.472399,2291.6667,12.598425,108,369756
06037213320,16,12,0,2,3,11,4,0,84.400002,18.387461,2.6019081,2.9444389,15.20349,5583.3335,11.584328,358,352292
06037213401,5,9,1,1,6,5,2,0,85.800003,14.830913,0.36088055,2.9562829,7.3711963,5657.895,13.424948,123,358087
06037213402,16,15,3,1,9,24,6,0,80.900002,15.787652,2.4916944,2.9564631,8.00811,3860.9272,14.587426,317,357163
06037214000,40,19,1,6,8,8,6,1,63.799999,17.31934,3.5354909,2.7904346,11.905314,5432.2251,1.2032086,691,211737
06037214100,41,13,4,8,15,17,12,0,54.700001,15.374825,3.6443149,2.7595687,12.034715,2247.6636,5.5313859,441,261765
06037214400,19,10,1,1,5,2,8,0,82.699997,16.153236,1.3610071,2.8503473,12.087535,4864.6616,3.8137968,274,208956
06037214501,70,41,4,4,2,17,15,1,64,16.431677,4.9893086,2.9869637,11.563743,23086.207,9.771987,1853,232798
06037214502,18,3,1,4,4,12,4,0,65.199997,14.554334,0.59453032,2.788717,7.7397232,2300,5.2698684,132,213993
06037214503,7,3,0,2,1,3,1,0,56.200001,13.16903,0,2.8422649,9.7154112,677.77777,12.619617,94,215860
06037214600,44,21,0,3,3,21,8,1,74.300003,16.089088,3.2976092,3.0654883,15.584951,19781.25,6.8522482,686,240224
06037214700,12,7,1,9,2,10,3,0,66.800003,16.35445,1.5521925,3.0646439,16.176178,7986.8994,3.8979449,1228,242838
06037214800,71,40,1,9,0,78,9,0,77.400002,18.661274,4.165089,3.1226346,16.857403,11399.103,4.7222223,906,244539
06037214901,13,4,0,0,1,16,2,0,73.199997,17.335091,1.0768126,3.0321181,22.1329,8776.8594,4.6391749,147,237116
06037214902,126,27,2,10,6,281,6,0,81.800003,17.293865,7.7298617,3.0551269,18.583065,61596.941,0,12152,235724
06037215101,11,8,2,6,0,36,2,2,69.599998,19.114592,2.9850746,2.8413305,9.5837002,24691.176,9.62922,2141,215978
06037215102,14,10,0,3,2,2,5,0,86,15.89271,1.2387736,2.8213124,7.812233,5020.2021,6.3776784,288,259344
06037216100,9,4,1,2,3,7,2,0,54.900002,13.418875,2.4630542,2.8291008,10.474806,593.86969,2.7027028,134,301321
06037216200,31,18,1,5,9,5,4,1,67.5,15.987585,3.8926449,2.8863182,9.6574993,2752.688,7.8789697,567,238612
06037216300,48,26,6,35,13,227,8,1,65.300003,17.498529,5.815161,3.0470018,11.097972,21580.447,6.4002962,10176,257065
06037216401,22,13,0,3,7,15,1,1,80.900002,16.260765,1.5733873,3.0553524,16.32653,6012.6577,8.8125772,684,243975
06037216402,15,9,0,3,3,20,3,1,79,15.319317,1.1346445,3.052058,15.95453,5786.5166,4.2226486,449,248158
06037216700,16,12,0,3,6,0,3,0,67.800003,15.905005,2.3764259,3.071003,11.382696,2360,6.9222579,537,246200
06037216800,16,8,0,6,1,9,1,0,65.099998,14.603973,3.5665295,3.0652926,11.855163,1905.5944,3.5087719,274,246264
06037216900,15,11,0,2,2,7,18,1,62.700001,15.939163,2.9033596,3.0562108,9.7132196,2650.1182,2.9272151,376,245461
06037217001,28,17,1,8,6,12,9,1,64.5,17.530725,4.6461758,3.1925263,11.135078,5424.5283,5.9198542,529,254678
06037217002,18,11,1,4,13,15,14,1,66.800003,15.214782,1.7485914,3.0930691,12.159027,2906.0403,3.5815604,378,249741
06037217100,24,10,0,1,6,3,11,0,68.599998,14.488128,1.8566654,2.9443417,7.3490214,1815.5619,10.253204,250,223935
06037217200,17,15,3,3,1,10,10,0,72.099998,16.500242,6.2581486,2.8744202,8.2899065,3977.4648,6.4397426,523,280072
06037218110,6,14,0,3,10,4,7,1,74.199997,15.269835,5.1605505,2.9648559,14.235802,2303.0303,13.469633,350,400961
06037218120,6,12,0,0,7,0,5,0,80.699997,14.082593,2.0742106,2.9424179,14.727126,2087.2092,17.552265,110,397617
06037218210,9,1,1,0,3,0,0,0,75.099998,15.045671,0.50150451,2.8753774,10.077657,2780,12.716118,441,281654
06037218220,5,1,1,5,4,2,2,1,63.400002,11.549087,1.7644464,2.8236449,10.737677,338.46155,11.839027,94,305946
06037218300,15,7,0,3,5,6,3,0,70.599998,15.589402,2.6828832,2.9276102,7.6138949,1950.5813,5.6228032,225,214661
06037218400,9,3,0,1,2,2,1,0,72.599998,11.543323,1.1064395,2.9018135,8.0624418,3874.0156,8.1081076,286,242744
06037218500,1,1,0,1,3,1,5,0,68.800003,14.683129,2.0964361,2.8482795,8.1111307,1242.5742,13.745705,104,221349
06037218600,8,1,0,1,1,0,5,0,69.5,13.231464,0.87924971,2.838388,9.5642023,861.4458,11.489646,155,270018
06037218701,9,6,0,4,11,2,1,0,63.599998,14.921317,2.8708134,2.8819652,11.141626,1287.7358,10.717897,189,311446
06037218702,2,2,0,2,8,0,2,0,68.199997,15.747039,2.6396832,2.7613156,10.978664,856.11511,15.322581,93,305409
06037218800,4,3,0,0,6,1,1,0,74,15.27177,2.0032051,2.9191754,13.338346,1327.0441,11.27321,144,393015
06037218900,6,1,0,4,13,1,1,0,64.800003,12.676248,1.3325719,2.8199744,13.724946,933.82349,17.60479,210,383171
06037219010,4,3,0,0,5,0,2,0,68.5,14.924552,2.0855057,2.692759,11.47372,958.82355,10.428662,179,364558
06037219020,7,2,0,0,8,3,3,1,67.900002,14.122572,1.4197823,2.6270449,9.6575747,750.88971,11.631945,134,354859
06037219300,6,10,3,1,4,6,8,0,75.099998,16.438675,2.6868588,2.6448414,12.681017,2996.0317,17.670231,225,265635
06037219500,11,2,3,3,2,3,0,0,58.299999,13.601441,0,2.6850936,14.388334,958.13953,8.678237,116,244578
06037219700,9,2,1,3,11,3,4,1,67.699997,15.751329,3.9164491,2.8080404,9.9534588,2234.5972,23.132879,308,218221
06037219800,4,3,0,1,3,0,3,0,72.800003,16.009727,2.9192345,2.8464012,11.207711,2453.4883,16.365007,384,219607
06037219901,2,7,0,0,10,1,4,0,71.699997,13.983734,0.81967213,2.8710866,11.904762,1270.936,12.007685,137,225450
06037219902,15,2,0,3,3,1,1,0,69.800003,14.833511,3.6111111,2.9220607,11.899526,3146.104,10.121012,660,238842
06037220000,17,8,0,2,6,0,3,0,69.800003,15.690362,2.8870444,2.704448,10.967762,1928,20.456366,332,269778
06037220100,8,1,1,2,1,1,1,0,67.699997,15.196445,11.437096,2.8819807,12.460153,3970.8997,7.312253,495,233801
06037221110,8,3,0,0,4,9,4,0,83.400002,15.527288,2.4944568,2.9477298,7.1996503,2888.8887,19.226696,97,357318
06037221120,4,2,0,0,3,0,2,0,80.900002,16.031208,1.7574692,2.9444389,7.1191359,6536.585,23.518042,404,353336
06037221210,11,7,0,2,2,1,8,0,76.300003,15.57461,2.5731747,2.8997629,12.744534,1136.6907,18.162241,145,371834
06037221220,13,8,0,2,8,7,9,0,57.799999,15.5555,6.841166,2.9222019,7.9610224,4882.353,24.656137,278,349461
06037221302,14,8,0,2,10,8,9,0,76.699997,13.835103,3.0064755,2.8987181,18.354061,3106.7415,20.452829,128,381668
06037221303,5,5,0,0,4,3,4,0,80.599998,17.65465,2.962963,2.8903718,12.914595,4100,11.271186,183,379212
06037221304,2,0,0,0,6,0,1,0,78.300003,13.614756,0.85959885,2.8903718,16.624466,2886.3638,17.64045,327,380911
06037221401,4,0,0,1,4,1,1,2,61.900002,13.816579,2.7967682,2.9008837,17.278997,5033.4927,13.77551,935,382046
06037221402,14,4,0,3,8,2,4,0,73.900002,14.931505,4.0957782,2.899338,17.667173,2199.0291,13.202725,396,371963
06037221500,2,0,0,1,6,1,0,0,72.599998,14.664099,1.4100395,2.8435886,15.60812,1557.8231,16.85606,142,356250
06037221601,1,0,0,1,1,0,2,0,73.900002,14.314271,1.7667845,2.8903718,10.313663,671.32861,16.786572,71,342388
06037221602,14,8,0,0,3,1,1,0,85.5,15.104742,2.6890756,2.9190316,9.2595348,4118.8115,21.971066,534,343166
06037221710,6,5,0,0,3,2,3,0,76.5,14.571342,1.9138756,2.9444389,9.5961781,1401.5747,21.989529,74,362115
06037221810,11,10,1,2,6,3,8,0,77.099998,15.118299,1.1783189,2.8596001,12.413619,3525.4238,22.222223,202,336555
06037221820,2,1,0,0,1,0,1,0,72.900002,13.07362,0.92879257,2.8971653,8.1231089,708.86072,9.716157,52,348773
06037221900,8,1,0,1,4,4,3,0,74.800003,17.435616,1.7761989,2.7830648,14.286585,5101.2656,7.3961496,449,347127
06037222001,2,2,0,0,6,0,0,0,72.099998,15.745964,1.8461538,2.8126986,14.031642,704.91803,10.218464,121,369311
06037222002,4,4,0,1,10,1,7,0,69.300003,14.803716,1.5822785,2.7248363,11.377464,869.56525,18.982388,209,336970
06037222100,4,3,0,0,4,0,0,0,70.900002,13.320194,1.7663386,2.7741017,14.977405,621.62164,23.62796,116,343292
06037222200,5,9,0,0,10,3,9,0,71.400002,15.306059,1.6211209,2.8704741,14.919433,1172.043,17.4146,218,346291
06037222500,3,0,0,0,8,2,1,0,71.900002,12.213499,2.3319083,2.7080503,13.203593,1257.9365,18.877794,266,337496
06037222600,7,6,1,0,8,1,2,1,72.199997,14.357923,1.9087612,2.7628946,15.437991,1420.6349,17.046534,341,333422
06037222700,4,7,3,6,4,5,1,5,62.099998,14.167,6.204478,2.7827411,11.048529,8550.6328,1.0568032,74,320731
06037224010,204,10,1,3,5,55,7,1,91.599998,17.876322,21.769338,2.9650311,6.6867352,14252.336,8.8954058,3032,342519
06037224020,97,11,0,4,10,17,9,0,89.800003,18.376301,20.778073,2.8716311,5.7110925,11449.579,17.898195,3072,339115
06037224200,11,5,0,2,11,3,5,0,79.800003,15.288162,2.5359256,2.9957323,8.2568808,3190.1406,22.74642,86,352774
06037224310,9,5,0,0,1,3,6,0,81,16.582495,3.9439089,2.9957323,7.5716195,3857.1428,17.702229,55,362450
06037224320,2,2,0,1,6,4,3,0,83.199997,15.623661,1.817631,2.9957323,8.2377052,8651.7852,18.336742,82,362320
06037224410,3,3,0,0,0,1,5,1,78.599998,16.829813,3.1466331,2.9675944,7.7981291,15931.429,13.191812,2267,346553
06037224420,2,0,0,1,9,0,1,0,64.599998,10.935699,5.5986219,2.959136,6.8495817,6333.3335,23.668034,755,342799
06037224600,70,1,2,2,1,11,11,0,91.300003,15.148149,4.1950708,2.8313851,4.818202,8399.2803,14.109985,678,322734
06037224700,9,17,2,16,5,3,3,2,78.699997,16.241459,2.9903254,2.8391321,7.8570747,9118.3672,5.0619831,739,332843
06037226001,105,12,0,0,5,9,9,0,92.199997,17.443588,2.5799794,2.8332133,6.5509205,10582.5,16.857143,678,321549
06037226002,1344,84,17,6,14,12,132,0,95.800003,16.696915,33.163265,2.8545425,7.6777763,17044.4,7.087379,3653,328224
06037226410,11,6,0,0,2,3,9,0,80.099998,16.01408,1.7246335,2.8332133,5.6237268,1752.2936,14.987406,58,325007
06037226420,11,5,0,0,2,1,6,0,77.800003,13.619905,1.9036741,2.8332133,7.0388288,1442.4242,11.819283,127,321767
06037226700,45,8,1,1,6,2,13,0,81.599998,15.488001,1.7047392,2.8461316,6.7277756,3337.7485,8.9868155,567,320415
06037227010,25,0,0,1,4,2,9,0,82.199997,12.157389,0.43630017,2.813611,9.5135422,15651.785,10.917979,1648,319997
06037227020,11,5,0,0,6,1,6,0,80.5,13.2928,2.5031289,2.8471897,10.363875,3641.1765,16.38796,68,318816
06037228100,41,1,0,0,2,1,3,0,78.099998,12.708274,1.8703242,2.7343674,8.3395844,3844.9612,9.4736843,258,314305
06037228210,4,3,0,0,8,0,4,0,75.900002,13.5,2.6532237,2.8513486,10.15036,1433.9623,13.043478,237,317146
06037228220,5,2,0,0,3,1,8,0,77.400002,14.768038,2.4618415,2.7555556,8.7612314,1085.1063,13.566351,93,312014
06037228310,24,2,0,0,6,0,7,0,82.099998,14.842644,2.6638253,2.8688204,10.407469,2246.4456,21.01227,289,319134
06037228320,3,1,0,0,3,2,6,0,69.300003,13.259616,0.85275725,2.8412027,10.361057,3215.3848,16.798277,433,314537
06037228410,7,1,0,0,5,0,1,0,79.900002,15.781553,1.494396,2.8111238,9.1897049,1757.0093,17.529881,114,317624
06037228420,4,0,0,0,3,1,10,0,76.699997,12.611257,1.7307027,2.8126774,9.7119532,1420.5608,11.442006,69,306787
06037228500,7,3,0,0,2,1,5,0,76.199997,14.226325,1.7010419,2.8332133,11.154078,601.15607,13.84457,87,304279
06037228600,6,11,0,2,11,5,9,0,75.800003,15.36193,2.490942,2.7805011,11.659839,2320.197,21.713148,294,315701
06037228710,1,1,0,0,3,0,5,1,76.400002,13.830971,1.5313936,2.596724,7.0419726,1564.1025,14.497878,268,309447
06037228720,4,3,0,0,10,0,6,0,75.5,13.990499,2.1285653,2.561502,6.0831695,897.43585,20.263592,162,298004
06037228800,39,8,0,1,6,1,24,0,79.099998,11.752513,1.0762332,2.560462,6.3953924,2907.9753,9.8840141,192,298471
06037228900,10,3,0,0,3,1,4,0,71.800003,16.507523,0.63816209,2.3978953,7.9639931,1527.6382,13.403418,176,287655
06037229100,6,2,0,0,5,0,2,0,71.400002,14.120637,1.7094017,2.4741893,6.7971997,775.9563,10.895884,72,284602
06037229200,0,1,0,1,11,0,5,0,73.800003,14.535997,0.91575092,2.6211379,10.475403,1610.4651,15.699334,289,302097
06037229300,4,2,0,0,3,0,5,0,66.800003,14.206537,0.85733882,2.7260156,12.42787,381.4433,16.675463,107,303423
06037229410,9,2,0,0,5,1,5,0,81.800003,16.616808,2.540489,2.5792189,12.268506,1827.7511,8.3887043,247,279905
06037229420,13,1,0,0,4,1,4,0,76.900002,14.666999,1.5210778,2.5473437,8.8488417,3867.2566,7.0438805,280,285165
06037231100,73,11,0,0,3,5,6,0,88.599998,16.687336,9.5427435,2.7544072,8.7556839,11527.536,14.8,1292,313242
06037231210,4,1,0,1,2,0,1,0,72.199997,9.3260937,1.4863258,2.7364938,14.938004,459.67743,22.32082,78,314461
06037231220,3,0,0,4,2,1,4,0,64.300003,15.828108,4.4481512,2.7739999,14.803317,5246.6489,17.284689,1276,314416
06037231300,7,5,0,0,6,2,4,0,71.800003,14.9345,2.7368421,2.7519257,14.760295,1409.4487,12.926536,399,325340
06037231400,5,0,0,2,2,0,1,0,69.400002,13.697639,1.4520813,2.7126427,13.193513,862.5,23.545597,218,329677
06037231500,12,4,1,2,9,3,7,0,67.900002,16.23105,2.4591996,2.4785411,17.849934,743.66199,15.905814,293,214607
06037231600,11,5,0,3,9,4,6,0,72.699997,14.75924,1.7782294,2.7062979,15.190294,1991.87,15.732839,509,323727
06037231710,3,4,0,0,7,3,6,0,82.099998,14.709888,1.0371292,2.7841516,13.215762,1216,25.874636,142,312199
06037231720,3,1,1,1,1,2,2,0,82.800003,13.421475,2.5359256,2.8198378,11.188079,2247.2527,26.091036,265,311411
06037231800,17,4,0,1,2,0,10,0,83.900002,14.582921,2.6595745,2.8269634,9.9789286,2378.1094,7.688745,180,306928
06037231900,9,6,0,0,9,15,9,1,78.5,14.839265,2.5201613,2.7972267,11.31196,1536.3636,22.026667,192,302240
06037232110,4,3,0,2,4,6,8,0,78.300003,16.023241,2.2857143,2.7255242,17.508718,1421.7687,16.798594,244,301690
06037232120,2,2,0,0,5,2,2,0,76,12.657645,1.9948135,2.7623026,16.309181,1039.801,13.229571,135,301872
06037232200,5,1,0,1,5,0,3,0,69.800003,14.411844,3.2757594,2.6346965,18.262747,1267.3267,16.218489,273,319609
06037232300,4,1,0,3,10,0,1,1,68.099998,14.460872,1.074691,2.5321596,16.509254,860.08228,30.581696,125,203581
06037232400,10,5,0,5,13,1,7,0,68.599998,13.775991,1.5669516,2.2212775,18.875664,867.44183,14.500684,438,195236
06037232500,4,0,0,1,17,2,1,0,69.099998,14.461471,1.2900452,2.0979824,16.171347,1952.7026,21.644188,852,145101
06037232600,6,4,1,2,2,2,2,1,72.199997,13.376034,1.6149871,2.3062778,9.8268166,583.06189,17.666807,191,194337
06037232700,6,5,1,2,17,7,7,0,77.900002,14.599098,1.9891501,2.5584199,11.732627,3347.5176,9.9836998,604,283787
06037232800,5,3,0,1,10,0,1,0,79.900002,14.796068,2.4752475,2.5825262,12.020123,915.15149,17.089018,122,281099
06037234000,8,0,0,8,16,2,1,1,61,14.74333,2.6122449,2.4658351,15.019176,716.07513,10.059172,378,218342
06037234200,10,3,3,6,8,3,5,0,63.799999,15.053182,1.126549,2.3762321,13.099644,1747.8007,10.200364,244,215317
06037234300,21,7,1,10,7,5,5,1,69.800003,16.02001,4.5190445,2.2007482,17.675915,2672.6191,13.381858,630,182032
06037234501,6,1,1,4,9,2,2,0,59.599998,11.968254,2.892562,2.1677747,21.958296,1317.2415,9.1324205,366,155152
06037234502,5,3,2,4,11,3,2,0,64.5,11.430125,4.2935207,2.1956027,19.293936,1900,11.269147,456,172612
06037234600,15,2,2,5,17,3,5,2,64.699997,16.048008,3.7240298,1.9304096,18.609261,2188.8667,18.25,278,97561
06037234700,16,6,1,3,8,3,5,1,70.699997,15.701143,3.1064671,1.6248624,16.259533,1602.7875,23.056826,238,91574
06037234800,2,0,0,2,3,0,2,0,65.599998,13.115162,2.9308324,1.4941574,14.3094,411.0672,8.0128212,109,90399
06037234901,1,2,0,1,1,1,3,0,81.199997,14.683313,1.8187329,1.6042125,14.841242,4674.603,11.311672,547,86275
06037234902,4,1,0,0,8,0,1,1,73.800003,13.97861,1.2635835,1.8782477,15.212137,1323.6995,21.437908,320,92811
06037235100,4,4,0,8,11,6,1,0,55.299999,12.916102,1.5649452,2.1578462,16.18116,256.57895,6.6637249,129,114069
06037235201,7,3,0,3,13,2,1,0,65,14.046887,2.2796353,1.4443961,13.324423,599.20636,12.216405,119,81021
06037235202,11,2,2,4,13,1,7,0,68.699997,16.391394,3.5946978,1.6530626,13.193369,1866.2615,13.10116,300,79865
06037236000,22,11,2,9,11,13,5,0,26.6,12.286952,3.1614786,2.8593488,15.158593,595.01965,6.0382919,254,189531
06037236100,41,10,3,3,6,19,6,0,72.099998,14.449747,3.9192632,2.6315167,15.666667,4405.0342,25.054562,786,156519
06037236202,1,1,0,1,3,1,1,0,71.800003,13.753815,0.56285178,2.6889932,16.732925,3081.8713,15.626276,411,195912
06037236203,5,0,0,0,1,0,0,0,71.800003,12.455945,1.6375546,2.7188201,15.031611,854.96185,16.893732,167,205464
06037236204,2,0,0,0,1,1,0,0,83,13.340397,0,2.6324847,15.666667,1595.5056,12.16545,241,202186
06037236400,6,2,0,4,9,4,3,0,45.099998,9.7503748,1.0608954,2.634284,16.487818,316.60233,8.3514099,185,171477
06037237101,16,5,0,0,1,5,3,1,75.599998,15.103292,2.4764735,1.5845404,10.067059,4382.7158,13.126844,407,131931
06037237102,3,1,0,0,8,0,3,0,78.5,12.840416,4.3103448,1.8833247,12.032244,1000,18.606627,143,164089
06037237201,4,3,0,1,5,0,3,0,68,14.375696,2.0997375,1.7129786,10.604665,805.71429,17.923958,107,121646
06037237202,43,9,0,2,4,3,4,0,74.400002,15.052917,5.2963944,1.6341499,11.644772,3679.9065,23.601847,201,94281
06037237300,11,3,0,6,25,1,5,0,68.699997,15.017834,2.8227324,1.4526466,13.946546,553.24677,14.889336,220,84549
06037237401,2,0,0,0,6,1,0,1,67.699997,13.927256,1.5299878,1.3862944,12.948507,432.1608,15.580736,123,74921
06037237402,4,3,1,0,9,1,3,0,68,14.248673,3.3992583,1.4014423,12.142972,592.03979,7.4918566,105,88033
06037237500,3,0,0,1,4,0,1,0,74.900002,14.974712,2.2744503,1.3862944,13.512126,723.07697,23.477493,94,130465
06037237600,3,0,0,0,8,0,4,0,78.199997,15.068977,2.0974132,1.3862944,13.962396,1474.2268,16.24041,275,123906
06037237710,2,2,0,1,5,2,3,1,77.699997,13.655556,2,1.3862944,12.998698,1311.3773,17.163212,195,88246
06037237720,0,0,0,0,6,0,1,0,74.699997,11.701825,0.87693657,1.3862944,10.441065,1063.4921,12.788632,168,83113
06037237800,8,3,0,0,8,2,5,0,65.699997,14.150385,2.2747953,1.3862944,13.133721,452.12769,13.212795,188,66930
06037237900,3,7,0,3,16,5,5,0,64,15.277656,3.0395137,1.403295,17.936113,664.02118,15.584415,190,77239
06037238000,11,5,0,5,19,2,1,0,57.900002,13.990523,3.0379747,1.2092502,16.598856,585.66974,22.384428,358,105678
06037238100,4,4,0,6,13,2,3,0,64.5,14.110038,2.1534847,1.4768043,19.786974,528.94739,12.506739,172,71893
06037238200,10,2,1,2,17,5,3,0,68.199997,15.034023,2.7944112,1.3862944,15.833471,1146.4646,14.163737,378,63374
06037238310,1,0,0,0,6,0,1,0,75.699997,12.820389,0.6594856,1.3862944,11.913764,928.10461,10.970996,143,73855
06037238320,8,3,0,0,12,7,5,0,78.300003,14.883982,3.5471475,1.3862944,11.742089,1828.7294,11.241611,258,61433
06037238400,22,3,2,4,19,2,11,0,63.299999,15.848473,3.9633391,1.2314951,18.657654,1459.2445,10.727762,352,64033
06037239201,10,7,0,3,7,0,4,0,78.699997,13.239384,5.6497175,2.0421677,8.3095789,1431.0345,13.513513,208,164519
06037239202,37,10,0,3,8,4,10,0,85.400002,13.565507,4.3896321,2.2356303,7.4541302,3784.9897,26.381647,539,273752
06037239310,8,0,0,1,2,0,6,0,75.400002,13.994168,1.5669888,1.4171296,9.3378372,1309.1787,17.572693,221,125892
06037239320,1,1,0,0,1,0,2,0,74.699997,13.937626,2.1361001,1.4625217,6.5615382,2611.9402,17.628607,46,128920
06037239330,14,2,1,1,7,2,4,0,86.800003,13.230682,6.9589422,1.4854039,4.3940802,3894.1799,13.097345,265,129889
06037239501,8,4,0,0,5,0,6,0,71.400002,14.953996,1.4801658,1.3862944,4.40063,1524.5902,18.056562,80,85578
06037239502,2,1,0,1,4,1,0,0,65.300003,14.272759,1.9743337,1.3862944,4.4416542,1715.7361,20.894308,411,87718
06037239601,8,7,0,0,6,0,5,1,76.699997,14.629714,2.4556617,1.3862944,7.6320772,1662.5767,16.26506,237,86209
06037239602,3,0,0,1,4,0,3,0,73.099998,12.275553,1.146789,1.3862944,6.2222519,557.97101,27.520662,60,94667
06037239701,3,3,0,0,7,0,3,0,71.5,14.080369,1.0521886,1.3862944,6.3068533,405.06326,24.034582,82,82050
06037239702,9,3,1,0,9,2,5,0,73.400002,16.18424,2.2399204,1.3862944,7.3961697,1893.6171,13.92405,187,74680
06037239801,2,5,1,1,7,0,5,0,69.099998,13.110761,1.399776,1.3862944,3.3536165,293.70627,12.142858,77,81887
06037239802,6,1,0,1,10,2,1,0,69.800003,15.11447,2.0256583,1.3862944,2.3505323,1387.234,14.63897,316,75354
06037240010,9,4,0,1,10,0,2,0,74.199997,14.786892,3.9731051,1.3742917,6.1783738,2713.6565,14.214046,205,74748
06037240020,2,5,0,0,12,0,5,0,63.799999,14.86691,2.6585644,1.1226505,9.7158184,381.29498,15.302144,136,71778
06037240200,16,10,0,0,11,6,8,0,74.5,14.241291,1.948282,1.3278323,8.8112497,822.91669,16.228748,181,74173
06037240300,5,3,0,1,9,11,0,1,69.099998,14.848206,2.8378083,1.3271854,10.326447,1538.2166,16.193323,327,60059
06037240401,3,2,0,2,10,2,4,1,71.300003,12.548704,1.3723696,0.70542353,11.15738,988.80597,13.831967,323,60213
06037240402,1,0,0,1,5,3,3,0,68.5,14.141384,2.2163121,0.69314718,8.9638186,646.55176,23.162273,117,67358
06037240500,2,5,0,1,15,1,5,0,68.699997,14.920658,2.7220143,0.69314718,8.6075802,738.85345,21.104053,266,61801
06037240600,3,2,0,1,9,0,7,0,68.199997,15.198427,3.3171163,0.69314718,12.943677,2137.9309,21.779549,228,60751
06037240700,6,1,0,2,9,2,5,0,61.599998,14.510536,3.5702142,0.69314718,16.358189,635.57483,13.629283,262,76878
06037240800,6,2,0,2,14,0,1,0,65.400002,13.724244,1.4008405,0.69314718,18.05312,1213.9918,17.203043,395,60056
06037240900,5,4,0,0,6,0,3,0,65.300003,13.776755,3.2356948,0.69314718,12.523998,1056.3726,9.5660295,193,63279
06037241001,5,0,0,2,5,1,2,0,68.099998,13.286306,4.049676,0.69314718,11.57128,469.91403,2.2917831,191,64988
06037241002,5,3,0,0,12,5,4,0,59.599998,13.022942,2.3764259,0.69314718,8.6938114,410.25641,13.567439,113,64677
06037241110,4,1,0,1,8,1,2,0,70.300003,13.756983,1.4754703,0.69314718,12.985519,1563.8298,16.238607,250,60424
06037241120,4,2,0,0,16,1,3,0,71.800003,14.645617,2.307047,0.69314718,11.69692,507.81247,14.418066,129,64125
06037241201,3,1,0,1,8,0,1,1,66.199997,12.484466,1.150748,0.69314718,8.7792416,297.87234,16.480164,91,65246
06037241202,7,4,0,2,13,5,5,0,69.800003,14.242767,5.4794521,0.69314718,11.815974,721.60358,19.938839,256,65512
06037241300,0,1,0,0,3,0,2,0,64.099998,12.853713,4.7192072,0.69314718,14.659548,559.40594,22.846443,104,69522
06037241400,3,0,0,0,8,0,2,0,66.300003,14.036025,1.8209408,0.69314718,12.924335,554.05408,12.234432,172,66641
06037242000,3,1,1,0,6,0,1,0,61,14.528215,2.6354319,0.69314718,13.213164,800,11.851851,265,78958
06037242100,0,0,0,0,0,0,0,0,53.599998,13.833,1.7587056,1.0986123,22.504072,1424.5283,19.141914,173,68187
06037242200,0,0,1,2,6,0,5,0,64.300003,14.097033,1.9014693,0.97980165,18.987688,923.56683,16.42487,388,70066
06037242300,3,0,1,1,7,1,2,1,65.599998,15.369977,3.0610293,0.69314718,15.45659,2637.8601,22.293816,427,70668
06037242600,2,2,0,0,4,0,3,0,61.099998,13.88173,1.7539464,0.69314718,15.281636,972.82611,20.633484,217,67591
06037242700,7,0,1,0,9,6,7,0,64.900002,13.805696,2.244898,1.0589892,15.081067,1344.3878,12.005786,574,76452
06037243000,0,0,0,1,14,0,9,0,63.900002,11.617817,0.83584086,1.0986123,18.843819,602.88806,25.106203,163,73859
06037243100,2,0,0,0,7,0,2,0,64.099998,13.095437,0.80295487,1.0986123,17.716038,1393.1624,22.079512,366,80048
06037261101,13,4,0,2,1,16,3,0,11,7.481338,0,2.7425947,12.169131,152.53566,8.4002924,259,206689
06037261102,14,0,0,4,1,24,1,0,11.6,6.2334514,0,2.5768836,10.043058,97.195045,7.4981441,168,182907
06037261200,15,8,2,8,2,25,2,0,8.3999996,7.1281247,0,2.5735278,7.7588058,230.93372,7.1933961,183,167172
06037262100,5,4,1,8,2,22,3,0,10.3,7.711307,1.8478596,3.053864,7.6265717,388.32941,4.3518519,598,191983
06037262200,11,6,0,14,6,35,4,0,14.7,6.1297083,0.87431694,2.7849321,5.654583,374.47067,5.4630594,814,148975
06037262301,3,2,0,4,1,24,0,0,5.8000002,6.6669998,0.70497004,2.4747226,5.3741703,247.67003,3.0825024,1331,84800
06037262302,7,4,0,8,2,15,1,0,21.6,9.0495729,3.6435906,3.2693415,7.5419278,1545.3007,2.9975021,1404,169883
06037262303,2,4,0,11,0,27,3,0,24.299999,10.632026,2.0134228,3.297802,8.2398939,316.15463,1.7258883,152,153228
06037262400,7,2,0,7,0,14,1,0,5.6999998,7.6171761,1.7508025,2.9221559,7.6103311,60.675709,7.0057578,127,82457
06037262501,14,4,2,3,3,33,1,0,31.9,12.426996,2.718869,2.965107,9.7997761,1134.7068,2.7385893,423,115915
06037262601,8,2,0,3,3,20,2,1,14.1,6,0,1.1535165,9.0173616,133.23984,6.0544219,83,11466
06037262604,21,10,2,15,10,33,3,1,23.5,12.351272,1.9811788,2.1440921,8.6656208,383.10501,6.3703699,468,51576
06037262704,12,1,0,6,2,13,6,1,37.400002,14.333,6.0882801,2.402782,9.0946989,892.28729,9.774436,586,61633
06037262706,35,8,7,17,3,38,8,2,36.700001,16.457485,5.2386496,2.7780278,9.3285093,1886.5168,8.2993193,860,104903
06037262802,15,10,0,4,0,17,1,0,23.700001,11.867018,6.1877858,3.1116889,10.098206,557.97668,12.550608,488,124211
06037264000,12,0,2,9,7,73,4,0,33.099998,15.188011,4.5030556,3.3061557,9.6550636,1459.0846,12.643679,411,172968
06037264102,23,10,0,4,0,17,7,0,53.299999,15.167,2.1465808,3.3896761,9.9121923,4058.8235,6.9083443,146,182980
06037264103,23,10,7,9,1,57,4,0,73.599998,15.833,3.7243948,3.3672957,13.88166,33550.563,5.8467741,1376,189950
06037264301,29,25,3,8,4,78,7,2,79.199997,15.864111,2.5365854,3.4001303,14.028204,50172.84,0.88902515,3105,196581
06037264302,27,19,3,10,3,146,4,0,38.900002,15.058487,4.7593866,3.3512566,13.286144,4609.4946,6.0921717,1914,181162
06037265100,8,1,0,9,0,12,0,0,20.5,13.941884,5.3453947,3.3096941,9.3080711,986.8421,4.3786983,601,223142
06037265201,2,0,0,7,4,9,1,0,43,13.568493,3.1088083,3.3398805,9.2514849,1183.432,3.934871,107,234984
06037265202,41,50,4,23,13,83,12,1,59.900002,16.551413,7.7148178,3.3949697,9.4802122,24774.775,5.0258684,2377,236329
06037265301,2,7,0,12,1,269,0,5,51.900002,13.667,1.9062473,3.3322046,8.967288,14428.571,1.1929461,9269,221216
06037265303,0,0,0,0,2,2,0,0,75.099998,12.063057,0.21114865,3.3847101,8.8969507,263.1579,4.0271969,23,211969
06037265304,5,0,0,1,0,1,0,0,72.300003,11.946249,0,3.3904252,9.1122179,509.80392,1.1005136,14,215051
06037265305,3,5,0,5,3,29,2,0,69.800003,17.833,1.2936611,3.3783457,11.545295,4233.3335,5.4472475,377,225144
06037265410,7,3,1,2,1,3,1,0,47.700001,16.110994,2.6595745,3.3803515,9.9127893,2718.894,7.599309,487,199949
06037265420,6,4,0,4,0,12,0,0,44.900002,13.083,4.4223328,3.3685329,9.6636496,17053.191,6.6371679,7624,201386
06037265510,46,39,7,26,5,161,12,3,69.599998,15.034048,2.4503131,3.4011974,9.5296469,182972.97,5.4110303,29998,237503
06037265520,31,18,6,6,1,79,10,1,65.900002,16.795109,3.3489618,3.4011974,9.5919991,17391.893,4.9721389,4648,238947
06037265601,4,3,0,2,8,21,0,0,58.599998,16.908749,0.68493151,3.4011974,9.1409464,4970.9546,2.7373326,766,241549
06037265602,17,2,0,7,3,31,3,0,59.299999,15.466235,0.69905627,3.3951683,9.1475973,4253.8462,10.607287,189,240309
06037265700,14,5,1,8,5,47,5,2,39.099998,15.044751,1.8812709,3.3547084,9.1881104,3052.521,4.0428061,511,226353
06037267100,19,9,0,11,6,85,2,0,57.700001,16.290504,1.9044321,3.3983407,7.8053055,3711.2676,9.8698826,1148,259204
06037267200,38,33,1,15,10,85,5,0,68.699997,17.35816,4.1098449,3.4011974,9.7384405,8116.4834,3.494282,3469,263360
06037267300,18,12,1,4,7,8,3,1,83.5,17.573204,3.9177277,3.4011974,11.7028,4746.9883,6.5739131,601,226832
06037267402,42,33,7,18,4,72,8,0,81.800003,17.119493,4.576659,3.3810368,14.027459,17268.293,3.9079065,2825,196790
06037267403,13,5,1,1,1,54,1,1,74.800003,14.072583,1.6528926,3.4011974,14.037082,8736.8418,4.1095891,688,223049
06037267404,17,18,2,13,0,62,1,0,68.599998,16,1.3059092,3.4011974,14.084507,11618.182,3.8212817,1345,214096
06037267501,9,22,0,1,3,15,4,0,82.099998,16.308529,1.8829168,3.4011974,14.310772,4074.2859,3.3069735,211,224822
06037267502,10,12,1,4,3,29,5,0,72.400002,14.619255,3.8190364,3.3901732,14.173196,3803.5715,6.1108236,359,208670
06037267600,30,14,4,11,6,53,8,0,77.900002,13.601157,8.0758427,3.4171612,14.673495,16520.408,5.6221886,5645,237054
06037267700,39,44,7,22,5,132,16,1,76.699997,16.2924,3.1563845,3.4062352,13.656958,20082.803,3.3201189,5474,253256
06037267800,108,32,5,10,3,43,12,0,65.099998,12.971234,7.5471698,3.4184737,7.6679487,11551.802,5.866426,1862,265342
06037267901,116,59,36,73,6,211,22,4,68.599998,12.789059,17.210944,3.2802844,10.863622,75393.516,0,36236,247616
06037267902,12,4,0,3,2,16,2,0,59.400002,15.617553,4.2592029,3.4011974,7.44278,20630,4.0429564,15600,265607
06037269000,16,5,1,4,4,52,5,0,39.900002,11.282524,3.0024395,3.3219175,9.6544552,2307.2561,6.5004883,1594,258932
06037269100,21,18,2,9,9,47,18,0,65.5,16.57337,3.4940601,3.2338774,9.3526144,6246.9136,5.1041665,736,254894
06037269300,29,14,3,2,5,31,3,1,35.5,9.4126606,3.1847134,3.4193046,7.9902997,977.69952,2.7792344,639,268411
06037269500,5,1,0,2,0,20,3,0,47.200001,12.809808,1.2909889,3.2696033,8.6965256,412.6394,2.496799,109,262799
06037269601,2,3,0,1,1,0,1,0,77.400002,14.930097,0.65681445,3.10852,7.7914767,7015.5044,7.4912891,493,252398
06037269602,4,1,0,1,1,2,2,0,67.400002,12.410768,0.6236358,3.1927836,8.5110741,2080.3572,4.6091018,96,263734
06037269700,10,8,0,1,5,5,5,0,65.599998,15.426474,2.9396045,3.2349467,6.6874323,5155.6196,4.0577097,582,260736
06037269800,6,7,0,2,1,2,2,1,68.199997,11.892473,1.076716,3.2989132,8.3400784,1366.6666,4.7619047,42,263177
06037269903,12,2,0,5,2,12,6,1,83.5,14.5,2.9554003,3.3962309,14.570901,5490.9092,3.9079461,456,278553
06037269904,8,12,1,4,0,4,5,0,81,11.541378,4.0342915,3.450948,12.246337,6915.3848,2.8246372,374,273828
06037269905,5,11,0,1,2,55,4,0,86.800003,16.329031,3.6010083,3.3960226,15.487694,8217.3916,3.7296038,393,268306
06037269906,3,0,0,1,1,1,2,0,76.699997,14.833,0.34013605,3.3968937,14.905849,1775,8.7462082,109,266756
06037269907,3,4,0,5,2,5,2,0,80.400002,15.667,3.1937544,3.3953204,11.691867,3186.9158,8.9248438,344,261607
06037270100,12,18,0,10,8,49,10,0,80.400002,14.661712,2.4064756,3.3497033,8.5279379,8381.8184,1.480076,879,267827
06037270200,16,3,0,5,3,5,6,0,73.800003,16.163052,2.0512821,3.1270452,4.9457531,3638.2251,4.4066095,544,257818
06037270300,12,6,1,2,4,66,6,0,69.400002,14.527556,11.158798,3.0240571,5.765069,6204.3008,4.3685465,2218,238926
06037271100,6,2,0,4,1,9,3,0,55.200001,8.3085117,4.8182216,3.4339871,7.2166452,990.35376,6.0631938,275,269382
06037271200,12,21,0,4,1,7,1,0,73.099998,9.8379908,2.4509804,3.4339871,10.748152,3054.4553,4.8220439,282,256413
06037271300,15,6,1,5,1,9,5,1,59.400002,9.7721758,4.4406851,3.4447637,8.7729654,2886.7256,2.0270269,1558,244558
06037271400,13,4,0,2,1,4,2,0,56,10.494866,1.7040613,3.4243815,14.956239,659.90991,11.422565,188,213728
06037271500,6,4,2,2,2,8,3,0,51.799999,11.310055,0.95785441,3.4617321,10.635171,854.70081,5.4347825,244,234747
06037271600,7,7,2,2,7,20,3,0,54.099998,7.1571784,1.5967153,3.4657359,9.1321831,1458.2133,8.4075174,86,254851
06037271701,13,9,0,2,5,14,3,0,58.900002,8.9549999,2.6940562,3.4602721,12.55326,3628.5715,3.6188178,564,271922
06037271702,7,7,2,3,1,18,6,0,70.199997,8.7917681,2.3799221,3.4619229,9.9646435,3970.3701,4.288939,555,266441
06037271801,3,7,1,0,1,6,2,0,66.900002,14.411434,1.3116474,3.4657359,11.29673,1150.5376,3.0723488,170,269848
06037271802,13,13,0,3,0,8,8,0,74.099998,14.795583,1.0359627,3.4612889,13.671936,3089.686,4.0217719,325,274591
06037271901,5,2,0,1,1,3,1,0,60.5,13.136054,0.55447741,3.4657359,10.647437,946.93878,4.2612066,215,262266
06037271902,8,4,1,1,9,8,5,0,56.099998,13.806437,1.304121,3.4507334,9.8793936,1795.5182,7.806324,542,262711
06037272100,15,11,0,0,1,12,5,0,56.599998,13.354682,3.1182538,3.3558524,11.880176,1112.311,11.033099,301,236601
06037272201,2,3,0,0,1,4,2,0,71.599998,14.073524,3.8560411,3.2580967,5.673759,1320,8.8875074,66,240365
06037272202,6,6,0,0,0,0,0,0,70.5,12.435901,0.88287228,3.2580965,5.6160722,1316.6667,9.9014549,49,227953
06037272301,6,7,0,2,1,2,4,0,57.900002,12.711281,0.67521945,3.384923,9.7212,630.90131,8.2771311,165,263716
06037272302,14,7,1,3,8,6,4,2,73.699997,14.581585,0.98111356,3.3048804,7.2448397,4046.1541,4.5592709,423,245872
06037273100,15,7,0,0,1,7,3,0,48.200001,11.471286,2.6150628,3.3116562,24.066858,863.43616,8.0893679,124,197697
06037273200,18,5,0,2,6,7,5,1,66.800003,14.559813,3.0087527,3.2495353,19.523827,3975.8064,11.439346,290,159355
06037273300,15,14,0,6,4,5,7,0,70.599998,16.066967,0.55096419,3.212703,19.996405,6380.0903,5.2117262,567,139487
06037273402,26,24,0,1,4,6,2,0,58.400002,16.92466,4.2553191,3.0702393,21.981163,5879.167,6.2460165,885,134172
06037273502,73,25,2,5,1,12,14,0,70.199997,17.814795,3.7878788,3.0612421,21.421232,5275.1089,13.62248,720,167557
06037273600,25,14,1,5,1,3,6,1,64.199997,16.981703,3.0276817,3.24827,18.339268,5753.3042,5.1191525,437,185766
06037273700,8,2,0,2,3,2,6,0,58.700001,14.04911,1.8416206,3.2580965,20.839273,805.24347,6.6627011,118,212656
06037273800,15,7,0,5,3,3,3,0,66.5,15.135633,3.2425422,3.2407455,17.697937,3080.4194,5.5921054,605,213310
06037273902,9,18,0,5,1,5,2,1,61.700001,15.674571,3.02267,3.0586669,7.5586362,2242.7747,10.027348,409,141460
06037274100,24,27,3,9,2,25,7,0,76.199997,15.89297,3.4475329,3.1816335,10.006246,5247.9341,9.6335468,439,192924
06037274202,18,12,0,10,1,23,4,0,56.5,15.896594,3.1302673,3.038136,6.509552,1702.1858,11.198738,421,135099
06037275101,4,0,0,0,2,1,0,0,63.599998,11.833,1.3614704,3.1202166,8.567749,2251.9084,11.080711,211,232587
06037275102,8,1,0,4,1,0,0,0,61.599998,7.5,1.3227513,3.0997379,7.9484477,643.77686,6.8565912,82,238740
06037275200,7,5,1,1,2,1,0,0,68.5,12.536558,1.5596569,3.232981,6.7405596,1670.391,7.0921988,139,237399
06037275302,40,22,3,3,3,72,9,0,62.700001,14.829793,4.5700042,3.1648746,9.1500311,5725.2588,2.9398255,2108,167916
06037275311,15,9,0,1,3,6,5,0,63.5,14.426719,2.3627772,3.1861274,6.2695313,1049.4845,7.5378442,381,219197
06037275400,17,3,0,3,2,3,1,0,76.099998,14.564077,2.4030209,3.24383,5.3614645,9175.8623,6.567029,1602,220486
06037275500,5,3,0,3,2,4,8,0,65.099998,10.617468,2.5291829,3.0552771,8.1284208,1278.9116,8.0184717,244,229747
06037275602,18,15,2,5,3,15,2,2,65.599998,16.5,6.0039095,2.9355953,17.120859,6296.2964,9.3168917,6100,190476
06037275603,5,8,0,1,0,10,5,0,67.800003,15.15505,8.8465464,3.0314796,9.3756428,5324.6753,7.6388888,237,220366
06037276000,28,14,1,12,6,79,4,0,57.5,13.901329,3.944066,2.3550453,7.4654675,5181.6167,3.4975019,4252,162831
06037276100,14,12,4,7,11,4,5,0,67.199997,14.108716,1.6439257,2.2667437,7.2845974,3284.9604,5.230011,231,160883
06037276400,7,4,0,1,4,7,0,1,54.5,10.318439,0.48685492,2.5462105,15.037567,539.55377,8.8817892,128,158810
06037276500,9,9,0,1,1,5,3,2,48.400002,11.862943,1.2195122,2.5378838,18.306597,7971.7388,2.6600542,3354,154809
06037276601,14,13,1,8,6,19,6,1,42.200001,13.814489,3.7343292,2.5803127,16.405138,657.77264,9.0824404,160,174957
06037276603,10,1,1,3,1,11,4,0,70,11.792985,0.70834071,2.4636858,15.951555,795.45453,9.1176472,125,145203
06037276604,9,5,0,2,3,9,4,0,62.900002,13.869264,0.7322431,2.4882741,15.807098,3712.9629,11.175786,978,152472
06037277000,14,4,0,4,10,7,4,1,52.400002,10.288501,1.6468435,2.5112414,9.7671261,1885.1351,8.2999201,704,160782
06037277100,5,8,0,4,3,4,2,0,60.700001,14.558434,2.2602519,2.2479672,6.3531818,2492.6626,1.5405225,209,162529
06037277200,13,10,3,10,6,7,7,1,85.300003,13.623726,6.0996272,2.0070868,6.7889204,22967.66,8.0414009,2195,162533
06037277400,3,3,0,1,2,0,0,0,71.599998,14.207239,3.6429872,1.9535577,6.7189031,2109.3118,11.904762,26,165505
06037278001,37,21,8,6,10,78,11,1,50,17.833,12.690355,2.2972243,9.593689,5370.7861,4.6677217,1702,160490
06037278102,16,20,0,3,1,13,3,1,44,14.486226,1.375043,2.5257287,16.082706,825.61731,11.826762,270,160045
06037291110,4,3,0,1,4,1,1,0,62.900002,11.567953,1.442169,0.69314718,13.937057,265.45453,12.992126,90,76078
06037291120,5,1,0,1,1,2,1,0,75.599998,13.833,1.7293558,0.69314718,11.856434,7885.6089,11.121674,249,81817
06037291130,8,3,1,5,1,2,2,0,69.5,13.507616,4.3240127,1.3010732,10.91259,4509.0181,7.2094469,164,104467
06037291210,8,3,0,0,7,5,3,0,71,14.017004,1.2057878,1.7561026,10.439042,1989.5834,12.801823,298,110882
06037291220,13,8,0,3,9,0,3,0,70.699997,14.474749,1.1785504,1.6680783,11.278722,1300.6328,9.5662508,186,119445
06037291300,14,12,8,1,3,8,4,1,67.300003,15.016309,8.2610492,1.4639032,7.9443955,3531.8679,20.945946,1281,131487
06037292000,29,21,4,5,8,10,8,1,78.199997,12.474808,4.2982066,1.7820327,4.4886956,9162.5645,11.026753,4943,130415
06037293201,9,15,0,3,6,5,4,0,65.199997,15.19541,0.48177292,1.6367106,2.4280696,1628.6407,12.40709,251,104671
06037293202,14,6,0,1,3,2,11,1,76.900002,13.423521,0.48216008,1.6094379,2.7325413,4189.6553,5.2572708,342,100566
06037293301,8,12,0,1,1,3,4,1,72.099998,14.333,1.0252905,1.6094379,3.4643934,2058.2822,4.5112782,84,99936
06037293302,6,0,0,3,5,17,2,2,66.800003,15.70627,0.76849183,1.5936272,6.6523151,1504.6296,12.335735,349,89041
06037293304,7,5,0,0,3,0,4,0,72.5,14.960061,0.69897484,1.4997342,5.5740504,1004.5455,9.1806087,88,85566
06037293306,5,1,1,1,0,3,3,0,61.200001,14.693322,0.85763293,1.2878543,5.0945086,690.08264,14.842455,48,71001
06037293307,5,4,0,0,1,2,0,0,82.900002,15.405492,2.8782895,1.3908749,5.2286472,2900,13.744076,53,83690
06037294110,3,2,0,0,6,8,2,0,67.099998,14.468339,2.2666392,1.0421067,4.9545426,926.89301,4.2553191,312,120348
06037294120,2,2,0,0,3,0,1,0,77.400002,13.801282,1.8070112,0.69314718,3.7452908,1021.5589,10.849056,68,106407
06037294200,5,5,1,2,9,1,3,0,68.300003,14.224114,1.7754981,1.0986123,4.504849,739.13043,3.8427949,179,107338
06037294301,0,1,0,1,1,1,0,0,61,12.257569,2.8466856,1.0986123,5.0619712,210.90909,8.0606546,25,95535
06037294302,6,3,0,0,1,0,1,0,70.300003,14.16086,1.5792244,1.0986123,8.2755108,731.48151,14.885892,116,70620
06037294410,3,2,0,1,7,13,0,0,69.199997,15.760284,1.2745812,1.0990846,6.5342984,1276.3976,14.177804,189,85197
06037294421,2,9,0,1,5,5,8,0,80.099998,15.540075,2.6586906,1.3019441,6.4340067,14334.631,3.018868,3216,83591
06037294510,4,2,0,0,1,2,7,0,72.300003,13.801193,0.44306602,1.0685861,5.3544769,3470,1.2195121,111,106215
06037294520,6,5,0,2,5,4,3,0,70.599998,15.833,1.2639029,0.87285686,4.1900182,1636.3635,9.1254759,244,106512
06037294610,4,6,2,0,2,5,3,1,62.599998,16.589439,0.98741052,0.69314718,3.9198868,1374.2139,10.302734,186,107340
06037294620,3,3,0,0,7,3,4,0,74.699997,15.555955,2.2722109,0.69314718,3.4103327,1443.077,6.0507832,221,85194
06037294701,16,12,1,0,4,12,4,0,82.5,15.516722,5.9804847,0.69314718,4.3541617,3094.6746,8.3404255,935,78596
06037294810,2,3,0,0,0,0,5,0,76.900002,14.747523,0.88593577,0.73385549,8.3339272,822.58069,5.2821131,43,93856
06037294820,11,3,2,0,2,7,11,0,81.5,16.822662,1.0964912,0.69314718,6.0594049,4520.27,11.890448,137,85851
06037294830,4,1,0,1,1,1,2,0,76.400002,14.178763,2.5793139,0.69314718,8.7312241,1257.3099,6.9320521,139,84355
06037294900,2,3,0,3,2,0,3,0,73.599998,15.59384,1.662234,0.7715652,8.6538458,943.77509,3.3684208,121,82086
06037295103,10,9,2,1,1,6,5,0,64.699997,13.719926,1.1723329,0.77426577,9.4305115,2568.01,10.719755,214,45753
06037296210,1,3,0,0,0,1,0,0,67.800003,12.820126,1.8274854,-13.815511,11.259692,703.70367,14.331985,94,26594
06037296220,20,20,0,2,3,6,3,1,77.800003,14.686154,2.6752274,-13.815511,13.459973,4231.8838,16.752726,1452,21527
06037296300,21,13,4,1,3,16,6,0,59.900002,14.616204,1.1233431,-13.815511,7.5165644,3236.5854,11.125484,267,40162
06037296401,5,0,0,2,3,4,3,0,54.400002,14.045672,0.69348128,-13.815511,8.6868401,585.30182,14.357501,183,31147
06037296402,3,2,0,1,4,1,0,0,49.099998,13.640143,2.7806743,-13.815511,6.7656617,198.01979,3.635015,63,35778
06037296500,6,2,0,0,2,2,1,0,59.299999,13.489546,1.2553352,-13.815511,9.0222216,655.17242,6.2745104,155,36318
06037296600,10,13,2,1,13,35,5,3,78.300003,17.723169,4.2826552,-13.815511,12.063914,3889.231,10.430839,2805,22040
06037296901,4,1,0,1,2,2,3,0,71.800003,15.46182,1.4044944,-13.815511,15.073135,1701.6807,7.8220859,282,20179
06037296902,4,2,1,2,6,1,3,0,74.099998,15.994177,2.5034771,-13.815511,14.269944,1391.5344,3.4695017,294,20881
06037297000,16,3,0,1,5,22,3,0,52.599998,14.258374,2.246732,-13.815511,12.964184,492.83151,8.1498642,102,18079
06037297110,16,5,2,2,4,3,14,0,83.300003,15.289842,1.2755102,-13.815511,14.184133,2292.5532,16.935904,464,21023
06037297120,7,5,0,1,0,0,1,0,79.400002,15.213449,1.4551804,-13.815511,13.76982,1000,7.181572,89,19624
06037297201,3,5,0,2,5,0,3,0,73.699997,14.706531,0.81366965,-13.815511,12.054776,641.02563,14.551607,50,17809
06037297202,7,1,0,2,2,0,3,0,65.099998,11.884725,0,-13.815511,10.30841,279.27927,7.5854087,69,17499
06037297300,8,6,1,0,4,6,6,0,36.299999,12.563975,0,-13.815511,7.7638059,885.83514,17.249416,187,14655
06037297400,9,3,3,2,0,11,2,0,41.900002,11.395268,0,-13.815511,8.3136616,459.15839,7.1323528,80,15252
06037297500,7,0,1,4,1,5,2,0,46,12.994604,0.2037905,-13.815511,7.0740972,271.27005,9.7070398,72,10601
06037297601,7,2,0,2,0,0,4,0,48,12.360641,3.3173609,-13.815511,9.0899487,210.34483,14.420359,12,12353
06037297602,4,0,0,1,0,4,0,0,60.799999,13.730561,2.1276596,-13.815511,9.0401468,266.66669,8.1364832,61,13670
06037700501,43,37,11,15,6,109,11,1,69.400002,17.897816,4.359673,3.0561168,18.018366,27004.328,6.6018634,3348,215760
06037701100,1,5,0,10,1,22,0,0,38.900002,12.5,23.088023,3.3969691,10.764768,9042.9883,51.6129,5493,214759
06037800204,54,22,4,18,0,61,15,2,19.200001,10.12748,3.403676,-2.2563722,19.615162,1761.9695,32.237961,3117,45358
06037980008,27,10,0,5,5,9,1,0,58.400002,14.167,57.915058,2.3978953,11.321362,3893.1592,0,1606,80141
06037980010,1,3,0,1,1,0,1,0,26.9,13.5,0,3.0046213,5.4360929,886.20685,4,1497,344544
06037980015,2,0,0,0,0,20,0,0,41.299999,12.333,15.873016,1.0986123,11.667722,378.31204,9.3984966,78,59508
06037980019,0,0,0,1,1,0,0,0,0.40000001,6.8330002,5.988024,0.72951478,8.4412136,6.0442462,7.2463765,60,7314
06037980024,11,3,2,3,2,10,3,0,14,15.167,252.10084,1.9993988,11.589375,273.96371,14.598539,507,67441
06037980031,10,13,2,4,5,3,5,0,64.099998,10.833,9.8522167,-13.815511,12.582183,598.47864,0,364,45980
11001000100,100,50,12,29,19,23,11,2,27.9,17.463125,6.9444444,4.7343073,4.3859558,12138.504,4.953445,4255,542840
11001000201,1,1,1,1,0,125,0,2,45.700001,12.667,1.227295,4.6443911,5.2099915,25717.703,0.97481722,16886,545672
11001000202,71,42,5,16,10,23,10,2,44.200001,16.114513,4.4212219,4.7079945,4.2116275,53848.387,3.3757124,2770,545234
11001000300,5,6,1,9,0,19,1,0,37.5,13.761878,3.8896092,4.6886754,5.7223735,2035.5331,3.4482758,403,553439
11001000400,6,7,1,11,19,16,2,0,27.5,17.984545,14.531044,4.6940928,4.7809091,4805.7432,4.0852575,1055,558113
11001000501,9,21,1,3,2,18,2,0,31.9,14.645629,3.7140204,4.7195344,7.6597366,7606.0605,6.195044,246,568952
11001000502,3,1,0,5,4,42,1,0,38.700001,15.375683,3.5760728,4.7046452,7.7198954,2048.8889,4.2343674,304,570307
11001000600,7,8,1,3,5,7,0,2,27.5,15.378613,5.8139535,4.704586,10.500084,2940.7542,4.9356222,1432,561269
11001000701,0,5,1,6,5,15,3,0,38.400002,13.225469,2.9030817,4.6872678,8.6784105,1910.3774,2.7967257,79,550224
11001000702,0,0,1,0,1,2,1,0,44.599998,12.966516,2.5125628,4.6756463,6.3336549,495.57523,9.1298761,71,546808
11001000801,8,13,1,7,3,85,3,1,15,13.901636,3.2559456,4.613914,8.4565153,1223.4983,6.0409927,678,519144
11001000802,2,2,0,2,2,11,1,1,16,15.182339,7.8369906,4.6063066,7.0048065,1444.6202,2.4599543,792,527145
11001000901,6,5,7,8,4,81,1,2,19.5,13.300469,3.8692462,4.3987169,8.5854549,3872.9185,4.7087979,5794,419419
11001000902,3,11,2,2,1,10,0,0,15.1,14.881192,7.8192876,4.362494,7.2570662,1070.9319,2.6629937,665,405257
11001001001,20,11,7,9,14,78,8,1,30.1,15.905749,4.002001,4.4553041,12.569502,62169.832,4.7774158,1301,429886
11001001002,6,3,0,0,4,10,2,0,40.900002,15.353175,3.8167939,4.6944013,12.70777,13813.411,8.4721556,4967,546375
11001001100,42,27,8,13,11,78,4,1,35.900002,17.76059,9.5973783,4.4136853,10.775386,6782.0708,4.9751244,2446,409086
11001001200,8,3,1,4,5,25,1,0,38.200001,15.596665,5.0348567,4.6592059,14.285714,3076.5957,4.5469413,1199,510174
11001001301,2,0,0,2,2,49,1,0,8.1000004,12.391224,1.4289116,4.6355615,13.365413,217.78584,10.255433,234,451023
11001001302,13,23,6,7,6,28,8,2,20,14.00835,2.2265881,4.7050829,11.047084,4175.6099,7.5380912,1684,543572
11001001401,6,3,2,2,3,17,3,3,27.799999,16.381035,5.4770827,4.3746014,10.449175,1328.9474,5.5412369,73,334176
11001001402,3,2,0,2,3,33,1,0,22.5,15.361558,8.0699395,4.488616,10.035802,2375.7227,3.9118066,446,407200
11001001500,4,0,0,5,2,29,0,0,9.1000004,13.268492,5.6050115,4.2924323,9.964036,338.12155,4.5317221,523,267947
11001001600,5,3,0,7,21,33,1,0,21.1,14.359965,7.231164,4.2234731,13.685561,1801.7577,9.553853,1126,158020
11001001702,6,3,0,4,15,5,3,1,49.700001,16.906891,5.7824359,4.3940496,9.5620508,3917.1272,11.727689,1219,325662
11001001803,0,1,0,0,0,5,1,0,13,12.659,5.1266586,4.556047,8.4859381,45.558086,11.911765,15,412150
11001001804,6,3,1,2,5,5,8,0,47.299999,13.577177,2.4904215,4.5668802,9.7421284,896.55176,4.989059,29,440379
11001001901,6,9,2,5,7,7,4,0,57,15.375292,2.8705637,4.5927567,13.38849,1602.6936,13.351649,311,442345
11001001902,4,0,0,2,7,4,0,0,43,15.104536,4.1020966,4.6303449,6.2518897,1416.9097,10.526316,384,443474
11001002001,1,2,0,0,8,1,1,0,32.900002,13.167176,7.4165637,4.6681981,8.3499975,2077.8689,6.666667,424,437133
11001002002,7,2,0,3,18,6,1,1,50,14.586004,6.2364425,4.7049327,17.51754,2426.8291,9.6759043,435,484249
11001002101,5,11,0,2,11,8,13,0,58.900002,14.513578,3.0564545,4.7117915,22.71953,3405.1726,10.316206,567,454023
11001002102,6,3,0,1,12,6,2,0,59.599998,15.218358,3.9451827,4.7057328,15.497677,2139.2856,10.630499,544,429049
11001002201,2,3,3,1,3,3,1,0,63.900002,16.954153,2.4556617,4.7130499,21.391594,637.5,10.783609,41,536489
11001002202,3,0,1,2,5,2,3,0,37.400002,14.784237,2.2909507,4.7221079,17.178925,462.68655,15.584415,40,513090
11001002301,1,2,2,0,3,2,3,0,58.5,14.656912,5.9901339,4.7110772,14.788459,459.11951,6.4859114,88,505951
11001002302,1,5,3,1,2,145,1,0,31.700001,7.6669998,6.0716454,4.7575722,28.457447,23800.258,19.252874,18303,505182
11001002400,10,10,0,2,19,2,8,1,63.299999,14.638701,7.0844687,4.7066355,17.016367,2595.3489,6.7578769,741,520750
11001002501,2,7,1,1,8,7,5,0,59.5,15.770024,4.7434239,4.7051134,27.387939,8809.5244,9.1842899,169,540641
11001002502,6,7,0,1,6,4,5,2,63.299999,14.498462,2.5942926,4.7044749,26.662741,2665.2361,7.726912,457,532027
11001002600,0,1,0,5,14,16,2,0,14.8,12.347,3.7098104,4.7082167,20.949673,181.37256,16.328188,131,544712
11001002701,1,0,0,0,5,9,0,0,38.900002,14.007007,1.6498247,4.7101207,21.48131,2609.1956,6.5389299,417,536008
11001002702,9,12,2,2,3,7,9,2,56.299999,15.418596,4.4470224,4.7172995,13.012418,3781.915,4.1732697,430,542657
11001002801,3,1,0,1,2,3,1,0,74.699997,14.095732,1.2385435,4.7170048,14.357782,2075.7576,11.468813,40,532639
11001002802,11,16,1,1,7,5,1,0,80.300003,15.515273,2.1097046,4.7329888,12.940157,17269.662,7.4512534,773,531409
11001002900,3,14,1,4,6,2,6,0,74.599998,14.932849,1.9392372,4.7131996,9.334734,8418.8037,6.83149,271,530342
11001003000,4,5,3,3,5,2,2,0,73.599998,12.537453,2.2824536,4.749732,12.948943,2950.6172,6.4420214,86,520170
11001003100,5,6,0,0,2,3,7,0,77.199997,16,6.2351544,4.7431173,8.3034458,9026.3154,15.472482,1489,513228
11001003200,7,10,1,4,5,11,13,0,70.599998,11.426896,2.0491803,4.7289972,7.5650311,1058.1395,14.144376,75,512798
11001003301,3,0,0,2,4,2,6,1,57.200001,12.869081,3.6267722,4.8183837,29.096205,917.64703,7.531693,130,526219
11001003302,4,8,0,3,6,5,7,0,80.699997,15.182892,4.3859649,4.9250617,24.045065,2831.1689,10.626702,64,521753
11001003400,7,7,2,5,7,27,3,2,58.799999,16.11824,4.8484848,4.8115106,21.867233,7056.4971,8.3604774,2177,535879
11001003500,4,7,0,0,3,1,5,0,73.900002,16.462322,4.0236052,4.7618737,20.046602,2925.1702,3.6655684,225,531901
11001003600,3,0,1,2,2,0,2,0,73.199997,14.870394,2.0925366,4.7507124,23.639019,3228.8135,7.6493082,386,534426
11001003700,3,1,0,3,2,3,4,0,67,12.900507,1.4101531,4.747623,22.905849,2353.9824,6.166718,135,541108
11001003800,20,39,0,3,10,13,9,0,76.300003,16.500067,1.4928556,4.753077,16.967039,16065.694,8.3850937,1031,552539
11001003900,4,3,1,1,1,4,6,0,41.5,13.745193,1.6025641,4.7219353,13.26355,2605.4421,11.759583,127,565015
11001004001,2,1,2,0,0,10,1,0,58,14.886293,2.8304557,4.7364354,11.364598,3352.3811,2.5758646,119,545263
11001004002,7,22,4,9,1,3,3,0,81.199997,14.573181,2.4916944,4.732265,13.084138,29368.422,6.485539,828,543762
11001004100,3,3,0,6,8,18,0,0,45.099998,16.447872,5.11883,4.7269177,6.5332675,2019.7369,2.3726449,297,548523
11001004201,5,12,0,4,0,10,4,0,80.5,15.0002,1.9668446,4.7505684,11.505682,17113.924,2.7435808,634,543373
11001004202,16,20,1,9,2,29,7,2,82.800003,17.57675,0.78585462,4.7449322,10.714286,28250,4.4504023,801,542999
11001004300,10,10,2,7,10,5,7,0,79.099998,15.940972,3.3875339,4.7605042,24.872557,12417.583,7.0846615,457,537421
11001004400,22,48,6,12,11,9,16,0,81.400002,18.368805,5.0685189,4.7803464,18.89341,35129.352,1.8389663,4726,526883
11001004600,5,4,0,0,13,0,6,0,73.300003,15.405295,4.1260315,4.9645095,34.697201,3467.4556,5.7903876,547,520222
11001004701,2,5,2,1,6,1,1,1,78.800003,15.057024,2.5332489,4.996757,21.604055,5241.9355,4.420177,471,513093
11001004702,7,3,3,3,4,0,0,2,83.099998,18.167,12.457531,5.01407,25.794624,51944,5.218688,1489,513758
11001004801,4,13,1,10,11,4,9,1,73.900002,16,7.9286422,4.8979111,23.911457,9544.7148,4.3028321,589,523562
11001004802,1,3,0,2,14,1,2,0,74.300003,17.639977,1.9474197,4.9492545,28.027491,3711.7117,3.622251,329,524489
11001004901,7,6,1,2,13,1,2,1,78.099998,13.699737,5.5108097,4.8532286,7.4010925,8304.7617,4.3263965,946,525240
11001004902,3,10,0,1,6,4,3,0,81.300003,17.567274,2.5839793,4.9211316,12.512186,11931.373,1.4519906,500,539642
11001005001,7,11,2,1,6,6,0,0,79.400002,17.233223,4.2826552,4.8336849,14.082295,6569.6201,4.216074,339,542185
11001005002,4,10,1,0,6,7,3,0,80.199997,15.869725,2.1273114,4.9232001,12.062405,15188.889,2.0955789,532,541710
11001005201,7,10,4,13,13,4,3,0,83.699997,14.469571,2.4344569,4.8269897,14.536402,23641.223,3.9640985,953,547075
11001005301,12,24,1,18,10,17,5,1,81.5,15.593122,1.4956067,4.7844973,10.710599,40450.449,6.3378344,2107,547632
11001005500,21,60,6,27,14,163,7,3,73,15.9814,4.3602466,4.7834668,7.8322849,94576.133,5.3069968,18802,549311
11001005600,3,8,0,10,7,59,3,1,69.199997,17.102362,1.4849035,4.8290691,5.8960419,20005.525,8.0876389,2339,551769
11001005800,59,153,41,48,25,31,29,19,90.599998,18.083099,33.233757,5.0089116,44.70689,170588.06,2.0544426,48248,539576
11001005900,8,19,7,18,12,10,3,4,79.400002,17,7.2421784,5.0229487,36.861401,68903.617,2.2960725,12042,514779
11001006400,3,4,0,4,3,2,1,0,55.900002,15.629919,5.4914882,4.9375401,7.6540151,2018.797,10.49936,167,535514
11001006500,6,19,6,8,9,29,3,1,65.099998,16.120192,0.77190274,4.9444046,8.1836128,67541.664,2.8337531,1198,522725
11001006600,9,11,3,8,4,8,14,1,70.5,18.333,4.1688379,4.9843841,12.121335,11192.982,4.9513707,1789,502096
11001006700,5,1,0,1,4,3,6,0,64.199997,14.486358,2.1744383,4.9443393,20.050301,1236.3636,9.6440878,4654,492202
11001006801,2,0,0,3,2,3,1,0,66.099998,12.741634,4.004004,4.9021883,53.121361,115.78947,6.853147,9,463142
11001006802,3,1,0,4,2,0,2,2,61.900002,14.707303,3.2626427,4.8921704,41.483482,1128.4404,4.9107141,70,460712
11001006804,0,0,0,0,0,4,0,0,34.599998,13.667,3.6114121,4.8680396,54.237289,1194.6309,5.8823528,319,454313
11001006900,3,3,1,5,4,7,1,0,66.199997,17.125008,3.3812342,4.9075885,23.996443,5708.8604,1.3157895,655,477671
11001007000,14,23,0,8,14,12,6,0,69.699997,15.997806,4.6765394,4.9225121,9.4694271,17753.086,3.9593909,2099,515696
11001007100,5,1,0,3,6,4,3,0,58.799999,15.516289,3.6730946,4.9132695,26.990404,11539.474,5.609756,1682,492579
11001007200,5,15,4,5,2,2,2,1,68.900002,16.836117,11.71459,4.9372735,8.4203873,9803.8096,2.588912,5347,518346
11001007301,2,3,0,3,4,2,3,4,24.1,8.3330002,1.8927445,4.5520878,25.936928,152.93454,2.0125222,403,491003
11001007304,2,1,2,2,6,3,1,1,30.9,13.948212,12.019231,4.5553741,25.806664,2554.3933,14.231856,1024,316716
11001007401,0,0,0,0,5,2,3,0,35.599998,14.353047,12.03266,4.8211083,25.566954,1006.4656,31.207291,418,493428
11001007403,2,1,0,1,1,0,1,1,37.799999,12.167,3.360831,4.5847754,11.35294,912.69843,18.851757,33,311691
11001007404,1,0,0,0,4,1,0,0,34.799999,13.268086,8.6306099,4.6708727,13.404936,514.46948,15.037593,69,420966
11001007406,0,0,0,0,3,0,0,0,39.799999,9.7675695,6.703585,4.7722301,20.454546,258.74124,22.494173,28,456239
11001007407,3,1,0,4,7,2,1,0,34.099998,13.970149,8.7354409,4.7658434,22.026026,161.01695,7.8758945,13,446762
11001007408,3,1,0,2,3,0,0,0,38.5,11.333,3.8472921,4.5803947,16.286161,128.37837,21.73913,24,311842
11001007409,0,1,0,0,0,0,1,0,44.799999,13.013548,5.8078141,4.5419378,23.853546,25.974026,21.60804,37,282242
11001007502,1,0,0,1,5,2,0,0,45.099998,13.225248,5.9752454,4.6236649,15.641094,3302.521,11.336599,525,331620
11001007503,8,8,3,3,9,10,5,0,55,12.56321,5.5009823,4.7965388,19.204359,1440.4144,6.6570187,397,469386
11001007504,1,2,0,4,3,2,1,1,22.9,11.5,9.6969697,4.7403507,18.430712,110.38961,16.955446,43,444485
11001007601,5,3,0,3,9,1,1,0,44.099998,13.569974,4.4042652,4.7839899,22.621616,1014.0187,16.080637,276,470882
11001007603,6,1,5,0,6,0,4,1,29.200001,13.036357,8.5967831,4.5267005,19.848822,689.87341,20.454546,130,291244
11001007604,2,1,0,2,7,10,1,1,28.700001,14.159772,9.2059839,4.6786003,17.664146,231.06061,10.45168,35,397145
11001007605,2,0,0,1,8,3,1,0,44.200001,12.194281,2.9231996,4.7409577,18.744175,274.28571,22.363405,38,446001
11001007703,3,0,0,1,4,0,2,1,34.099998,10.651621,6.7827681,4.6252499,15.905176,589.74359,15.239634,235,311004
11001007707,2,0,0,2,7,1,2,0,42.799999,12.785243,5.5983205,4.3072867,12.4052,156.92308,20.378151,33,140167
11001007708,0,0,0,0,8,0,0,0,34.299999,11.834497,1.8491124,4.7380891,22.20048,339.22263,19.047619,47,431499
11001007709,0,1,1,0,5,3,1,0,34,13.766894,7.5140889,4.7287316,12.923146,489.23077,14.190687,65,446396
11001007803,3,7,1,3,13,13,4,1,42.5,12.328378,9.3727469,4.4713035,17.420853,1780.3618,12.454212,954,259646
11001007804,0,1,1,1,12,6,1,0,41.799999,14.506076,8.0984775,4.2348495,18.872757,1766.8711,13.562621,563,138095
11001007806,0,1,0,0,11,0,0,1,51.200001,13.167,10.393131,4.2045569,15.994359,571.42859,16.331995,125,204996
11001007807,0,0,0,1,9,0,2,0,44.299999,12.613712,5.2840159,3.9643652,17.677927,272.27722,24.177214,37,110198
11001007808,1,2,0,2,13,0,1,0,38.799999,11.891232,3.9673793,3.9887824,22.522686,667.58246,10.607434,88,106606
11001007809,0,0,0,1,11,0,1,0,47.900002,13.800843,5.4368932,4.1969838,15.636237,1048.3092,20.370371,3,150321
11001007901,3,4,1,1,7,21,1,0,67.800003,13.8881,2.6159334,4.9488273,19.529312,2045.4546,9.3371754,460,467875
11001007903,1,1,0,1,1,1,0,0,66.699997,16.5,1.2714558,4.9309392,28.502356,8585.1064,14.168377,14,459572
11001008001,2,1,0,0,6,2,3,0,70.800003,13.915426,3.6563071,4.966506,14.323931,2928.5713,3.7790697,168,491692
11001008002,2,1,2,2,6,0,4,0,61,14.430223,4.3584854,4.9479771,30.182981,2825.1121,3.9923038,159,480398
11001008100,0,0,1,0,6,6,1,0,70.599998,14.931519,3.5304501,4.9736362,13.034356,7336.2832,7.3667712,212,498095
11001008200,1,7,3,5,25,8,2,0,74.099998,16.165205,1.7024174,4.9863539,6.5809898,12717.558,3.2474804,259,507834
11001008301,5,11,0,7,6,7,4,0,74.599998,15.919084,1.8545994,5.007185,6.4794006,8974.3594,4.0290618,1360,503921
11001008302,6,6,1,1,7,3,1,2,74.300003,15,5.9650618,4.9925528,6.6259289,11970.297,3.7760417,1522,505043
11001008402,10,24,3,1,3,5,5,1,74,16.960524,5.5632823,4.9969468,10.500465,4625,5.4522133,227,498851
11001008410,1,5,0,0,9,2,2,0,74.199997,18.833,8.6455331,4.9799752,11.298218,3247.0588,12.386707,29,496944
11001008701,1,2,0,0,2,0,4,0,70.099998,14.760844,5.1764706,4.9299526,26.288809,10628.378,8.303031,1497,512870
11001008702,4,2,0,0,6,1,4,2,68.599998,16.235508,7.4309979,4.9107475,30.74218,3371.5847,9.329073,222,510856
11001008802,1,2,0,2,9,0,1,0,67,13.83638,2.65428,4.9716454,16.696831,802.19781,7.2276721,193,498034
11001008803,7,8,2,1,3,2,13,0,63.900002,15.833,7.4696545,4.927784,16.612112,5984.2695,4.3243246,1341,498206
11001008804,4,4,0,2,4,3,2,0,47.200001,15.942344,5.9985886,4.952106,21.068167,1743.4211,18.567389,439,453513
11001008903,3,2,0,0,3,2,4,0,61.799999,12.744149,5.9479554,4.9409957,22.554626,905.17242,6.8006182,18,453065
11001008904,7,2,2,1,1,4,4,0,59.099998,14.070837,4.358655,4.9243016,25.031551,1857.9546,20.845741,68,447021
11001009000,3,0,0,2,4,5,1,0,29.1,12.064789,8.9895721,4.7684374,34.667873,921.81818,14.812085,246,370044
11001009102,16,7,4,6,9,8,2,0,70.900002,13.339433,6.5992988,4.833499,12.301041,3605.0776,13.956767,1311,475409
11001009201,6,3,0,2,26,0,3,2,39.299999,14.667,8.9585666,4.8283505,9.0856781,6753.0366,4.6649146,1079,492932
11001009203,0,1,0,2,3,1,2,0,38.599998,12.941841,4.6296296,4.831151,33.507217,167.40088,21.575584,37,504009
11001009204,3,0,1,1,3,1,0,0,63.900002,15.433053,4.2113323,4.8432488,11.549589,6572.6494,20.181635,626,491127
11001009301,5,8,0,3,25,7,4,2,44.299999,15.649985,13.084112,4.8279486,10.886217,1564.7058,6.2385321,832,480577
11001009302,2,2,0,0,5,8,3,0,58.299999,17,8.6880973,4.8338742,9.5088968,4743.5898,11.721068,124,469602
11001009400,6,5,0,4,16,11,5,0,40,15.425714,8.9458414,4.7600627,12.613126,830.61884,13.903281,104,411679
11001009501,1,2,1,3,14,3,1,2,35.599998,10.796144,3.2679739,4.7161679,13.311678,5892.8569,11.772192,3768,502728
11001009503,4,0,0,2,12,7,1,0,31.6,13.320229,7.6166296,4.7186861,9.7328863,1016.3934,5.9315586,366,419341
11001009504,7,2,0,3,13,78,2,1,51.200001,16.714876,12.371863,4.7589078,10.79694,3676.7676,5.323194,1226,488583
11001009505,5,0,0,1,7,5,4,0,46.900002,15.969407,11.420414,4.5494428,16.365252,1502.4875,15.390071,528,398817
11001009507,2,1,0,1,3,2,1,0,50.200001,12.667,2.7720028,4.5887504,20.104332,149.1228,13.70869,0,393653
11001009508,3,2,0,1,3,1,1,2,48,13.109594,8.0197409,4.6664424,16.242508,1745.2054,6.484848,123,395346
11001009509,4,2,0,1,3,0,1,0,57,12.806049,6.2152437,4.7207451,15.488216,502.02429,11.78396,152,423221
11001009601,3,0,0,1,8,0,3,0,21.700001,13.833,5.893186,4.4168615,13.739849,358.51648,8.1411123,46,271521
11001009602,2,0,1,1,2,1,0,0,45.5,12.029527,5.4644809,4.6602702,14.296739,2193.1541,19.983065,181,414200
11001009603,11,2,2,4,4,4,3,2,59.299999,15.641278,6.219765,4.5721412,18.098522,2578.9475,15.00664,218,312011
11001009604,3,1,0,1,5,2,1,0,51.200001,14.373541,7.2254335,4.7809162,15.95613,779.56989,11.67002,47,431968
11001009700,3,0,0,0,1,2,0,0,52.599998,13.775997,6.0240964,4.4376311,22.089012,506.41025,19.538969,41,281244
11001009801,0,0,0,0,2,0,0,0,43,14.667,13.016412,4.4412384,19.213367,616.76648,33.54232,175,282016
11001009802,1,0,0,0,0,1,0,0,54.200001,12.775583,8.2712986,4.4130921,20.009203,0,24,0,263147
11001009803,2,3,1,3,10,6,0,0,41.299999,13.997646,5.6657224,4.5226774,10.427598,439.02438,21.968191,85,345059
11001009804,1,0,0,0,8,1,3,0,44.900002,12.748109,6.4818149,4.5841155,18.247099,275,19.23077,60,344990
11001009807,0,3,0,3,3,0,2,2,33.900002,12.828242,7.719524,4.3648686,27.864159,1004.9875,17.435497,230,265327
11001009810,1,0,1,0,4,0,0,0,42.799999,12.247369,3.1832651,4.3618865,23.939985,259.74026,47.653431,27,203197
11001009811,3,1,1,2,2,4,1,0,52.200001,14.099394,3.6398932,4.330307,23.556046,2994.4753,39.788731,318,201818
11001009901,3,2,1,0,13,5,1,0,18.5,12.042121,7.6335878,4.6402578,13.979939,339.90149,8.5148516,283,290395
11001009902,4,1,0,0,9,2,1,0,20,13.008772,8.8300221,4.4837174,15.183464,188,13.809911,95,246895
11001009903,3,1,0,0,5,0,0,0,52.200001,11.895538,6.0652009,3.9797006,24.000969,103.44828,22.591743,63,109239
11001009904,1,0,0,0,5,1,0,2,48.400002,12.219756,7.2944297,4.2707505,13.971026,42.682926,16.697588,26,140532
11001009905,0,0,0,1,10,0,2,0,48,13.112055,1.5936255,4.1381354,17.876904,149.70061,15.257531,29,116656
11001009906,4,0,0,0,3,0,0,0,53.099998,12,5.4982818,4.3929415,7.9548383,593.75,16.572239,5,204292
11001009907,1,1,0,0,1,5,1,0,34.200001,13.537761,8.1997764,4.4445086,8.5447102,2777.7776,19.923737,800,200208
11001010100,30,55,38,82,21,37,19,4,87.800003,17.51425,18.846154,4.9308705,21.072489,177464.28,6.3383975,25614,544027
11001010200,12,16,13,7,8,14,5,3,73,15.667771,25.041051,4.9235964,29.830976,49609.602,4,24011,548329
11001010300,6,6,1,1,9,14,4,1,46.5,16.105764,5.8246475,4.3528299,13.768763,1223.0216,5.34868,328,188840
11001010400,2,4,0,3,9,1,3,0,30.4,15.232086,12.362637,4.6602831,33.663834,4030.303,32.035267,5113,458686
11001010500,4,5,1,1,3,4,2,0,66,14.682138,4.0689325,4.9382811,7.5757575,6147.7661,4.1195111,3388,527905
11001010600,7,20,3,11,9,13,10,2,81.599998,15.770278,12.345679,4.9811502,10.790065,43392.035,6.6615181,20985,516507
11001010700,83,145,76,170,25,357,32,16,89.199997,17.431236,34.158416,4.8441873,8.8735104,244095.92,1.7148014,65659,548203
11001010800,13,23,21,19,2,131,5,6,79,14.388888,6.6450317,4.8780208,11.608233,74960.789,1.4611872,21673,547027
11001010900,1,1,1,0,0,0,1,0,21.200001,11.829302,4.8991354,4.1823626,30.928795,2362.3503,12.941177,183,174702
11001011000,2,2,0,1,2,10,1,2,29.1,15.535564,2.6595745,4.9294391,7.6199594,828,3.2229965,137,537306
11001011100,9,13,3,7,28,7,6,2,32.299999,16.02779,10.39285,4.7984095,25.859701,2936.0833,11.424404,1187,443204
12086001002,15,9,0,5,30,2,8,0,41.700001,14.830832,4.9943612,2.7738149,12.497966,696.16205,13.159023,39,77385
12086001004,17,7,0,5,31,3,12,0,54.799999,15.7428,9.0373281,2.8125699,12.772071,935.11841,13.941018,177,111362
12086001006,3,4,0,2,7,5,1,0,37.099998,14.884236,5.1350748,2.7433786,13.352723,251.01215,6.666667,31,81555
12086001301,30,17,0,5,6,10,8,0,47.700001,14.699985,5.1327829,2.7642834,4.1208973,2101.3513,22.414789,719,76614
12086001302,36,27,0,8,9,13,15,1,40.799999,15.395782,2.5518341,2.9753611,5.4553132,1242.6584,9.0383959,606,135881
12086001401,5,7,0,4,19,0,14,0,56.299999,14.61465,3.7828636,2.9771876,12.210724,715.20343,25.973362,126,127202
12086001402,23,7,1,6,16,4,16,1,61.099998,16.595295,5.5226824,2.8752525,10.079314,2258.772,16.420967,289,109592
12086001501,1,1,0,2,12,1,9,0,55.700001,13.333,5.3576212,3.0355871,11.43265,46.511631,19.69697,0,141371
12086001502,7,1,1,2,24,2,12,0,45,15.914231,12.530562,3.0131648,14.616145,633.99695,21.274603,14,125820
12086001703,19,11,0,4,4,3,10,0,68.900002,17.20009,7.3129571,3.2988462,7.2114019,3015.6086,7.6467104,496,186479
12086001801,5,6,0,2,19,3,4,0,44.299999,14.391306,7.6656775,3.1132705,12.079402,241.58417,7.5301208,68,147373
12086001802,4,2,0,3,14,1,3,0,45.700001,14.305772,6.9341258,3.2110412,16.110857,2268.2354,13.355705,279,170024
12086001901,19,8,2,0,17,5,9,1,56.799999,15.433814,7.9926924,3.0137937,9.5450058,705.99609,15.337838,174,135313
12086001903,6,2,0,2,8,1,10,0,52.599998,13.376829,5.5939454,3.0616229,12.246735,4461.5386,16.012085,1716,157691
12086001904,18,11,0,5,22,2,11,0,54.400002,16.2714,8.8220031,3.1325972,11.033538,1011.5474,10.738714,119,163466
12086002001,9,4,0,1,11,4,15,1,61,15.953607,5.6089744,3.0090835,8.3487768,2312.9585,15.217391,197,142087
12086002003,7,4,0,0,7,0,9,0,53.799999,15.40676,5.7997558,2.9971881,4.5197449,535.25641,13.525699,46,149539
12086002004,12,6,0,1,7,4,7,0,58.099998,17.072947,6.0091905,2.9957323,5.8788047,1655.7971,21.677326,138,146290
12086002100,16,17,1,24,8,28,8,1,36.5,16.172915,9.0266876,2.9922709,5.1571217,3450.2688,1.4308426,1701,149626
12086002201,56,22,0,2,6,11,6,0,53.799999,16.934799,5.788712,3.0331695,4.7173457,6958.0049,8.209959,1582,151364
12086002202,14,6,0,2,18,3,6,0,50.900002,14.36259,4.0715171,3.1308441,6.4754605,367.04733,6.7445369,56,151583
12086002300,7,5,1,6,28,9,8,1,49.299999,14.070847,6.089177,3.1767347,13.431715,109.60961,5.2447553,21,163740
12086002402,78,12,0,3,9,11,30,0,72.099998,16.737608,4.6528941,3.2122767,3.3344724,7196.5649,17.510204,2589,177380
12086002403,12,11,0,0,4,0,8,0,59.5,16.33927,3.4453058,3.2393374,5.6992826,3005.4946,13.372355,98,191593
12086002404,6,6,0,0,5,0,6,1,58.5,15.846416,4.0823571,3.2005341,5.9989147,1022.5352,17.576899,67,174423
12086002501,14,13,2,1,10,5,11,0,61.599998,15.032978,6.0903733,3.133625,6.6626463,835.61639,18.44883,106,178044
12086002502,10,12,0,2,7,3,11,1,58.700001,17.327047,4.4090215,3.1673858,9.4450998,1449.3827,15.653221,217,174316
12086002600,34,36,0,3,8,9,17,0,68.199997,16.467791,5.9818834,3.1321712,4.8312073,4829.2217,11.329479,580,156844
12086002702,27,25,3,2,10,8,10,2,67.599998,18.038185,19.623234,3.090133,7.6667633,8889.7441,4.9316406,48593,155673
12086002703,27,18,1,6,3,31,5,0,50.900002,15.58573,2.5782689,3.0364048,8.547452,11701.492,3.1483016,1229,145666
12086002705,9,6,1,1,1,8,2,0,49.799999,13.576739,2.4884465,3.063895,4.9204974,2521.4285,4.1462083,78,147117
12086002706,26,12,0,4,9,15,7,0,61.599998,16.048679,1.3903372,3.0563269,7.6544008,3746.1541,0.53705692,279,148773
12086002800,72,19,0,5,5,4,5,0,79.599998,17.467239,14.43299,3.1102138,4.2253523,5049.4185,10.944206,515,158863
12086002900,12,14,0,2,5,1,54,0,75.800003,16.89035,5.0136737,3.13098,5.2403002,6644.9277,19.186874,725,181537
12086003001,5,12,6,5,7,296,5,2,57.700001,15.748441,19.886364,3.1371977,4.500371,4370.3701,9.5143709,8959,186452
12086003003,74,17,0,1,0,3,9,0,50.900002,15.290382,2.3735351,3.2248406,4.6484466,1412.3711,10.844225,122,179763
12086003004,10,6,6,6,4,99,7,1,63.299999,15.606044,11.251758,3.1814139,5.7801819,11914.365,5.9467921,4777,175355
12086003100,8,5,1,1,10,1,12,0,59.299999,14.889488,8.1281377,3.1065838,4.8709531,1259.6154,6.1677632,214,171964
12086003400,7,7,0,4,7,5,12,1,61.200001,14.504179,20.376176,3.1175575,7.1653461,1400,24.928776,393,169735
12086003601,6,8,4,7,6,4,6,5,61,13.556695,12.146978,3.1520784,4.5073228,90232.711,11.025145,35726,168486
12086003602,8,13,0,1,5,4,6,0,67,14.690241,1.137333,3.1023047,4.0763502,1385.1852,9.2747564,204,180137
12086003702,67,50,8,13,2,32,15,0,71.900002,16.338873,12.380416,3.066973,7.6738381,118342.11,1.3639907,4742,163648
12086003703,51,45,24,11,0,19,13,0,68.099998,16.5,2.7497709,3.0393331,2.6843994,220483.88,2.6537998,7061,165415
12086003704,217,39,10,8,7,14,11,1,69.099998,18.833,15.679443,3.0445225,3.3575447,149755.33,10.201343,12570,165415
12086003705,7,18,7,2,3,11,9,1,71.599998,17.333,6.0679612,3.0910425,0,25021.277,3.9215689,805,166945
12086003707,8,4,0,2,2,0,0,0,78.199997,16.333,19.033675,3.0445225,3.6147218,9261.5391,0.60606056,8703,167859
12086004901,1,4,5,1,2,10,1,0,43.099998,12.916264,3.2520325,3.192344,3.0527411,2623.0366,2.3495703,1105,204837
12086004902,38,13,4,3,3,64,13,0,61.599998,16.629583,3.8647343,3.1158199,2.244226,3789.8989,7.2877736,1261,207326
12086005001,8,9,0,2,4,4,10,0,50.400002,13.463791,2.207201,3.3367071,5.2962332,571.87018,1.2215436,164,190846
12086005002,10,9,0,1,3,9,8,0,58.900002,16.503607,3.3327779,3.264868,4.4429712,3321.782,4.428668,970,209408
12086005102,8,9,2,7,2,22,5,0,48.299999,16.174339,4.8063331,3.2254181,6.5860362,1157.0681,12.990763,114,184130
12086005103,5,8,0,1,0,2,4,0,66.800003,17.833,2.3446659,3.2629647,5.7830968,2165.3542,12.48074,137,186355
12086005104,7,2,2,3,4,7,3,0,52.299999,13.186828,4.3584854,3.2588313,5.998394,1288.0658,4.029304,268,189201
12086005201,8,2,1,1,4,8,5,0,67.900002,14.93489,2.50134,3.1911507,6.0394797,1688.3116,13.176558,899,183807
12086005202,11,17,1,0,3,9,3,0,71.300003,14.614774,2.3779328,3.1887269,4.9693079,6666.6665,11.47719,534,187811
12086005302,27,19,0,2,7,24,10,1,76.199997,13.974942,2.2462446,3.184375,4.3433514,3458.8743,6.1256709,578,170097
12086005303,19,12,0,2,10,19,9,1,75.5,15.12218,2.2785531,3.2172284,5.8698168,5451.8516,10.282021,490,182931
12086005304,5,5,0,2,5,3,5,0,74.199997,12.32583,1.4613779,3.2030559,5.2223039,2138.4617,22.757202,87,186590
12086005403,11,6,0,0,2,9,1,0,65.800003,16.167,7.2463768,3.2572331,5.2203813,1990.1962,11.784897,105,192620
12086005405,14,6,0,3,6,8,4,0,65.300003,16.464098,4.4378698,3.2506599,6.235127,941.70404,2.8481011,100,193758
12086005406,13,7,1,1,8,10,6,0,70.199997,15.832999,1.6455101,3.2170334,6.9270921,1856.3219,14.247168,68,182345
12086005407,13,11,0,0,1,29,5,0,61.799999,18.900789,11.016525,3.1715221,4.9847636,5023.9048,4.2194095,701,192042
12086005409,14,8,1,3,6,20,3,1,79.099998,15.192434,2.9989095,3.2263241,6.8421054,2842.5195,24.433558,143,191743
12086005410,17,7,0,0,4,5,1,0,73,14.017354,2.2292994,3.1803226,6.8118057,2576,9.5105667,118,190795
12086005501,18,15,5,2,3,33,10,0,58.599998,16.729855,3.1590586,3.1413097,3.9952667,2618,8.2773361,351,207507
12086005502,18,10,2,3,7,45,8,0,58.099998,16.157814,3.3158331,3.0847759,3.7841122,2195.6089,7.3448548,502,195686
12086005600,18,8,1,3,9,117,10,0,49.099998,16.523735,5.6412185,3.0635927,1.4278115,4846.1538,5.0586267,1325,209385
12086005701,29,13,1,1,4,18,11,0,48.700001,15.331534,4.3583535,2.9904675,3.1643202,2648.5508,2.7146249,607,136548
12086005703,4,2,1,0,0,22,1,0,44.5,10.131038,1.2728719,3.1926472,2.4145305,3104.5752,10.569853,337,178917
12086005704,22,16,0,0,9,26,10,0,52.5,13.985659,1.9228304,3.1787252,2.4393454,950.88409,11.425031,144,163941
12086005801,36,9,1,4,7,36,12,1,52.700001,16.540527,3.1437554,3.1709096,2.8339837,1363.167,7.7127657,327,144246
12086005802,29,17,2,5,6,22,14,1,54.400002,16.83968,3.6607049,2.945507,2.6447124,1756.0386,7.500895,818,140262
12086006301,21,24,2,2,5,23,10,0,46.799999,16.470514,3.04414,3.0867689,1.9501222,3182.9023,4.8500137,521,192664
12086006302,19,10,2,4,7,60,8,1,47.599998,16.408932,3.4658884,3.1089232,1.7477936,3197.7612,3.8901601,768,186523
12086006401,12,6,2,3,2,18,2,0,54.599998,16.002535,3.5650624,3.0553358,3.8925085,1256.8093,4.322638,121,193129
12086006402,10,11,2,1,8,10,4,0,53.299999,14.943764,2.5813113,3.0795782,4.7403135,821.01166,15.742925,133,190066
12086006403,21,16,0,3,3,5,11,0,50.099998,15.164727,3.2094143,3.0992219,4.9132214,1468.8645,13.860104,31,188025
12086006501,19,8,0,3,2,20,5,0,51.200001,16.258503,3.3204206,3.0825393,3.2761693,1843.5115,4.8105831,193,190990
12086006503,11,4,2,0,3,18,3,1,47.900002,14.81032,4.1652204,3.0246212,3.4368694,1403.8462,9.0316572,251,188706
12086006504,5,10,1,2,1,12,3,0,45.5,15.131789,4.0933279,2.9966664,4.2884965,1391.4894,4.4220324,162,171994
12086006601,11,20,0,6,9,23,6,0,48.599998,15.426179,3.9477267,3.069917,3.5665438,1733.564,9.2483845,583,167451
12086006602,25,26,1,3,4,21,14,0,70.099998,16.564629,4.4453034,3.0071952,3.4669545,8991.5967,13.617949,961,172880
12086006702,79,83,30,18,11,59,25,1,44.200001,17.062963,6.8643958,2.9516323,1.8179637,13117.326,1.295045,5167,167731
12086006705,20,6,0,7,6,15,4,1,46.400002,10.432753,1.0312822,2.8385954,1.0201788,4438.3564,9.5537395,131,169989
12086006706,11,5,1,2,2,11,1,0,41.200001,11.294849,2.8157683,2.8975725,1.2016026,2000,0.56550425,184,167806
12086006707,14,13,3,6,2,19,6,0,48.900002,16.545849,0.23191095,2.9421911,1.2882847,24900,3.1511571,1015,154349
12086006709,10,7,7,4,4,6,0,2,56.099998,16.167,5.0420168,3.0445225,0,82111.117,0.66445184,3043,165550
12086006711,27,22,12,8,1,17,6,0,61.299999,17.888199,3.0376671,3.0285802,0.92860693,98810.813,8.6135693,2806,164803
12086006713,16,17,13,5,1,11,1,0,67.5,17.066917,1.3605442,2.9957323,2.7674601,94351.352,0.96439171,2031,172110
12086006714,7,8,3,4,4,7,4,0,61.700001,15.667,0.59171598,2.8903718,1.1238406,36930.23,10.559796,1449,166520
12086006801,23,24,3,6,6,41,7,0,36.099998,18.048246,9.2370852,3.1377339,2.2340388,8081.1401,5.1464767,2332,144840
12086006802,17,6,2,8,4,147,6,0,24.299999,13.994677,7.862034,3.0252404,2.8010187,3577.5281,4.0787621,2903,170663
12086006900,28,24,1,6,10,57,10,0,46.5,16.029758,4.0574282,3.0786252,3.1171141,2809.3699,4.0465794,1005,187260
12086007001,39,22,8,5,6,32,14,0,54.200001,14.55508,2.059857,3.159384,1.1367612,3643.2988,7.3915472,784,185855
12086007002,21,15,1,5,3,76,5,0,51,16.677158,3.2719836,3.1092088,1.8351531,3749.1526,6.5706806,1257,159204
12086007101,1,2,1,2,3,5,1,1,39.299999,14.711752,1.8628912,3.0524955,2.2455156,885.5932,6.3791552,86,138299
12086007103,44,39,2,4,1,11,6,1,51.099998,16.667,1.734104,3.0820231,2.1095057,21310.078,13.651498,1437,139125
12086007104,27,6,0,4,7,9,13,0,33.900002,17.654053,2.4104683,3.1214371,2.0316424,4514.8936,1.4933628,396,141591
12086007200,9,5,0,4,18,21,11,0,37.599998,14.909065,10.969724,2.9909146,2.3877051,1639.2046,3.9170508,249,122020
12086007300,30,21,1,7,6,25,2,1,13.4,15.14346,5.5890901,2.8342679,4.2698345,8316.9209,2.3391814,595,81083
12086007400,101,31,3,11,9,101,8,2,31.299999,16.850492,8.5634136,2.9047868,3.8510225,4955.2529,7.3056688,4484,95862
12086490100,4,4,1,0,2,7,2,0,61.400002,15,5.5340343,3.1665587,3.5236905,5303.2788,5.109489,145,207499
12095010200,32,31,8,13,15,49,8,0,31.200001,10.739546,8.1822203,0,12.471806,10605.84,4.6281519,5947,109600
12095010300,8,6,0,4,2,14,4,0,21.299999,8.0200596,7.1570577,-0.39699054,28.111166,2255.1836,7.4708171,1134,107931
12095010400,1,0,0,0,5,0,0,1,44.400002,8.1361408,8.0795525,0,16.938581,327.18896,7.333333,7,109954
12095010500,4,5,0,2,14,5,4,0,53.700001,10.629086,25.686448,0,16.136982,2943.5215,15.209125,835,112846
12095010802,15,18,1,4,6,18,5,0,25.200001,11.592752,4.1109969,0,21.668766,1324.0876,3.1504617,463,113592
12095011000,14,5,0,6,9,11,11,0,23.6,9.8508873,14.527845,-0.17347194,22.347675,1725.6097,4.5994835,796,102257
12095011100,4,4,0,1,2,7,1,0,21,8.0989428,5.958292,-13.815511,32.126122,308.24371,1.0858835,45,100613
12095011200,8,2,0,5,5,6,4,1,18.799999,9.6164789,6.6828676,-13.815511,36.378899,493.02325,3.8441286,704,106344
12095011300,30,17,9,7,6,118,9,0,20.4,10.760982,6.7804536,-4.2320337,22.594412,1465.2841,3.8247566,1190,104466
12095011600,15,6,0,5,27,4,7,0,27.4,7.7338161,13.834508,-2.1553175,29.282818,806.73401,3.0684104,546,121182
12095011701,4,8,1,1,29,2,6,0,18.9,7.9796562,7.8922934,-0.092908435,35.370373,336.46616,16.766109,263,106854
12095011702,3,1,1,5,20,3,4,0,27.799999,6.8891783,9.4936709,-0.27679944,31.176291,209.10077,15.769593,65,117253
12095012000,8,3,0,2,21,9,5,0,29,8.9872379,2.2743426,0,46.667309,190.15846,7.0199585,117,103975
12095012401,13,4,0,3,16,0,5,0,26.299999,8.1669998,2.9727876,0,58.367786,227.06631,7.7338567,79,49244
12095012402,13,8,1,1,10,5,4,0,23.700001,9.6669998,2.698215,0,54.248859,1607.5819,14.330435,436,104319
12095012403,29,8,2,4,19,7,10,1,43.900002,8.5,6.4885496,0,52.478279,2837.9719,12.732474,1125,104419
12095012500,12,5,0,7,5,9,1,0,13.6,10.333,6.5820404,0,26.798666,672.9798,3.5866783,488,120388
12095012600,19,12,2,9,9,14,6,0,27.299999,11.010941,3.5699286,0,21.444536,1153.7346,3.9135749,543,125454
12095012701,25,12,5,2,9,15,6,0,19.9,9.1629486,1.6736402,0,23.054142,868.22528,4.6117463,377,128169
12095012800,7,12,1,4,3,43,1,0,13.7,9.0850239,3.2145727,0,21.835991,10207.771,2.9646521,14455,132067
12095012900,74,15,3,5,9,13,14,0,38.200001,11.836689,7.3825503,0,22.158689,4122.6235,1.7103764,1935,107294
12095013201,15,10,0,3,11,6,9,0,31.700001,8.7541904,4.9479167,-13.815511,21.815142,757.51501,12.277499,101,86019
12095013300,16,1,0,3,7,11,5,0,32.799999,8.9314184,5.5679287,-13.815511,27.862238,836.05286,9.1873865,710,95585
12095013402,6,4,1,6,1,10,3,0,22.799999,8.6669998,11.71875,-13.815511,24.179792,333.33334,3.6272321,135,33998
12095013403,9,4,0,0,3,8,4,0,29.200001,9.4083405,2.5086234,-13.815511,21.197819,506,15.721997,213,42001
12095013405,1,0,0,0,1,1,0,0,26.799999,5.8330002,1.3537906,-13.815511,23.547606,61.983471,6.6593885,25,34524
12095013406,5,4,0,0,3,0,3,1,37.599998,9,4.5711213,-13.815511,22.952557,688.31171,3.5779259,139,47241
12095013503,0,2,2,0,1,3,3,0,49.299999,7.3330002,5.132592,-13.815511,23.417816,1041.6666,6.790123,59,57281
12095013505,6,1,0,0,7,4,2,0,24,6.8330002,1.285347,-13.815511,33.88155,163.17992,7.5274439,178,27940
12095013507,32,26,6,7,16,11,5,0,24,8.6669998,4.6666667,-13.815511,20.875324,2327.1794,3.4849696,3544,20119
12095013508,2,1,0,0,0,0,0,0,26.200001,3.5,3.5555556,-13.815511,28.44751,335.76645,7.1381793,30,31613
12095013509,0,0,0,0,1,0,1,0,24.200001,4.6669998,0,-13.815511,28.188326,73.469383,4.1990666,4,31077
12095013510,4,0,1,0,1,0,0,0,30.799999,4.1669998,1.017294,-13.815511,26.040958,100.55865,8.8832493,17,43226
12095013511,3,2,0,6,11,0,0,0,26.299999,5.8005261,3.9261877,-13.815511,32.445007,180.65068,4.1770263,76,22904
12095013512,5,9,0,0,5,9,2,1,36.599998,10.167,1.3771395,-13.815511,27.291887,1813.6482,9.4214878,816,21390
12095013603,25,10,2,1,4,26,13,0,37.200001,9.8330002,4.0477636,-13.815511,31.387693,1466.031,5.2713785,448,95868
12095013604,14,6,1,1,3,3,2,1,32.700001,8.3330002,3.0752533,-13.815511,27.842213,907.99396,8.639761,160,93267
12095013605,20,3,0,4,5,9,5,0,25.6,8.8330002,4.7169811,-13.815511,26.828369,1377.8071,3.2399781,262,42047
12095013606,17,17,3,3,13,9,4,0,19.9,7.857645,5.9354839,-13.815511,26.471523,988.00702,4.5173268,977,34168
12095013607,13,6,1,2,7,4,4,0,22.9,8.5,4.250255,-13.815511,25.202814,520.80127,5.4777069,350,36433
12095013701,4,5,0,5,5,6,2,0,26.6,9.1775408,2.4650781,-13.815511,29.567268,681.64056,7.0764832,262,102473
12095013702,9,12,2,3,7,7,11,0,29.799999,8.4781513,2.6859504,-13.815511,32.908779,588.9328,5.841548,118,93683
12095013801,2,0,0,0,1,1,0,0,29.200001,6.7576914,0.75159714,-13.815511,18.017653,257.42575,4.8000002,107,109428
12095013803,5,0,0,2,4,8,3,0,18.700001,8.5,5.0083472,-13.815511,27.323133,228.33333,0.60377359,88,88532
12095013900,30,20,8,3,11,65,6,0,26.9,10.667,6.9124424,-13.815511,17.464149,2281.022,3.8790934,1413,104158
12095014000,22,7,0,13,7,27,10,1,14,8.5743151,3.6196117,-13.815511,22.548849,715.93182,4.8756862,859,93188
12095014400,16,5,0,3,4,6,4,0,20,7.9068527,2.7322404,-13.815511,25.903303,997.08173,5.0215206,613,100060
12095014504,108,30,3,2,6,8,7,0,42.900002,9.6669998,7.9926924,-0.093208835,40.770157,6857.6665,1.3884785,2913,118222
12095014601,15,9,0,5,31,4,8,0,26.5,7.9329176,5.4208274,-0.57624942,37.865772,391.82059,15.718943,90,97226
12095014605,13,1,0,2,21,0,2,0,30.1,9.5,11.149978,-0.41885215,41.151501,381.75674,4,197,105242
12095014606,46,15,6,2,7,14,10,0,47.299999,8.6669998,3.801249,0,36.187695,4763.4067,6.7010307,2268,113174
12095014607,6,7,2,7,4,6,4,0,22.299999,7.6669998,3.9991113,0,36.393494,705.05621,3.5787621,452,69059
12095014608,6,8,0,2,7,0,2,1,17.700001,7.5,2.6544402,-0.042359259,35.973625,79.861107,8.8503647,33,98842
12095014609,14,10,2,0,4,0,3,0,21.299999,7,2.2931734,0,38.278091,524.97552,3.2536154,1437,111394
12095014702,18,9,0,1,5,8,7,0,29.6,7.8330002,4.5454545,-0.42839265,32.436718,823.27588,7.9538555,542,50134
12095014703,8,7,2,3,1,49,3,0,38.400002,6.6669998,5.2608505,0,33.118027,6843.9941,6.5471554,4263,49750
12095014704,32,29,3,5,7,35,11,1,21.6,10,0.66577896,0,30.056871,1782.5302,2.8053236,1187,57466
12095014807,18,17,0,5,11,19,5,1,24,8.6669998,1.1117287,-0.23327389,28.818659,887.10541,1.1745425,552,36462
12095014811,11,3,0,7,8,21,11,0,23.299999,9.6669998,0.70472163,0,18.794184,313.08185,6.90025,578,58178
12095014812,18,67,4,9,2,49,17,0,41.700001,7.102335,7.7813248,0,28.794046,7887.875,9.3915348,40545,58723
12095014813,34,42,6,6,5,44,11,1,31.799999,10,1.2995452,0,20.396578,2493.4783,4.5910292,986,56223
12095015202,26,8,2,9,19,3,6,3,37.099998,10.225936,6.1015831,0,21.46022,2589.3552,13.45339,1835,111319
12095015300,32,12,2,5,17,18,7,0,23.4,9.2772245,6.0431655,0,18.553665,1996.6711,3.9374325,2557,120043
12095015402,31,16,0,5,13,51,6,1,23.700001,10.170932,10.604454,0,21.005844,3792.0791,6.9922304,1561,123259
12095016704,37,33,6,14,39,40,18,1,1,6.3330002,0,-13.815511,26.039654,18.21237,3.0321531,884,1105
12095016709,8,7,2,1,12,0,9,0,29.9,7.5,2.161286,-13.815511,37.536564,344.79865,5.3345122,87,21816
12095016710,12,3,1,0,7,3,3,0,17.700001,6,0,-13.815511,30.240047,67.45182,3.7399821,100,18141
12095016732,35,13,8,7,18,46,9,0,7.9000001,6.6669998,0,-1.4776094,21.586403,249.14079,2.8039799,617,7032
12095016733,16,8,3,2,5,8,7,0,36.599998,8.3330002,0,-13.815511,23.213804,1796.741,3.6434109,187,17180
12095016734,24,18,3,7,12,10,7,0,14.2,6.8330002,0.22621022,-13.815511,28.923822,261.43793,4.9302793,226,13134
12095016802,34,21,5,8,11,24,9,0,13.7,7.8329997,2.129751,-13.815511,24.517942,496.53741,3.5494156,3123,19556
12095016804,16,6,0,1,14,1,13,1,28,6.5806456,3.6622584,-13.815511,30.270662,1190.0016,6.819222,1062,38267
12095016903,21,18,0,5,11,10,3,0,39.799999,8.7977057,2.0555767,0,37.360836,1699.8159,5.2484169,1421,78896
12095017001,223,149,4,15,28,32,34,0,31.5,8.5787497,38.8611,0,33.252468,4258.4849,5.0684934,13722,67488
12095018200,36,27,5,5,14,69,17,0,31.4,11.421107,2.3294509,-1.0491759,21.650675,3041.8823,4.3460765,5755,100958
12095018300,27,10,2,14,30,5,12,0,46,9.9025965,28.668942,0,27.2878,4354.1875,0.25231287,1473,104501
12095018400,83,34,4,19,16,41,10,2,33.5,10.566123,21.135516,-0.86076254,22.205032,3622.2317,5.8355441,3079,100418
12095018500,23,5,4,3,11,303,11,0,51.299999,10.883608,14.52514,-1.3582896,28.903492,12577.952,8.8457394,16138,112488
12095018700,43,8,3,6,24,10,9,0,30.1,7.4471064,12.373649,0,34.901974,1980.1503,5.9974747,2149,124121
12095018800,43,26,7,9,13,164,5,0,37.200001,11.163043,13.716525,0,16.680397,7326.6787,3.1496062,4831,128960
12095018900,54,88,36,45,66,46,20,6,55.099998,10.177335,21.191842,0,16.117117,38518.902,2.7250459,57905,112684
13089020100,4,2,1,0,0,2,0,0,14.2,12.833,8.1395349,3.4509327,7.8196769,303.73831,3.7320573,113,255099
13089020200,8,0,0,4,9,6,0,0,16.799999,14.077582,8.2324455,3.5010307,3.9284837,814.23615,0,536,226725
13089020300,8,12,0,4,3,7,4,1,19,11.867955,0.26809651,3.4950185,7.6476331,646.17487,4.2486582,261,200813
13089020400,13,10,2,1,1,9,2,0,31.700001,15.582571,3.5101404,3.5355442,2.6659663,2043.4783,3.5818715,202,207082
13089020500,21,7,3,3,11,6,5,0,33.700001,15.205382,12.182388,3.5167327,13.832222,2195.0845,2.9138253,249,191621
13089020600,3,5,0,1,7,2,3,0,43.900002,13.965261,8.2987552,3.474076,16.760077,1359.8131,7.0531397,202,191509
13089020700,7,7,0,2,8,1,3,1,30.200001,14.188736,7.0316424,3.4416959,20.376202,436.4754,12.290009,244,183281
13089020801,4,4,0,2,5,4,6,0,22.5,14.239467,5.3104575,3.4139714,21.81148,139.66481,5.7443366,51,180690
13089020802,11,3,3,1,13,3,4,0,20.1,12.996302,20.648197,2.9684584,21.717733,1534.2592,7.4692874,200,75391
13089020900,32,31,3,1,29,5,17,3,28.799999,13.134762,16.546019,3.4184506,17.838417,572.09302,9.0429049,560,178521
13089023700,15,7,2,5,14,3,6,1,22.6,11.781859,7.6394194,3.0101089,22.329309,315.41415,12.997659,417,133649
13121000100,26,24,0,2,11,13,7,1,17.4,14.827689,6.3905325,3.5005174,7.833076,689.62848,2.4229076,549,257312
13121000200,34,30,3,8,3,25,7,0,26.299999,14.85725,3.4441192,3.5661521,7.6544948,1889.2891,3.9507587,1037,240064
13121000400,20,19,17,22,7,30,6,2,33.200001,16.52713,18.380241,3.5687683,5.8916874,22389.352,0,11337,227775
13121000500,33,21,7,14,10,32,7,1,43.200001,13.160965,4.7489824,3.5603507,8.6247501,15154.875,1.4925373,16194,239673
13121000600,30,20,1,5,5,8,7,1,68,18.167,6.4863155,3.5136571,9.6417112,4157.4238,1.7880363,689,210589
13121000700,6,3,1,4,5,6,4,1,60.799999,12.604369,5.4978619,3.3709717,25.001646,2189.9109,1.3404826,682,181234
13121001001,8,19,1,8,7,9,4,0,72.5,15.564707,8.2949309,3.5794456,3.7984281,13193.906,1.8607857,3894,223867
13121001002,15,11,1,28,8,2,1,1,68.900002,15,7.1723803,3.5537813,10.621105,3109.489,0.44557607,7352,199092
13121001100,26,25,6,7,1,19,3,0,72.699997,15.380481,5.7323015,3.5799725,4.8296671,40027.473,4.8114433,7906,227629
13121001201,10,17,1,0,3,22,8,0,55.200001,15.487342,3.3783784,3.5879047,2.6344645,4931.5068,0.67204303,668,225303
13121001202,20,38,9,11,8,31,7,1,83,18.297562,12.374101,3.608181,2.7833569,54005.375,4.2345276,7620,225816
13121001300,21,27,2,5,5,23,11,0,52.799999,15.937175,8.9708448,3.5612829,3.2960978,3515.7478,3.0018084,649,229079
13121001400,6,11,1,0,3,7,2,0,44.900002,14.821672,3.6747818,3.533088,3.9539154,2200.7168,2.7361565,151,226207
13121001500,24,28,3,8,10,17,5,2,42.799999,16.529148,8.4930842,3.5285571,2.4662533,2810.8108,1.1092438,407,228355
13121001600,14,14,0,3,2,0,1,1,39.799999,17.167,3.9408867,3.5525272,2.6372659,2221.9102,5.0835652,138,208069
13121001700,11,6,0,5,10,75,2,1,59.799999,16.946459,12.848752,3.5650821,12.131832,7973.0293,8.1081076,2951,202641
13121001800,17,10,3,6,8,9,5,0,61.599998,15.301088,3.1712474,3.5665505,18.516565,8926.5537,0.54347825,1367,201164
13121001900,50,55,21,19,10,115,12,2,83.699997,14.747508,16.114038,3.5500045,4.5367589,88311.688,3.107861,27556,202330
13121002100,5,10,2,4,5,2,8,1,78,17.5,9.9758162,3.5320067,5.558939,29131.41,3.336339,4047,193399
13121002300,2,1,0,1,7,0,2,0,40.5,14.188459,9.6406661,3.4882839,28.183273,15896.074,7.0731707,8,175629
13121002400,4,3,0,2,6,2,8,0,31.9,12.922708,8.2644628,3.4529102,26.950098,559.38696,13.793103,547,164357
13121002500,8,3,1,1,14,2,2,0,49.200001,15.619121,8.1521739,3.4815173,27.08387,373.88724,14.256824,158,169071
13121002600,0,3,0,2,3,1,2,0,69.599998,15.5,13.715711,3.4913511,11.216813,1035.2303,11.179173,7,173523
13121002800,7,20,7,73,9,8,4,4,81.400002,15.39359,5.6397603,3.5553482,26.412342,10612.457,4.3818464,1263,197291
13121002900,11,15,0,0,8,3,7,1,63.200001,18,6.5326633,3.5553482,31.476721,2673.9131,3.119266,191,201146
13121003000,37,28,1,4,3,14,6,1,43.200001,17.429413,2.8011204,3.5446131,13.528769,2803.0635,4.083406,512,201430
13121003100,4,7,0,2,7,1,4,0,47.599998,16.601673,8.168028,3.5397925,7.64324,1520.7101,1.0143703,65,200674
13121003200,11,5,0,1,2,0,4,0,59.799999,14.5,2.7906977,3.5534415,22.132298,1026.7639,7.0556312,271,200250
13121003500,57,38,4,11,21,10,21,4,88.800003,16.065437,41.435068,3.5152698,32.247704,49748.594,8.5350323,27237,165699
13121003600,4,5,0,2,9,0,2,0,73.900002,16.333,5.9925094,3.4981256,10.571279,2572.3684,4.3184886,80,165356
13121003800,3,3,1,1,10,0,0,3,59.099998,16.667,5.7034221,3.4808125,17.646475,3344.7205,2.0054693,955,165545
13121003900,0,0,1,2,3,4,3,0,37.799999,15.749447,18.493151,3.4941816,25.144159,580.74536,9.9889011,272,165291
13121004000,0,0,0,1,10,0,2,0,33.400002,13.481515,21.730541,3.3687968,23.554934,126.4,9.6373062,95,164214
13121004100,3,3,0,0,7,3,2,0,38.299999,12.610558,14.051522,3.4544036,24.203682,435.58282,12.423124,162,154590
13121004200,45,21,8,2,10,4,13,1,57.200001,16.067259,22.308022,3.4965076,17.87821,3078.8381,9.5341282,488,156642
13121004300,8,7,1,5,0,30,2,0,67.599998,17.471081,7.2309655,3.5095332,9.8646116,13042.194,4.0225258,1385,163048
13121004400,5,1,2,2,6,0,2,0,63.5,15.5,14.503263,3.5242629,11.062267,1175.5486,21.765417,268,164552
13121004800,1,0,0,0,2,0,1,0,64.599998,14.333,5.312085,3.5120783,30.862211,973.68427,6.1674008,27,167340
13121004900,7,12,0,1,7,4,3,0,49.799999,14.722166,5.8049536,3.4965076,32.073471,1362.5593,3.8545456,283,171216
13121005000,11,9,0,1,1,5,5,0,54.700001,16.167,4.1227668,3.4956553,29.796391,1560.0001,9.3596058,306,186944
13121005200,11,9,0,1,12,5,5,1,32.299999,13.831948,9.7252614,3.4919674,9.0736036,1814.8572,7.9222283,297,172362
13121005300,11,6,0,3,13,3,4,1,30.799999,15.794021,5.8763413,3.4971294,9.6071005,1007.0175,6.5789475,805,157372
13121005501,4,3,0,0,8,1,2,0,39.5,13.718364,10.723861,3.5795429,12.69961,451.19305,12.309258,272,156914
13121005502,4,2,0,4,8,0,2,0,43.700001,15.667,14.221861,3.5005398,5.8377342,348.55402,6.6225162,323,148151
13121005700,3,1,2,0,9,0,4,0,57.200001,14.833,16.212233,3.5090153,5.9138575,660.4361,17.226276,56,161868
13121005800,4,1,0,0,5,0,4,0,56.5,16.167,11.135857,3.5190592,8.1576452,358.76288,18.632708,219,159484
13121006000,3,8,0,2,9,2,12,0,30,11.600246,10.235732,3.3062315,23.587658,295.19073,16.024187,12,140598
13121006100,4,0,0,3,14,3,3,0,17.4,12.971344,8.7887943,3.2408178,17.480299,220.0461,15.969316,150,132609
13121006200,7,5,0,1,10,0,3,0,38.5,15.382789,10.998308,3.4408576,12.559565,121.89054,13.711911,20,144514
13121006300,2,8,0,0,17,0,5,0,53.700001,16.292116,16.03592,3.5314078,5.8407083,1642.578,17.706575,39,142941
13121006400,1,0,0,0,1,0,0,0,43.5,12.833,20.295203,3.5254803,8.1732807,214.43298,19.110378,63,144759
13121006500,5,4,0,4,17,0,9,2,35.200001,12.55234,7.2337241,3.3681624,9.7034769,569.06079,22.102427,860,140373
13121006601,6,1,0,1,9,0,4,1,48.200001,14.135021,27.793218,3.179287,13.07655,1396.0265,19.557625,175,132143
13121006602,0,1,0,0,0,0,2,0,28.5,10.667,11.160714,3.2800086,9.2103682,48.979591,22.271715,57,136015
13121006700,6,8,2,1,10,3,9,0,38.200001,15.417845,22.15003,3.3331168,8.0466833,457.12097,18.312387,172,134149
13121006802,0,0,0,0,1,0,1,0,25.1,8,2.3201856,3.2315946,9.1986227,14.285714,16.430595,46,105375
13121006900,9,5,1,3,9,2,7,0,25.5,12.418077,11.791129,3.322057,9.6057253,770.55927,6.1292105,401,144349
13121007001,6,4,0,1,6,1,3,1,15.1,11.832417,13.47032,3.0120087,15.216595,109.59682,16.904423,266,95351
13121007002,4,1,0,2,10,0,3,0,30.5,11.751597,20.982143,3.0637493,18.271612,341.82465,3.3112581,121,89308
13121007100,2,1,0,0,15,0,4,1,35.099998,11.671472,20.314297,2.9700341,14.722921,94.043884,30.092594,116,68721
13121007200,5,6,3,2,3,1,6,0,28.1,13.20935,25.10216,1.7259555,12.916491,768.56403,20.307167,388,59263
13121007300,11,2,0,2,14,3,5,0,21.799999,12.587848,6.8512304,2.3506453,11.89414,273.03638,13.828967,232,56920
13121007400,8,4,2,3,3,16,4,1,35.200001,13.286299,10.366275,2.6217465,10.96103,2144.7661,16.506023,579,53397
13121007500,14,15,0,2,9,1,5,0,40.599998,11.610262,12.744265,2.9240332,13.012581,460.69183,20.512821,321,93877
13121007602,6,2,0,1,7,1,4,0,10.5,11.958344,11.649072,2.550087,5.6139879,121.44505,8.1998119,220,53092
13121007603,6,9,1,2,3,2,6,0,31.799999,12.840384,5.8275058,2.5709152,6.3868179,330.04926,37.052456,131,90076
13121007604,7,3,0,2,2,0,7,0,25.4,11.5,4.9217002,2.2909157,5.9687095,185.18518,25.947523,50,40715
13121007703,6,7,1,5,13,14,6,0,17.5,11.270189,9.7493036,1.7305104,8.0827246,146.45309,14.521453,249,20361
13121007704,11,4,0,8,12,8,4,0,14.3,10.904651,12.539185,2.1395783,6.0826139,137.11221,20.450529,237,22676
13121007705,59,14,5,4,11,4,7,0,32.700001,11.525983,7.1527457,2.1262605,8.9519005,991.35901,10.406091,437,41242
13121007706,25,7,1,1,29,32,4,1,13.6,7.6691766,8.5797101,1.8699515,10.145715,521.22449,6.9249792,446,17833
13121007802,13,5,0,7,22,24,7,0,10.1,10.562945,4.929972,1.1344885,11.279907,96.071564,13.682278,261,20180
13121007805,21,12,1,4,7,11,10,0,36,11.455256,19.87142,0.85267425,21.189552,1649.156,11.604095,1160,27201
13121007806,4,3,0,4,12,6,2,0,15,10.092366,11.988012,1.2540438,11.197849,153.88628,20.897045,263,25735
13121007807,4,5,0,0,5,1,2,0,21.4,11.191092,16.370603,1.4775276,11.913348,85.790886,12.589413,103,23234
13121007808,4,1,0,3,5,0,3,1,27.799999,12.155014,9.8146129,1.7332803,5.5847397,271.42856,42.959427,129,21840
13121007900,24,9,3,9,13,20,4,1,14.6,12.07712,12.112314,1.9901882,6.1067629,214.59227,6.1538463,802,16699
13121008000,8,8,2,4,9,4,2,0,11.1,11.492964,15.356638,2.9309061,6.5882902,67.455101,14.011868,123,94619
13121008102,8,8,0,2,15,13,11,2,18.700001,13.192223,14.350564,2.6845846,5.7411251,898.74323,28.17407,1397,104157
13121008201,12,2,0,4,12,3,5,0,19.4,10.218642,11.130899,2.0390697,8.7506895,74.432091,12.049489,86,45569
13121008202,2,1,0,0,10,1,2,0,18.299999,11.587861,19.541206,0.95891452,14.523954,496.63425,25.593668,777,31191
13121008301,3,1,0,1,15,0,2,0,19.700001,13.939609,26.754386,3.2806687,18.03651,80.788177,12.165775,212,159454
13121008302,2,0,0,1,7,0,0,0,20.700001,13.786487,15.959872,3.2951024,18.318499,330.13696,17.844524,261,163722
13121008400,3,4,0,4,11,0,8,0,29.9,11.781663,11.2452,3.347991,24.329836,387.1907,9.1310759,245,162752
13121008500,7,5,1,3,16,1,5,0,20.200001,13.18814,12.920527,3.3180189,15.09337,1410.2389,7.3349633,2282,164401
13121008601,8,3,0,1,18,1,3,0,16.1,11.624368,16.310104,2.9662993,10.232402,170.59161,15.722121,250,139605
13121008602,9,2,0,3,5,2,5,2,34.099998,13.406264,25.043681,1.7321787,9.6334181,1358.4045,8.3650188,48,41323
13121008700,7,3,1,1,10,1,1,2,26.200001,12.840981,15.667433,2.8461208,8.8267879,252.85426,9.8632813,252,148378
13121008800,12,11,0,4,11,5,11,0,40.599998,12.266891,8.0704329,2.5541377,10.353897,760.48389,8.5784321,940,124649
13121008902,84,50,6,16,11,24,16,1,53.599998,15.394213,17.227235,3.3748934,5.0585341,4600.4487,2.1010282,3919,195958
13121008903,3,6,0,1,0,2,2,0,42.5,14.167,5.1813472,2.9509964,7.3757935,1173.4235,5.3639846,187,165983
13121008904,9,8,0,2,5,5,2,0,24.299999,11.930576,2.7921819,3.0837815,10.300555,1086.8055,7.8929768,411,190660
13121009000,12,10,2,5,3,8,5,1,17.299999,12.952527,3.7054192,3.2636657,13.434165,774.21997,2.7967257,317,225206
13121009101,27,28,4,12,6,172,6,4,31.5,12.314423,3.2808399,3.4298277,6.1431365,10406.393,4.6065259,8659,244580
13121009102,28,28,4,6,5,60,7,0,37.799999,13.102386,2.3426061,3.5006371,7.8607063,6357.4961,2.8587136,2016,244937
13121009200,35,26,4,6,6,23,13,0,45.200001,14.799314,7.8624977,3.4667675,9.5662966,2965.8247,4.0504484,1808,250071
13121009300,27,13,1,2,4,8,3,1,22,12.242875,1.6540643,3.3241594,9.3108292,1302.2507,5.5823569,304,244828
13121009402,22,13,5,3,5,7,3,1,65.599998,14.536764,3.4274194,3.380137,8.3804369,15996.125,1.5066965,2976,233277
13121009403,34,7,2,1,4,51,2,0,53.299999,15.02702,4.1708044,3.1912055,6.0460029,2498.9011,4.2927513,443,225072
13121009404,9,3,0,2,0,2,0,0,20.5,10.946412,2.4096386,3.1409938,5.3786426,264.15094,6.3869991,103,178066
13121009501,11,3,0,13,5,17,1,2,9.6000004,9.3402929,2.7812895,3.1644332,14.345606,252.44394,3.1165311,411,212365
13121009502,43,20,8,13,12,30,13,0,33,12.055718,2.9742234,2.8935757,14.971822,7742.0249,3.6900368,2882,192347
13121009601,27,10,4,0,0,25,0,1,52.299999,15.065147,6.1108686,2.8906288,14.239374,11037.854,1.432958,1732,183461
13121009602,145,40,16,20,6,40,12,1,44.799999,15.426312,6.8116897,3.0638626,4.7211399,19718.172,3.375356,9595,187517
13121009603,81,57,11,8,7,68,12,2,45.700001,14.554024,4.4016506,3.169713,8.0155478,7122.7583,1.7320609,3236,224847
13121009700,13,5,1,12,5,17,5,0,8.6000004,4.8606257,0.95808383,2.654407,16.358271,413.83557,3.1210191,1296,133951
13121009801,15,7,7,19,12,99,5,2,14.5,13.53308,6.088993,2.9764597,21.070217,1560.8975,2.5815217,2903,186062
13121009802,15,8,0,13,6,30,3,0,10.3,7.124454,1.4464802,2.4831767,16.163431,781.62354,2.6951151,1717,161337
13121009900,20,9,1,13,6,15,4,0,10.5,9.1366415,2.4357839,2.6925542,16.614073,361.14819,1.4805923,636,177722
13121010001,61,47,21,19,10,75,10,5,27.6,11.026163,7.2791165,2.7087615,12.141632,9863.5488,4.4966178,12806,167445
13121010002,77,31,6,14,7,41,6,2,16.4,8.1287241,1.3035921,2.6896818,12.679275,5972.7271,3.1699519,12908,159723
13121010114,15,10,1,6,11,46,8,1,18.700001,11.70732,1.4460154,2.6746571,16.017506,653.64917,2.24596,636,170327
13121010206,15,12,6,14,6,37,6,0,9.6999998,7.0954857,2.4072217,2.6492615,14.914207,546.9516,1.3109381,2505,152837
13121010211,5,3,1,10,9,10,4,1,13.7,11.293253,1.0509721,2.6572468,14.822075,644.79022,0,867,181311
13121010303,34,17,2,16,22,20,16,1,25.200001,8.7697392,4.4338704,-0.56445241,17.808807,905.74139,12.524983,1072,19749
13121011800,6,4,0,3,17,1,9,0,66.099998,14.985844,12.455516,3.5197248,18.437901,2565.0969,13.245824,465,178402
13121011900,46,75,10,30,23,92,22,8,83.400002,17.967066,52.191039,3.547102,30.475519,62311.336,4.347826,31642,193742
13121012000,4,5,1,3,12,4,6,1,65.699997,16.459579,23.318043,3.5714748,13.630569,1379.0776,10.854093,466,159026
17031010100,6,3,0,2,5,3,1,0,71.800003,12.47147,0.38737168,3.6888795,6.7796612,2530.6123,16.010733,376,68521
17031010201,4,6,0,0,2,2,2,1,67,13.679336,1.6291469,3.7124836,6.5519772,748.71796,27.250523,91,75846
17031010202,13,9,3,1,2,0,6,0,72.5,16.107437,11.341416,3.7193885,7.4626632,5602.9409,9.2962637,499,70566
17031010300,10,3,1,3,5,3,2,1,67.5,14.565139,2.8103819,3.6968913,7.6629806,4917.5825,23.297981,996,70173
17031010400,5,6,3,1,1,4,4,1,56.799999,13.661888,2.3454158,3.7045085,9.727129,18051.887,10.596886,40,68263
17031010501,4,2,0,0,1,1,2,0,74.800003,11.013975,2.252816,3.6950879,9.7777777,1833.3333,17.086094,74,67513
17031010502,4,6,0,0,0,0,0,0,77.5,13.861702,1.2201074,3.7181025,9.7777777,1785.7142,17.351875,38,70605
17031010503,2,0,0,2,0,3,2,0,75.900002,12.751508,3.8131554,3.7376697,9.070715,1879.9999,11.471862,120,74534
17031010600,10,4,1,2,6,1,3,0,70,14.566163,1.8131102,3.7285905,9.6482563,3094.2407,16.271805,499,75854
17031010701,3,1,0,0,2,5,4,0,51.900002,11.763978,1.7215937,3.7618043,8.4337282,144.57832,13.402061,57,77996
17031010702,14,16,1,2,10,7,16,1,76.900002,13.787869,2.2456383,3.7453957,9.646142,7934.7827,17.506907,1597,75243
17031020100,5,3,3,1,8,11,5,0,67.699997,13.720128,3.5287731,3.7152293,8.8495579,10924.528,14.396193,2147,76608
17031020200,12,12,4,2,11,12,5,1,50.700001,16.188503,6.2695925,3.7259712,12.281472,1387.5,16.725727,415,85030
17031020301,4,2,1,8,6,16,2,0,49,14.005435,4.2084168,3.7724051,14.108312,2028.2131,14.991671,569,92632
17031020302,5,6,0,1,4,13,0,0,55.799999,14.746916,4.4994376,3.77104,14.589729,2206.4778,14.231679,534,89312
17031020400,2,6,1,0,7,2,0,0,56,11.385712,3.291794,3.7650611,10.126917,901.86914,14.664804,100,81188
17031020500,6,7,2,1,0,4,12,0,47.700001,13.26961,1.8074269,3.7751696,10.861942,1432.8859,16.277372,367,83315
17031020601,13,1,1,1,10,13,7,1,59.700001,13.48931,1.7293558,3.7967103,16.227535,1692.9824,11.411912,266,91804
17031020602,6,6,0,0,2,3,4,0,59.400002,14.373627,1.4789253,3.783355,14.946048,8636.8418,16.825903,1051,90203
17031020701,6,11,1,3,4,19,2,0,50.5,16.445744,11.664899,3.8701181,15.966203,2127.1929,10.490463,538,93650
17031020702,7,9,1,3,11,24,16,0,58.799999,14.413045,3.3130135,3.8694739,16.25828,1930.9211,8.6788282,373,97064
17031020801,10,12,2,5,4,19,5,1,68,14.829924,2.576371,3.8453183,16.069603,2173.9131,21.518532,332,87577
17031020802,44,24,2,3,7,11,30,0,69,14.281524,2.269087,3.8511307,15.568522,4032.1287,14.190094,1180,89046
17031020901,12,14,6,0,3,6,10,0,64.5,12.927869,1.7507003,3.7977734,15.251931,1342.246,23.192661,148,87607
17031020902,2,3,2,0,4,0,1,0,67.400002,14.430724,1.1155734,3.7847536,11.464045,7128.8657,21.683538,1137,85500
17031030101,4,3,0,0,2,5,1,0,81.699997,11.339603,1.5814444,3.6776621,11.246201,6468.0854,13.764183,184,76803
17031030102,4,4,0,0,1,1,5,0,88.599998,12.335581,2.2300096,3.6841605,11.204214,10204.546,12.662136,270,75785
17031030103,2,4,0,1,1,0,3,0,82.599998,11.117227,1.0632642,3.6759994,9.090909,9272.7275,10.395584,265,69948
17031030104,1,1,0,0,0,5,0,0,82.199997,10.873512,0.83798883,3.6767912,9.090909,2809.5239,14.178082,4249,74739
17031030200,14,11,1,0,6,8,10,0,67.900002,16.066484,2.27233,3.7343936,10.069189,2334.6304,22.097759,394,77324
17031030300,3,3,0,1,3,4,3,0,63.700001,13.308778,2.1201413,3.7593598,9.5555277,1206.6116,19.811874,94,82998
17031030400,2,3,0,1,0,5,3,0,68.900002,16.363302,3.9093041,3.8233941,14.110731,3007.4626,20.523708,85,83875
17031030500,10,11,1,3,7,5,3,0,70.5,14.660749,2.7552426,3.7785459,13.848088,2163.1799,15.839243,257,79652
17031030601,2,2,0,0,0,1,2,0,81.5,11.81241,1.5356265,3.6592155,11.126181,4054.5454,15.434243,179,77447
17031030603,1,1,2,0,0,1,1,0,89.099998,11.249739,1.3495277,3.6854603,11.640545,4622.2222,18.95093,72,79418
17031030604,2,2,0,1,3,5,3,0,46.299999,13.243845,1.0729614,3.6901996,10.423452,36671.641,14.913366,2539,78696
17031030701,2,10,2,1,2,1,2,0,88.800003,15.167,2.2050717,3.7092488,10.423452,22518.518,14.983713,304,72288
17031030702,3,9,0,0,0,5,3,0,80.300003,12.572027,0.64350064,3.7240641,10.423452,76000,11.632271,279,71531
17031030703,9,2,2,0,6,6,4,0,83.900002,13.396773,4.3118936,3.7723415,12.21567,6038.9609,14.744933,121,73313
17031030706,3,1,2,0,0,9,1,0,47.099998,11.869487,3.0395137,3.7180939,10.857231,2104.5752,11.682964,264,70470
17031030800,24,24,3,6,7,15,8,0,66.099998,13.576394,2.0017794,3.7690144,13.122308,3666.6667,21.404194,439,75206
17031030900,8,9,2,4,10,0,7,0,70,17.073889,5.834684,3.7962444,15.139034,5981.0122,11.879531,249,77199
17031031000,3,5,1,1,1,19,2,0,70,14.765582,2.676182,3.7924027,10.701235,9219.5117,17.851439,749,85327
17031031100,9,9,2,0,2,7,3,1,63.400002,15.578259,2.9048656,3.7593651,11.869578,4254.7168,15.304054,830,83512
17031031200,11,23,4,3,4,16,17,0,86.099998,15.888592,2.9945723,3.7268646,11.276039,8460.3174,12.707183,623,81123
17031031300,7,3,0,2,3,4,5,0,54.5,11.465679,2.9403528,3.6895845,15.64723,3012.2952,18.427023,865,79925
17031031400,6,3,0,1,1,39,2,0,36.799999,13.065725,5.94685,3.7463984,21.184303,2568.6958,13.07054,1620,149229
17031031501,0,3,1,0,9,2,1,0,80.300003,9.5255547,1.3668671,3.7000504,18.086012,4403.2261,15.413772,260,85367
17031031502,2,1,0,0,2,2,5,0,83.900002,13.492696,1.7814727,3.7340205,22.018991,4612.9033,7.8719721,211,114792
17031031700,24,16,2,1,5,8,6,0,73.900002,13.787434,1.7899761,3.7938898,12.206931,2771.739,16.081718,540,93021
17031031800,2,2,0,0,2,1,4,0,74.699997,15.833,3.2876712,3.8322442,8.9605732,8593.4072,10.971524,605,88190
17031031900,7,6,0,4,5,5,0,0,70.400002,15.351689,2.9876227,3.8465524,8.9605732,5787.8789,10.980392,241,99591
17031032100,4,7,2,0,4,12,5,5,79.400002,13.721364,3.6501679,3.7818193,21.028065,8487.9521,13.031979,1325,163453
17031040100,11,4,0,1,0,2,0,0,42.5,13.717441,4.454343,3.8834391,15.708646,1437.0078,18.025539,346,92067
17031040201,12,13,0,0,7,96,5,0,71,13.785614,4.2408821,3.9246628,16.051579,2139.7849,18.734241,429,83990
17031040202,5,8,2,0,3,8,3,0,68.900002,12.334178,2.6757842,3.905334,17.337049,1955.9471,20.815266,384,86742
17031040300,2,2,0,0,1,9,1,0,43.299999,14.241227,4.0567951,3.9078555,16.154638,1388.5135,15.592106,355,90951
17031040401,5,5,1,0,1,6,0,0,67,14.097337,2.2040302,3.903806,13.20023,2006.7113,14.388093,115,82778
17031040402,6,6,0,1,1,6,4,1,60.200001,13.763611,3.3054209,3.8483586,11.498026,1184.5494,12.724551,166,86605
17031040600,22,21,3,0,2,14,6,0,72.599998,15.410511,5.4858934,3.8709643,8.743454,4812.5,13.944954,190,91551
17031040700,7,17,0,2,0,7,6,0,69.300003,13.859962,3.4931724,3.9063671,16.239189,2753.6233,10.904256,291,97512
17031040800,6,1,0,0,3,3,0,0,64.300003,14.982734,2.3710729,3.9443297,14.288374,13067.415,17.518248,1132,93952
17031040900,5,9,1,0,4,5,1,1,58.200001,16.332468,4.8923679,3.9154704,9.8959122,6217.7422,13.98881,356,94374
17031050100,11,13,2,1,1,10,4,0,72.5,16.237343,5.4945055,3.9564853,13.816597,5720.9307,16.743877,246,123894
17031050200,12,21,5,3,1,15,2,0,69.099998,15.055181,2.9405587,3.9603605,13.724958,4821.4287,9.8367701,529,101116
17031050300,5,11,1,0,1,4,5,1,66.900002,13.835146,2.3291925,3.9689941,14.377141,4039.4739,18.630339,182,99517
17031050500,8,3,1,2,4,7,1,0,69.5,13.796735,3.1007752,4.0261159,17.62871,1912.6984,9.7246122,272,181693
17031050600,12,10,2,1,0,8,4,0,75.099998,16.616154,4.8372911,3.9978311,16.614695,19937.5,9.2442646,1992,194129
17031050700,1,1,0,0,1,0,0,0,64.5,11.5,2.6507621,4.1283741,15.705602,190.47618,12.090163,95,469504
17031050800,3,9,0,0,1,3,3,0,64,13.5,2.969562,4.129302,16.076992,2650.7937,12.372449,58,230028
17031050900,1,2,2,1,0,1,2,0,70.599998,13.333,1.9595036,4.0917239,16.008228,730.15869,14.869888,10,200437
17031051000,4,3,0,0,2,11,2,0,69.900002,16.333,2.0107239,4.1358013,15.32258,4281.25,17.924528,132,475605
17031051100,9,6,1,1,1,2,1,0,66.400002,17.167,3.2154341,4.1392131,15.92302,5126.9839,7.4541287,89,515430
17031051200,2,0,0,1,0,1,0,0,66.199997,15.288198,2.3952096,4.139493,15.605172,2046.8749,11.409396,88,515173
17031051300,3,2,0,4,3,2,1,0,65.900002,14.659378,3.2739178,4.1960087,13.892628,959.67743,12.751678,46,538631
17031051400,7,2,0,0,3,7,2,0,59.299999,15.077524,3.1152648,4.2000575,15.68052,1611.5109,9.7222223,190,515659
17031060100,4,5,0,0,1,0,2,0,65,13.349216,2.7279813,3.8465719,10.378973,1317.4603,13.032736,102,160665
17031060200,9,4,0,3,5,3,1,0,66.099998,14.496878,2.0757654,3.879391,10.674932,12056.91,14.113712,1512,135240
17031060300,10,4,1,2,2,3,3,0,66.099998,16.312094,1.9336126,3.982429,14.90784,3674.7966,9.0533085,405,203996
17031060400,4,8,1,0,0,7,5,0,72.599998,13.760529,1.6839067,3.9345145,12.976606,3440,14.756097,324,204479
17031060500,7,1,0,1,1,0,2,0,57.200001,16.167,5.1724138,3.8534594,12.177168,7136.3638,11.127596,52,191657
17031060800,3,6,0,4,1,14,6,0,68.5,13.82023,2.2722578,3.7623479,21.17647,3471.4285,16.590563,250,220877
17031060900,16,7,3,0,2,8,3,0,59.099998,12.066298,3.1274433,3.7958384,18.919468,3300.5181,15.200154,310,484935
17031061000,1,0,0,0,4,1,0,0,77.599998,13.833,2.8457598,3.8194833,16.474119,7761.1938,11.262136,99,496359
17031061100,1,3,1,0,0,1,2,0,77.699997,14.333,3.5242291,3.8700922,12.45283,10328.358,13.757115,618,497410
17031061200,5,7,2,0,4,7,2,0,77.900002,17.167,1.3550136,3.9105761,13.110111,5641.791,15.898618,32,501263
17031061500,4,8,0,1,3,3,1,0,76.800003,14,2.1097046,3.9624925,13.356734,4761.9048,11.908284,80,499906
17031061800,3,8,2,0,0,2,2,0,83,14.667,5.6285178,3.8127902,15.185185,6249.9995,23.599524,19,510668
17031061901,6,11,0,1,4,2,4,0,78.900002,13.646738,1.3252054,3.8635356,13.93323,6532.2583,10.751784,102,510573
17031061902,2,0,0,3,1,5,0,0,40.900002,10.774807,2.755511,3.8447204,14.297307,1981.3083,11.701705,80,507452
17031062000,2,11,0,1,0,7,1,1,79,14.3125,2.6415094,3.878737,14.007782,6988.5059,9.0785904,69,511604
17031062100,19,30,1,0,4,4,8,1,84.099998,15.150661,2.4883359,3.9072497,14.021799,13400,14.087852,322,514422
17031062200,6,7,0,1,1,2,2,0,75.900002,12.8941,0.3400204,3.977396,13.647345,3808.5107,9.2292585,95,516574
17031062300,2,1,0,1,0,17,0,0,72.300003,15.333,1.8315018,4.033565,14.818387,5857.1426,9.7914782,135,525092
17031062400,2,0,0,1,0,6,1,0,73.900002,13.833,1.0995052,4.119585,15.692883,5650.7935,8.9965391,125,526204
17031062500,9,7,1,0,0,17,4,1,74.900002,18.667,2.247191,4.1560297,14.444445,14629.032,6.6055045,525,511859
17031062600,10,2,5,2,0,12,3,0,80,18.333,1.7167382,4.1918082,13.253633,6960.6299,9.8892403,176,537756
17031062700,10,13,3,1,5,20,4,0,79.199997,15.355242,3.0018762,4.1589689,15.630658,9261.9043,5.8402863,659,537174
17031062800,6,15,1,0,2,8,2,0,76.699997,15.266294,1.12328,4.0942688,15.237472,4626.9839,7.7562323,321,537825
17031062900,5,10,0,2,0,15,1,0,73.099998,14.692145,0.46685341,4.077364,14.599234,3714.2856,13.669591,235,535698
17031063000,13,21,2,1,0,75,4,0,83.099998,17.297796,6.4839375,4.0522156,15.515659,12704,7.3191485,3382,533249
17031063100,6,13,3,3,3,56,2,1,83.800003,15.37214,4.1841004,3.9460571,15.265739,12306.452,7.0806732,310,531825
17031063200,15,11,1,1,1,10,1,0,59.799999,13.34802,2.2068096,3.8985066,15.250478,4267.6055,9.7009649,392,519648
17031063301,10,14,0,1,0,4,4,0,86.599998,14.037711,1.2077295,3.9736764,14.990058,6750.0005,10.011709,31,529912
17031063302,2,0,0,1,0,66,1,0,78.300003,11.29465,2.0887728,3.9545598,14.492894,5893.6172,10.76563,174,527589
17031063303,4,1,0,2,0,23,0,0,47.799999,15.156766,1.6339869,3.9432936,14.172035,2362.6375,17.884615,218,523499
17031063400,14,20,4,2,3,7,3,0,86.199997,15.782385,4.1173443,4.016572,15.564179,12983.606,12.560976,182,531350
17031070101,9,12,2,7,2,12,4,0,50.299999,14.75474,2.5233409,4.0405183,12.60655,2760.9756,15.722379,245,530946
17031070102,15,14,4,0,3,22,4,0,89.800003,15.813066,1.2886598,4.0273337,13.750821,20958.334,11.25,291,529132
17031070103,1,7,1,2,2,1,1,1,80.599998,12.999999,1.0810811,4.0922589,11.825747,7925.9258,8.2706766,46,534272
17031070200,18,19,3,3,2,12,3,1,77.400002,15.046581,2.4248303,4.0797205,12.717328,21757.576,13.73882,411,530915
17031070300,16,23,0,2,2,25,1,0,75.5,17.181034,2.7247956,4.0949435,14.061646,8752,7.0723033,477,534759
17031070400,1,4,0,4,3,12,1,1,71.900002,15.005486,1.221374,4.1327519,16.180201,6264,3.9645281,635,536317
17031070500,4,1,1,5,1,12,0,0,74.699997,15.875182,0.98781692,4.15591,14.998267,8220.3389,8.1655483,493,537495
17031070600,1,10,0,2,1,6,1,0,74,16.674425,1.7211704,4.1973968,16.769447,2795.4546,19.042496,280,540808
17031070700,15,7,5,2,3,6,2,0,78.800003,17.200706,3.8510911,4.2152362,12.750772,7166.0381,13.234721,538,543477
17031071000,6,4,0,2,1,4,2,1,73.699997,16.149815,0.49603175,4.1746516,10.832411,2984,4.2480469,64,539046
17031071100,11,5,1,3,1,4,1,0,70.300003,16.940571,5.9027778,4.156889,10.600085,9031.7461,8.526741,384,536914
17031071200,19,20,3,3,4,23,2,0,67.5,17.705462,5.8394161,4.144804,10.992643,46436.508,6.3948841,6162,535803
17031071300,9,5,0,2,4,11,3,0,72.699997,16.186291,1.9422863,4.1149216,10.278344,4708.3335,7.579237,86,533482
17031071400,10,18,6,0,4,9,4,0,56.700001,16.627693,3.5003282,4.0837278,9.6063337,5469.6357,8.451705,757,528571
17031071500,17,13,5,6,4,11,5,0,49.599998,15.904827,4.3739748,4.1132917,7.9932456,4369.9424,9.9175501,877,532136
17031071600,2,1,0,2,0,3,0,0,70.099998,17.167,2.1633315,4.1426349,9.4184952,1920.6349,11.864407,84,538223
17031071700,0,0,1,1,5,2,1,0,69.099998,15.284021,1.1204482,4.1534543,9.4256086,1048.3871,8.1576538,50,538157
17031071800,1,17,1,2,0,7,1,1,70.699997,14.901911,3.0268634,4.1525826,9.4582224,4168,10.810811,129,539706
17031080100,9,3,1,14,1,20,3,0,77.199997,14.929338,1.9633508,4.0484128,13.802702,8893.2041,12.408759,369,529099
17031080201,4,2,0,1,1,8,2,0,78.099998,16.311495,2.0467836,4.0984488,6.9911957,14038.461,12.292818,549,531003
17031080202,6,6,3,2,4,12,2,0,78.400002,16.295996,3.5440047,4.0766048,14.030681,18716.668,4.897388,315,532119
17031080300,19,23,5,3,0,16,9,0,82.099998,16.509117,3.0078667,4.1457834,9.2113533,19128.572,11.320209,1165,533429
17031080400,4,7,0,2,0,7,2,0,78.5,15.270735,2.1838829,4.1754003,11.3543,6373.0156,12.180201,504,536304
17031081000,8,14,1,5,13,21,6,2,81.599998,16.277458,3.0991736,4.1083436,16.366802,39600,5.9100542,2337,532835
17031081100,13,11,1,6,3,11,0,0,83.300003,16.954245,1.7316017,4.0673161,15.720275,81375,10.348665,968,532058
17031081201,129,49,9,5,4,33,8,3,85.599998,16.465931,1.7064846,4.0415244,15.006366,142746.47,6.7692308,3015,532439
17031081202,6,12,1,11,3,8,3,0,74.900002,13.336531,2.923027,4.0415282,14.988314,18493.67,5.6910572,192,529304
17031081300,74,18,4,12,1,45,9,0,77.099998,15.690266,2.2097228,3.9058235,15.003643,105974.36,5.8677683,3419,527365
17031081401,23,15,2,10,1,426,7,1,83.800003,16.039349,5.5732484,3.8766425,10.422314,200259.25,6.5915003,13910,527042
17031081402,11,6,2,3,0,29,2,1,71.5,16.75663,1.459144,3.8622608,9.1418915,16449.34,9.2174568,1077,518719
17031081403,48,52,10,12,3,79,16,2,81.5,17.630348,2.7573529,3.9225595,9.098444,103297.1,5.6793098,9666,523944
17031081500,55,51,8,8,10,68,11,0,87.099998,18.154062,7.3637703,3.9950562,14.77207,177280.7,4.5696068,7502,529752
17031081600,7,30,3,1,1,18,8,0,87.800003,17.178642,4.3859649,4.0357566,14.441719,80803.922,9.6699028,970,530432
17031081700,32,71,12,15,3,25,10,1,92.699997,17.791666,7.3186959,4.0874691,16.380928,100741.26,11.472742,9813,534728
17031081800,78,66,9,15,6,44,16,0,83.900002,17.627035,3.7196846,4.1297297,18.038574,96017.367,10.123118,14583,537981
17031081900,1,2,0,0,0,0,1,0,74.300003,14,2.5146689,4.1690478,19.402397,1698.1133,14.231499,15,541768
17031090100,8,1,0,1,2,3,1,0,55.299999,14.530605,3.7759597,2.7453618,15.690265,891.66663,8.75072,190,100487
17031090200,6,10,2,2,2,12,6,0,53.5,15.504531,4.968383,2.7625937,16.16202,1115.192,16.66213,282,118419
17031090300,2,0,0,0,3,4,1,0,55.900002,17,3.6683786,2.7431417,16.323683,8031.25,9.5714283,602,113502
17031100100,4,10,3,6,4,25,4,0,63.5,15.47961,3.8590604,3.193404,9.6778431,3415.3845,8.8128777,684,92812
17031100200,12,4,4,1,2,9,5,1,51.400002,14.223027,5.0083472,3.0693851,11.560519,1359.3557,16.931507,439,91054
17031100300,6,3,2,1,6,4,2,0,45.900002,13.547954,4.1500664,2.8712728,12.939826,1012.4575,6.0052218,601,93513
17031100400,2,1,1,0,1,105,1,0,56.200001,13.550243,5.9504132,2.6949682,14.256371,19597.334,14.359973,7367,115097
17031100500,5,5,2,2,5,7,1,1,57.799999,13.603287,4.4177417,2.6680417,10.622383,2149.4709,11.45536,891,122232
17031100600,8,9,0,1,6,22,2,0,63.5,15.097001,5.325948,2.9142222,11.560552,1652.5253,17.079206,408,93968
17031100700,2,1,1,1,2,1,2,0,58.900002,13.219839,1.7274887,2.9960485,11.545346,422.17484,12.76509,49,89621
17031110100,9,8,3,3,2,7,1,0,50.599998,14.664348,4.3844265,3.3450823,10.547349,1691.8768,9.3327513,461,77280
17031110200,11,6,1,1,1,27,1,1,73.400002,17.532177,7.9103494,3.3248055,10.265018,4982.6084,9.0616961,198,91094
17031110300,0,2,2,2,2,2,3,0,60.799999,13.195979,4.9802864,3.1252594,12.590261,479.65738,12.207417,84,95471
17031110400,3,0,0,1,3,6,4,0,64.900002,14.333303,3.7159372,3.2024434,11.399869,1867.036,13.522824,168,78899
17031110501,4,3,0,1,2,7,1,0,63.400002,12.428648,3.6727199,3.4772701,9.2634764,872.54901,17.096537,122,83291
17031110502,5,5,3,2,2,14,4,0,67,17.817848,9.5073466,3.4863379,9.4558611,4223.1079,18.341404,585,87039
17031120100,8,4,0,3,3,9,0,0,24.6,15.068292,13.749079,3.3695474,12.435325,421.54132,11.952191,331,92349
17031120200,8,8,1,5,7,74,1,1,36.799999,15.773495,8.4685956,3.6149781,14.392468,1685.0649,11.725768,1308,85221
17031120300,14,12,6,7,7,30,5,0,47.099998,14.106511,3.164557,3.8379912,15.527934,2447.6672,6.9124422,2072,92531
17031120400,2,5,0,2,6,2,2,1,45.400002,13.698824,3.5915854,3.6787176,8.3866634,987.83453,12.186788,174,89923
17031130100,20,18,3,3,7,38,1,0,46,15.259769,5.164945,3.8510673,14.991215,2207.0422,16.499706,1349,102481
17031130200,4,1,2,0,5,14,4,0,38,14.5,13.240858,3.7887101,10.432927,1981.2968,9.3670893,296,86720
17031130300,6,3,1,3,5,13,2,0,54.299999,15.07275,2.411091,3.9024053,14.410111,1992.8058,19.555935,358,85516
17031140100,3,2,1,0,1,5,4,0,67.5,13.399519,1.9449847,3.910182,15.368347,1684.6847,16.727716,106,85751
17031140200,9,4,0,1,5,2,3,0,68.599998,13.780733,0.77303649,3.8669536,10.714355,5059.2104,19.854338,775,91173
17031140301,3,7,1,0,0,1,9,0,71.5,13.153653,2.265861,3.8277102,8.5789413,2031.746,19.165998,63,87250
17031140302,2,2,0,0,5,4,3,0,59.700001,11.746346,1.1491611,3.8095653,8.3857946,3202.4539,14.82438,469,89541
17031140400,11,4,2,1,1,1,5,0,64.900002,12.787039,3.2093363,3.7407794,7.786603,2517.5439,21.522388,192,88900
17031140500,6,3,2,0,2,3,4,0,68.5,16.275385,2.0229265,3.7595792,8.5294085,2548.5715,23.745411,81,91250
17031140601,8,5,0,1,0,3,2,0,68.099998,15,2.5228635,3.8064163,10.538307,2028.5715,18.960245,47,88753
17031140602,7,9,0,0,0,8,5,0,68.699997,11.512537,0.86595081,3.8372724,11.843791,1337.8378,25.357019,112,94563
17031140701,12,14,2,1,1,8,10,0,81.400002,14.155461,6.3492063,3.8585756,10.659523,2079.5454,12.304555,76,88306
17031140702,5,6,0,1,3,2,6,0,68.5,13.241768,1.2638231,3.8979325,16.038725,2921.2119,19.003691,58,92339
17031140800,10,15,0,1,6,13,12,0,65.5,14.121074,1.5519917,3.9180155,14.044795,2164.2856,19.402597,172,98165
17031150200,22,13,4,0,5,18,7,0,68.5,14.734276,4.744198,3.643713,10.165566,2208.9844,21.399374,247,79222
17031150300,8,5,2,2,5,24,7,1,62.900002,13.706592,4.549457,3.5076928,11.119126,2015.6249,18.533104,210,84116
17031150401,3,4,2,0,5,16,6,0,64.599998,14.867249,4.9074281,3.4064584,11.722612,2740.3508,23.510338,190,80701
17031150402,4,3,2,1,3,5,3,0,65.5,14.707572,4.5345425,3.514765,13.777186,1812.4999,19.715548,175,80856
17031150501,0,2,0,0,4,0,0,0,56.700001,12.903613,3.0403538,3.337131,12.200953,425.9259,17.195896,63,94841
17031150502,6,2,2,1,3,1,0,0,59.5,12.158621,3.7328909,3.3998044,14.649693,1159.0909,17.613636,224,95388
17031150600,8,2,0,3,5,30,0,0,63.5,13.342002,4.109589,3.6092665,17.623192,1383.3993,25.309917,183,81347
17031150700,2,5,0,1,2,11,0,0,67.699997,13.391854,2.2466861,3.6363244,10.176785,734.37494,18.809074,41,85082
17031150800,11,4,0,1,7,14,1,0,68.199997,11.859854,2.6153559,3.7054026,10.57161,1380.3922,20.892275,297,83935
17031151001,0,0,0,0,2,1,3,0,66.900002,9.6829643,1.52207,3.7094872,9.7602549,472.44092,22.719734,52,78024
17031151002,6,4,0,0,2,3,1,0,72,13.600142,2.7521132,3.75653,10.698692,3475.6096,15.035274,269,83524
17031151100,9,7,2,1,6,9,2,0,68.5,15.29232,2.8345819,3.6744511,11.215856,1211.7648,26.334518,182,79393
17031151200,1,1,2,1,0,6,4,0,68.300003,12.767035,4.9301561,3.5940111,17.837931,6264.8223,16.898396,1224,83493
17031160100,6,5,0,1,4,12,1,1,60.400002,13.660652,3.3898305,3.7023621,9.1451101,1340.6113,12.727272,92,85606
17031160200,10,2,1,0,6,7,2,0,68.800003,13.895593,2.8089888,3.7607419,13.178079,6224.3242,11.44094,271,94416
17031160300,15,4,0,0,4,6,5,0,67.300003,12.295498,3.1144563,3.8213823,14.195605,2927.2727,11.638734,167,101122
17031160400,9,8,3,1,10,3,8,0,64.599998,13.382375,2.5101371,3.8599045,15.769984,3019.6851,11.677479,242,94603
17031160501,3,6,0,1,0,1,5,0,67.900002,10.992395,2.049647,3.914716,18.680904,1293.233,16.981133,26,103462
17031160502,0,6,1,0,0,1,3,0,64.900002,13.227436,1.2368584,3.9310982,19.442278,1675,14.702643,133,103896
17031160601,2,10,0,0,2,4,3,0,66.300003,13.539295,1.3185654,3.9321108,18.636635,1928.1046,13.77551,134,103921
17031160602,3,10,0,2,2,3,0,0,51.599998,12.08523,1.8248175,3.956712,17.004049,910,14.647202,208,100409
17031160700,4,9,0,0,5,2,6,0,66.900002,13.605266,2.0411635,4.0225687,14.443911,2765.4722,16.039179,1691,101925
17031160800,8,5,1,1,1,6,1,0,69.400002,14.62784,2.4141133,3.9738839,15.585048,2661.4172,13.65175,216,103062
17031160900,7,4,0,0,2,4,1,0,59.900002,16.34585,6.5084227,3.9326005,18.387402,2287.4016,16.08,571,108016
17031161000,2,2,0,2,1,1,2,0,56.799999,13.947035,7.4498567,3.8804781,17.000378,2230.303,8.1983805,143,96870
17031161100,3,2,0,2,5,1,1,0,61.900002,14.566668,7.5388027,3.8070574,17.257742,1896.861,16.527943,38,90671
17031161200,3,0,1,0,0,1,2,0,66.800003,14.635649,1.9904459,3.9255013,13.191092,3285,16.287094,140,88607
17031161300,7,6,1,1,3,3,3,0,70.199997,14.62787,5.4764513,3.9593115,13.158119,4411.4585,18.344519,369,103883
17031170100,6,2,0,0,2,2,1,0,57.900002,14,11.655012,3.4065166,10.739488,7862.2451,18.055555,2522,90418
17031170200,7,1,0,0,8,6,1,0,62.599998,12.394804,4.4270833,3.4692345,19.4813,464.28571,26.078335,74,82352
17031170300,9,7,3,0,4,1,10,0,55.299999,12.712656,4.3358297,3.3120968,12.169839,2012.9629,18.421053,213,92797
17031170400,4,7,1,1,0,8,0,0,62.799999,13.886742,3.9567396,3.0758803,10.290253,1003.367,26.29287,137,94046
17031170500,5,1,0,1,2,1,1,0,47.400002,11.821763,7.0527891,2.9677732,10.213375,289.56229,17.78163,34,111885
17031170600,2,0,1,2,2,1,0,0,58.200001,12.954204,2.6425066,3.0428588,10.824746,557.07764,10.97561,111,115435
17031170700,2,3,0,3,0,4,1,0,58.200001,10.727468,2.5204789,3.0910425,10.503143,558.03571,24.790503,51,114273
17031170800,10,3,1,0,2,3,2,1,60.5,13.572961,3.2921811,3.1554158,9.8722515,1152.4823,23.97607,100,91738
17031170900,1,0,1,0,0,1,0,0,60.5,15.167,3.4985423,3.1788909,8.8928509,540.32257,23.628693,32,96305
17031171000,10,10,1,3,5,13,6,0,60.400002,13.242138,3.2707622,3.3989561,12.618791,1310.4089,21.33441,267,89849
17031171100,0,0,0,1,2,0,3,0,65.199997,12.647549,3.2029284,3.522218,19.207111,1789.8833,18.594217,307,80240
17031180100,5,5,2,3,0,18,7,0,63.299999,13.206413,3.1790887,3.4133422,10.411077,1151.2195,19.993391,175,78902
17031190100,4,4,0,0,0,1,4,0,81.800003,12.167,3.7174721,3.8447704,11.26177,22836.064,21.241259,69,86680
17031190200,2,3,1,0,5,4,4,1,70.699997,12.845694,2.1573183,3.7717948,10.871956,1098.0392,17.832024,124,77550
17031190300,15,16,1,1,6,15,9,0,72.300003,14.275994,2.088079,3.7176378,10.919651,2427.4509,18.875343,268,75456
17031190401,7,6,0,0,4,16,2,0,64.599998,15.397513,3.960396,3.5360026,13.953048,1043.4783,27.533686,123,81638
17031190402,17,9,1,0,5,8,3,0,69.800003,15.55541,3.2646399,3.623934,13.032294,1418.9724,22.619495,112,70043
17031190601,1,7,1,0,5,4,2,0,55,13.037964,4.0232454,3.6212535,9.1899881,206.76692,28.483604,6,81105
17031190602,4,10,0,2,2,6,5,0,66.199997,12.170364,3.0199315,3.7108634,9.4067907,2325,23.78805,230,73807
17031190701,3,4,0,0,3,6,3,0,75.400002,12.054371,2.044293,3.7771871,8.2288074,1065.4205,19.844358,104,72621
17031190702,2,3,1,0,2,4,5,0,69.699997,13.233413,1.1130899,3.7700515,7.7415018,925.67566,29.747108,18,76476
17031190800,10,12,0,2,7,4,6,0,73.699997,12.590516,1.7714792,3.8241236,10.74111,1584.3137,27.585033,141,78514
17031190900,1,1,0,0,0,0,1,0,71,13.333,2.7472527,3.8598697,8.8629723,983.47107,22.364218,14,88687
17031191000,3,0,0,0,1,1,2,0,79.400002,14.646302,4.0441176,3.9555588,18.564472,3815.4763,23.310225,81,110269
17031191100,10,11,1,0,6,8,5,0,70.5,13.340062,2.9815919,3.8837812,15.356952,1144.6542,21.717613,311,91494
17031191200,2,2,0,0,1,5,3,0,69.699997,12.570492,5.2356021,3.8070924,8.7524319,992.64703,16.889147,210,75802
17031191301,4,5,0,1,4,1,2,0,71.900002,13.695281,3.1682508,3.6754713,6.2263994,1199.2336,14.680484,18,74459
17031191302,6,7,0,0,1,2,5,0,74.199997,14.12584,4.2543663,3.7768006,6.3554049,1922.1311,18.425842,75,78073
17031200100,0,3,0,1,0,4,3,0,67.699997,13.412761,1.3189712,3.9464695,11.213432,889.86786,30.046082,31,103831
17031200200,8,6,0,1,7,2,6,0,71.5,14.094309,2.1637216,3.9767661,8.8051367,3462.0251,24.405003,102,120654
17031200300,5,0,0,1,2,4,3,0,77.900002,11.791272,4.428698,4.0576158,8.9496384,1783.5051,14.936954,156,127325
17031200401,0,2,0,0,3,0,2,0,71,13.656765,0.74738416,3.9896085,8.5318995,8346.1533,13.821655,0,127064
17031200402,2,0,0,0,2,5,5,0,71.900002,13.304691,2.283105,4.120636,10.869565,1765.1006,27.887619,93,137125
17031210100,12,7,3,0,5,3,5,1,76.400002,16.960733,3.7226617,4.086412,7.8392425,10254.545,26.371189,468,164487
17031210400,3,3,0,0,0,1,1,0,76,12.156384,2.8453999,4.0296955,10.934978,2574.074,10.53498,33,115473
17031210501,6,5,2,1,0,3,3,0,76.300003,13.605463,2.8856826,4.038095,10.065849,20239.67,13.810597,151,122549
17031210502,5,1,1,1,2,0,4,0,71.599998,13.672956,1.3534416,4.0567427,10.098419,2597.0149,8.1670532,241,125301
17031210601,3,2,2,0,1,1,4,0,69.900002,11.859161,3.6166365,4.025753,6.0818887,10830.188,14.495799,38,150965
17031210602,11,7,4,0,2,11,3,0,73.699997,15.356201,3.133393,4.048017,7.6250868,5727.8911,7.9769344,191,168781
17031210700,5,5,0,2,3,3,5,0,74.699997,12.013959,1.3280212,4.0690446,9.7102566,1885.4166,14.05508,92,202511
17031210800,1,1,0,2,2,3,0,0,73.300003,16.167,4.048583,4.0936174,9.545455,3111.1111,14.957266,21,235112
17031210900,11,7,2,2,2,3,3,0,77.300003,16.065296,2.9708853,4.1545348,11.877481,2040.9091,17.615013,77,480560
17031220300,2,4,0,2,2,5,1,1,68.099998,12.643246,2.8865979,4.2600799,21.693613,611.11108,12.723041,35,526201
17031220400,11,10,0,1,7,3,6,0,70.400002,14.499214,4.0899796,4.2046509,19.898399,3212.5984,9.3008738,229,479204
17031220500,20,13,1,0,3,11,1,0,72.900002,15.516026,2.8368794,4.1330619,18.296564,8782.9463,5.5035129,296,476435
17031220601,4,5,1,0,2,9,0,1,68.199997,15.043936,4.6480744,4.1633921,11.595917,2342.4658,10.731133,100,208988
17031220602,12,12,1,3,3,4,6,0,72.400002,14.285096,4.838355,4.0851765,11.334811,2044.6926,10.80982,181,209622
17031220701,6,1,0,0,1,3,5,0,73.400002,11.795182,0.78740157,4.1734881,8.6982927,2368.9321,11.449973,120,169489
17031220702,7,3,0,0,1,1,8,0,76.300003,12.232675,3.4924331,4.124867,8.9557962,3833.3333,14.217784,195,134456
17031220901,3,3,0,0,0,1,2,0,70.400002,11.58583,0.88443396,4.2391143,10.071897,814.1593,16.182247,19,206290
17031220902,5,5,0,1,4,4,4,0,76.800003,12.9165,1.8668326,4.2116771,8.8132439,2476.5625,8.7880936,48,172197
17031221000,2,1,0,0,1,1,3,0,73.199997,13.19093,0.97370983,4.2466865,9.4551611,517.64703,15.800712,9,222260
17031221100,5,1,0,0,3,5,2,0,66.699997,13.043068,2.7168234,4.2590494,13.316786,1852.9412,7.9005933,308,476761
17031221200,3,5,0,0,2,4,2,0,63.5,14.477811,2.1413276,4.3147044,17.420738,1585.9374,5.2658753,164,531910
17031221300,7,8,3,1,7,1,5,0,71.300003,14.748128,3.4013605,4.3065228,17.588665,4708.6611,6.3403788,329,531899
17031221400,6,11,4,1,2,4,6,0,77.300003,16.203983,5.4768041,4.3020926,16.166529,4204.3799,13.325541,171,549234
17031221500,5,8,0,0,1,0,3,0,70.800003,12.341883,2.2279985,4.2880449,12.969101,3449.1526,9.8296204,79,549358
17031221600,3,4,3,1,0,6,6,0,75.400002,16.282827,2.0113979,4.2920275,11.994516,1448.8188,13.995942,158,545502
17031222200,6,5,0,0,0,4,2,0,77.900002,14.457235,6.824147,4.3300295,8.4556084,3483.146,8.7862988,49,550099
17031222500,2,3,1,0,0,1,0,0,68.300003,16.333,3.4891835,4.3301024,11.555555,1262.295,5.9233451,26,550053
17031222600,2,1,0,0,5,7,1,0,65.599998,11.5,1.2277471,4.3329887,13.402472,661.29034,10.584678,32,550179
17031222700,1,10,0,0,0,3,5,0,65.699997,12.240921,2.8712059,4.3437648,11.030396,1770.115,7.2592592,125,496715
17031222800,1,1,0,0,1,0,0,0,71.400002,12.833,1.1350738,4.326601,12.5,1186.0465,10.328638,0,476964
17031222900,2,1,0,1,0,0,2,0,72.599998,13.833,2.3547881,4.3104954,11.576633,1321.4286,9.8130846,53,210495
17031230100,1,1,0,1,2,1,0,1,64.400002,11.833,1.3166557,4.3391714,10.381085,499.99997,25.581396,27,551296
17031230200,4,3,0,1,3,2,2,0,67.300003,14,4.9261084,4.3611398,11.14487,1666.6666,20.927725,81,535728
17031230300,0,0,0,0,3,0,1,0,61.599998,10.167,0.89285714,4.351089,10.221517,450,25.737265,5,475132
17031230400,3,3,0,0,0,2,5,0,74.800003,13.00926,1.8867925,4.2962456,14.706087,1790.6978,21.904762,46,211017
17031230500,12,6,2,1,3,1,7,1,79.5,14.101349,4.2979943,4.185575,18.095736,2870,15.538362,61,130596
17031230600,10,4,0,0,6,6,2,0,81.099998,14.067054,2.7187346,4.1883426,29.463272,3149.7463,21.670147,233,142237
17031230700,5,5,0,0,7,6,2,0,75.599998,14.16802,4.2487447,4.3340855,17.163227,1318.7252,21.553885,278,469660
17031230800,1,2,0,0,0,0,1,0,76.599998,13.5,3.0674847,4.380672,13.963702,443.03796,18.286655,161,492090
17031230900,8,5,1,0,4,5,5,0,76,13.764406,2.3130301,4.3669753,14.238388,3965.9092,24.676483,54,555561
17031231100,1,0,0,1,0,0,1,0,69.400002,15,4.4052863,4.3676186,13.498463,1132.3529,27.447218,0,538155
17031231200,5,1,0,2,11,0,10,0,64.599998,12.554214,2.0087044,4.3405552,19.718279,1897.6377,31.581396,306,471284
17031231500,3,1,0,2,9,8,6,0,58.700001,11.664656,2.5945145,4.3696055,11.861402,2401.5544,26.047903,881,471254
17031240200,2,3,0,1,0,5,1,0,72.699997,17,2.4984385,4.2914181,18.507702,1015.6249,13.769531,69,546933
17031240300,16,11,0,1,1,3,2,0,76.099998,17.167,1.5209125,4.3152227,11.785912,9859.375,11.197916,222,548608
17031240500,12,2,0,2,3,4,4,0,80,16.333,4.6882325,4.360332,11.18043,4033.3333,8.3482409,360,549756
17031240600,4,0,1,0,1,3,1,0,67.699997,13.667,2.5706941,4.3564639,9.3850203,2730.1587,11.033797,55,550869
17031240700,2,1,0,0,3,2,0,0,69,13.167,2.1656741,4.3536177,10.765689,7428.5713,17.321016,619,552502
17031240800,3,0,0,1,2,0,1,0,65.599998,14.259111,1.7814727,4.3378091,10.866745,2015.6249,9.2615767,15,553512
17031240900,0,1,1,2,0,11,2,0,38.799999,16.333,21.806854,4.3448491,7.5050044,4292.0107,20.247932,1123,555343
17031241000,3,0,0,0,3,1,3,0,74.699997,11.817114,1.3140604,4.3574758,11.691155,9061.7285,10.819328,641,554091
17031241100,6,10,0,0,5,3,5,0,72.099998,10.75603,2.2894938,4.3564029,12.419008,1806.2017,13.971807,55,556353
17031241200,1,6,0,1,2,47,3,0,71.900002,15.30371,2.9368576,4.3592801,12.081822,8181.1021,7.2236724,434,554093
17031241300,1,2,1,1,3,3,1,1,65.599998,13.167,0.52576236,4.3387327,12.175413,5317.4604,13.005273,137,553146
17031241400,41,42,6,1,4,7,9,0,72.699997,15.473678,4.5510964,4.3159008,10.308364,9895,14.429967,598,553582
17031241500,32,19,3,1,2,8,9,2,87.599998,17.040678,2.7548209,4.2826304,15.376667,13145.299,11.360449,334,548328
17031241600,9,3,2,0,0,4,2,1,87.199997,15.461279,1.9746121,4.2688189,15.626398,3858.4072,10.754791,204,548062
17031242000,8,20,0,2,3,8,1,0,83.699997,14.861876,2.9485144,4.2542114,11.511944,5571.4287,9.2008066,475,550038
17031242100,12,10,3,1,3,4,4,0,81.300003,16.428135,1.5455951,4.2835865,12.746833,3401.5747,4.9848943,107,550884
17031242200,9,11,1,1,1,11,2,0,76.699997,15.07305,1.5041364,4.2947922,15.479554,3047.6189,10.964551,91,553135
17031242300,15,12,1,0,3,6,7,0,74.199997,15.476036,2.5423729,4.3116827,13.658648,2141.7322,7.4074073,184,554953
17031242400,4,3,1,1,6,17,2,0,81,15.596265,2.7063599,4.3222117,10.421496,16519.684,20.909565,2212,556830
17031242500,5,8,3,1,5,11,2,0,77.699997,13.095876,2.0035061,4.3527479,11.308949,2250,14.900001,181,558143
17031242600,6,9,1,0,4,11,7,0,74.699997,13.448793,2.2931734,4.3603668,9.883256,2173.9131,9.6913586,561,557243
17031242700,3,0,0,2,1,0,1,1,71.5,13.667,2.718869,4.3374128,5.869061,1308.8235,15.548098,35,555188
17031242800,8,4,0,1,2,1,2,0,77.699997,15.5,9.8400984,4.3233156,7.5960817,3000,13.88535,92,558197
17031242900,6,4,1,7,2,12,1,1,83.699997,15.305005,3.9564787,4.2784786,9.1177912,5872,17.270992,80,559994
17031243000,14,6,0,1,0,3,1,0,82.599998,16.59148,4.6433094,4.2536588,17.667789,5592,15.856096,55,557468
17031243100,12,5,0,0,0,5,4,0,83.300003,15.582661,3.9856517,4.2406754,14.291748,9160,5.5900621,212,556884
17031243200,11,10,0,0,0,9,7,0,82.599998,15.755928,4.8309179,4.2310104,11.378861,6704,6.1786437,233,552032
17031243300,11,9,1,0,3,3,2,0,84.800003,14.072696,3.2065964,4.2109032,11.140121,38166.668,5.9554977,198,552585
17031243400,6,17,2,2,1,3,6,0,84.400002,16.11517,1.63827,4.2002726,12.230989,4393.7007,8.4498482,228,549132
17031243500,18,15,3,1,3,6,9,0,82.300003,17.886286,7.888924,4.1631665,19.408895,15295.275,10.083256,1560,547188
17031250200,2,4,0,0,4,0,0,0,67.300003,13.956818,3.4065102,3.9908419,66.441704,1357.5129,15.200766,17,101275
17031250300,4,2,0,1,8,4,2,0,67.900002,11.710369,1.4239219,3.9006751,58.69725,1368.2009,21.156937,71,82690
17031250400,16,10,0,1,14,1,7,1,67.599998,13.494788,4.3736332,3.8080027,5.4050875,4547.4312,11.198073,113,75344
17031250500,14,11,3,3,6,18,1,0,60.5,13.415985,4.539992,3.629993,11.186322,2393.2161,12.960545,338,80765
17031250600,7,2,0,1,10,1,2,0,66.599998,13.101619,3.0229746,3.8524292,8.088295,628,12.714988,48,79016
17031250700,9,3,0,2,10,2,6,0,67.199997,10.880345,3.1777889,3.9600613,52.924103,878.90619,22.086189,48,88852
17031250800,6,0,1,1,3,0,2,0,66.800003,14.209957,5.721831,4.0024767,85.111725,2923.4233,19.20694,25,98684
17031251000,0,0,0,1,4,0,0,1,79.900002,15.167,9.3457944,4.0408897,31.1492,2372.2222,21.068249,20,121277
17031251100,3,1,2,1,8,7,7,0,65.5,10.500153,2.2864269,4.004209,36.973839,567.70831,32.863434,153,108666
17031251200,4,3,0,0,12,0,2,0,54.099998,11.516231,4.054739,3.9898419,18.968775,707.03119,8.3065033,62,98876
17031251300,5,7,0,1,17,1,7,0,58,11.010693,3.7704231,3.9197123,12.757237,376.98413,20.300753,113,87206
17031251400,2,2,0,1,15,30,4,1,57.799999,12.12532,6.0728745,3.928448,13.884333,813.68817,20.982143,2057,82495
17031251500,4,2,0,1,10,0,4,0,52.200001,10.62268,2.6023184,3.9999444,21.576998,261.36365,24.384615,39,104686
17031251600,2,0,0,3,12,4,5,0,56.900002,11.131437,2.205419,4.0275402,20.054623,1516.129,31.019333,295,116344
17031251700,0,5,0,0,10,1,3,0,68.699997,15,6.199628,4.0607409,23.138695,484.04257,20.725389,37,120427
17031251800,14,4,0,2,19,5,6,0,68.900002,13.018685,6.4594267,4.0508113,13.667836,6719.4805,26.032192,182,117715
17031251900,6,1,0,2,6,5,2,0,63.599998,13.036356,2.4740228,4.0047188,9.3313522,1130.6122,22.240129,159,100116
17031252000,7,1,1,0,9,1,1,0,60,12.317774,3.6832413,3.9220386,8.6640749,3353.6584,24.299067,485,92147
17031252101,2,1,0,0,4,0,6,0,35.900002,17.167,16.677357,3.9094572,9.7378473,294.67084,17.843138,37,94327
17031252102,9,7,1,1,7,1,5,0,67.800003,10.739689,4.9099836,3.9747951,13.876207,980.62018,21.261185,60,100233
17031252201,2,1,0,1,4,2,1,0,66.400002,12.743401,5.2770449,4.0539293,12.047665,2181.208,13.871375,338,120228
17031252202,3,2,0,1,6,1,4,0,67.800003,12.148109,9.7927579,4.0453868,8.6634398,349.59348,20.549021,153,118408
17031260100,7,1,3,0,4,5,1,0,76.400002,16,7.014809,4.3341875,9.7063026,1512,22.110554,33,450574
17031260200,7,3,1,1,3,0,3,0,68.300003,16.333,5.2631579,4.2166419,11.540733,3700.7874,24.848484,44,447142
17031260300,1,1,0,1,12,0,3,0,66.800003,14.833,1.3477089,4.154264,11.639061,2181.1023,12.765958,189,195383
17031260400,1,0,0,0,3,0,0,0,73.699997,15,1.3157895,4.0978069,12.610268,1307.0865,15.725806,16,162547
17031260500,4,0,0,0,4,0,2,0,70.300003,14.333,6.993007,4.0851645,6.006,3076.9231,19.134396,0,168431
17031260600,1,1,0,1,5,0,2,0,71.5,11.430375,2.7164686,4.1329913,9.3096724,19008.129,20.610687,2476,169992
17031260700,15,2,0,0,9,0,2,0,63.700001,11.000712,7.0598007,4.1736522,9.8903093,779.52753,28.57143,0,430977
17031260800,23,5,0,2,0,0,5,2,71.5,12.490465,4.8997773,4.2748847,7.2996464,566.92914,17.155426,9,446025
17031260900,3,2,0,0,2,5,2,0,69.099998,13.784849,2.0639835,4.2304964,6.6721883,1431.8182,19.23077,100,441724
17031261000,0,0,0,0,4,0,1,0,63.400002,12.170557,2.5945145,4.1090231,5.4931803,694.30048,18.181818,6,167652
17031270500,0,1,0,0,3,0,0,0,48.200001,13.833,7.2289157,4.2748408,38.095963,96.7742,24.485598,209,484853
17031271200,0,3,0,1,5,5,3,0,62.200001,15.5,8.1967213,4.3220973,33.64991,1881.8896,9,148,566667
17031271300,1,0,0,1,4,0,0,0,70.400002,12.667,20.869565,4.3431888,34.075142,15.873015,9.9462366,0,557855
17031271400,0,2,0,0,3,1,0,0,60.599998,14.667,7.6982294,4.3319554,21.086473,3448.8188,28.607595,513,551595
17031271500,0,1,0,0,3,0,0,0,65.300003,13.167,2.8673835,4.2825713,68.074341,888.88885,16.851851,2,532507
17031271800,0,0,0,1,4,1,2,0,61,14.5,4.9164208,4.2904596,20.707129,1100,23.225807,76,559206
17031280100,39,42,10,6,2,20,11,0,88.900002,17.735441,4.3453618,4.124248,15.918886,84087.336,10.013881,16043,542326
17031280400,4,5,0,1,0,0,5,0,83.5,18,5.2631579,4.2231865,11.264392,11726.804,10.45082,694,555954
17031280800,7,1,0,0,2,1,1,0,63.700001,12.5,14.705882,4.2492785,13.110348,369.56522,13.105413,14,560334
17031280900,0,1,0,0,2,1,1,0,72.099998,15.333,5.7747834,4.2473621,13.793103,113.63637,30.927834,1,560576
17031281900,21,29,11,8,4,17,16,0,87.199997,16.3279,5.1864658,4.1097078,16.004591,156082.84,9.9511929,19311,538478
17031282700,1,4,0,2,0,0,0,0,77.599998,13.458354,5.5888224,4.2369761,20.755913,2782.353,10.222672,39,559519
17031282800,5,2,0,0,2,2,1,0,81.199997,16.333,3.4762457,4.2278619,20.899775,2063.4919,11.729141,118,555995
17031283100,5,20,1,0,0,2,1,0,73.599998,13.625446,2.3818976,4.182797,13.30549,4353.6582,13.748191,53,548750
17031283200,1,9,2,0,2,4,3,0,63.900002,16.333,6.374502,4.1740189,10.148176,967.03296,12.872468,29,547790
17031283800,0,2,1,0,0,1,2,0,72.5,11.324382,1.2515645,4.1341677,11.668081,1951.7242,13.892216,139,540851
17031290900,3,0,0,0,20,0,5,0,63.200001,11.68143,3.7147103,4.0655279,10.948623,774.026,23.393574,37,156776
17031291200,1,0,0,1,6,1,2,0,60.099998,13.167,4.9180328,4.198719,52.570118,716.5354,18.706047,0,518385
17031291600,0,0,0,0,0,0,1,0,79.300003,12.5,6.5217391,4.2406688,22.525391,1964.7058,18.144331,33,547595
17031292200,2,1,0,1,6,2,2,0,59.400002,10.757222,2.6289846,4.1739221,38.740097,45.454544,19.151848,4,441304
17031292400,0,3,0,1,4,3,1,0,68.199997,12.981308,4.4378698,4.090867,21.796164,5054.6875,24.466572,710,396150
17031292500,2,0,0,1,10,0,3,0,72.699997,11.259939,6.2862669,4.0496626,4.2748051,3406.3323,30.735292,23,144496
17031300500,4,5,2,0,2,5,2,0,73.400002,14.528476,2.7700831,4.0680389,10.193183,3019.0476,27.076126,228,154221
17031300600,2,2,0,0,7,1,7,0,66.400002,14.767426,2.891845,4.0973473,11.331557,1921.2598,17.834959,191,398177
17031300700,9,0,0,0,0,0,8,0,72.699997,12.018017,2.0220175,4.1224451,11.971416,771.6535,26.756758,50,421537
17031300800,5,5,0,0,4,2,5,0,74.699997,11.876254,2.2670025,4.1324358,11.808831,1134.9207,23.67647,18,461267
17031300900,8,9,2,1,2,2,4,0,81.699997,14.33286,1.8827327,4.1224051,11.673331,3968.2539,27.680931,86,511040
17031301100,1,0,0,0,3,3,2,0,72.400002,13.603379,2.3228804,4.1467438,10.709197,695.12195,18.429319,9,506146
17031301200,10,3,2,0,3,4,6,0,78.900002,14.670346,2.2647207,4.2052641,10.067525,1758.0645,18.818565,136,533880
17031301600,9,8,3,0,2,4,8,0,72.199997,11.436511,0.67294751,4.0696697,14.275397,1377.9528,23.107124,64,394311
17031301701,15,9,0,1,2,13,7,0,74.5,13.424543,3.0743432,4.0395365,14.369043,7515.6245,22.315113,85,154208
17031301702,2,2,0,1,0,1,2,0,67,11.157503,3.8382049,4.0207572,18.940241,765.62494,20.683857,50,136264
17031301801,3,2,0,0,1,0,3,0,75,12.487213,2.0857474,3.953917,9.1872787,559.70148,11.836999,26,98668
17031301802,13,8,1,0,2,14,6,0,70.5,13.814444,5.5799123,4.0247092,9.1365299,2939.8496,16.846474,131,141534
17031301803,1,0,0,0,2,0,5,3,67.599998,10.993509,3.2154341,3.9837332,13.338875,4477.9409,14.1663,11,117680
17031310200,2,6,0,1,1,2,4,0,81.800003,16.717243,2.8328612,4.0892086,9.9919262,2080.6453,6.8043747,69,533280
17031310300,2,2,0,0,0,2,1,0,82.5,16.667,7.1105365,4.0895405,8.3142462,2292.6829,14.425428,73,534641
17031310400,2,1,0,0,0,0,2,0,85,15.667,1.4673514,4.0924854,7.8431373,1375,8.7719297,13,537678
17031310500,1,7,0,0,0,3,3,0,85.800003,17.5,1.8083183,4.1100049,9.8922386,5746.0317,12.820514,124,537972
17031310600,16,17,1,1,2,10,12,1,89.199997,16.700619,3.1892275,4.1502891,13.296558,5095.2383,7.2141557,241,538834
17031310700,3,15,0,1,3,1,1,0,88.699997,13.167,3.9011704,4.1750207,12.154696,2693.5483,8.2887697,69,541866
17031310800,7,7,2,1,3,5,8,0,86.5,16.299339,2.4615385,4.1817765,10.796769,3124.9998,14.119228,202,542768
17031310900,5,5,0,0,0,9,9,0,77.800003,15.54983,4.5011253,4.2017927,9.7629261,6347.5933,15.616912,546,543406
17031320100,100,59,16,46,15,462,30,3,72.800003,17.733015,5.4149745,3.9264505,9.0186749,146504.27,13.768913,40488,524126
17031320400,115,51,13,29,9,78,17,6,69.400002,19.167,20.698577,3.9762566,12.108888,89620.578,7.9482446,22114,527439
17031320600,6,16,1,3,2,17,4,3,65.300003,17.658304,6.26703,4.0224748,9.1608105,18625.531,13.720317,2828,526116
17031330100,30,26,4,9,11,50,16,1,79.5,16.708904,2.4142313,4.0017323,13.479011,8807.2285,7.9954495,6968,528940
17031330200,5,4,3,1,5,7,1,0,63.5,15.606062,5.4235537,4.0240431,14.662122,862.29504,9.1295118,129,525336
17031340300,1,5,0,3,0,1,0,0,85.599998,13.333,0.5109862,4.0123482,10.929392,301.20483,9.954751,4,529479
17031340400,6,9,0,0,3,4,5,0,85.5,15.833,4.0941658,4.0011811,11.959746,2625,9.7678919,63,527772
17031340500,1,1,0,1,0,0,1,0,78.699997,15.333,7.5329567,4.0075946,13.368099,750,9.5826893,59,524421
17031340600,1,1,0,0,1,0,0,0,77.300003,16.833,7.5313808,3.9303219,15.223063,6741.7583,20.879122,373,508674
17031350100,2,0,0,0,0,3,0,0,68.800003,10.894273,2.020202,3.8749819,12.267426,228.3105,12.964563,53,517044
17031350400,1,1,0,1,0,0,0,0,57.400002,11.5,5.8343057,3.9752822,12.739443,320.51282,35.443039,0,525654
17031351000,8,0,0,3,7,1,2,1,52.400002,13.558038,4.0420372,3.8005943,11.176471,1189.2744,9.5959597,35,502602
17031351100,1,0,1,2,0,0,0,0,63,10.19241,3.1266285,3.7929227,11.399658,1597.0149,27.980536,40,498511
17031351400,4,1,2,1,3,2,1,1,68.599998,12,6.5885798,3.8744819,10.192589,3696,20.084566,617,504319
17031351500,0,0,0,0,0,2,0,0,58.299999,16.833,28.409091,3.9289753,14.38705,815.38464,16.577539,14,507799
17031360200,1,0,0,0,1,0,0,0,60.299999,15.5,5.2631579,3.7540224,16.62043,494.38202,18.202248,56,491682
17031380100,1,1,0,0,12,3,1,0,56.799999,15.833,4.2836744,3.746012,15.596136,508.87573,20.769232,56,410648
17031380200,4,3,0,0,4,4,2,0,62.599998,12.484568,3.2216495,3.8362505,15.324289,1132.5302,13.953489,8,428952
17031380500,0,0,0,0,0,0,0,0,59.099998,13.667,10.043042,3.9166331,12.587413,824.32434,17.370892,56,445507
17031380700,3,0,0,2,11,2,0,0,67.599998,13.833,2.5157233,3.9394724,6.7445369,2808.5107,22.245764,298,394308
17031381200,8,1,2,0,4,0,1,0,66.900002,13.106857,3.5118525,3.8538461,8.1740217,770,16.251354,48,80309
17031381400,12,1,1,1,7,0,3,1,65.400002,13.667,5.9717698,3.9006629,4.1118755,647.54095,11.38088,20,80916
17031381500,5,1,0,0,2,0,0,0,73.400002,16.167,14.218009,3.9110548,6.2524104,1690.4762,47.019867,0,351076
17031381800,1,1,0,3,5,0,0,0,66.800003,14.477106,10.016694,3.870682,5.4263568,918.69916,19.433962,94,63865
17031381900,0,0,0,0,3,1,0,0,67.699997,14.263022,2.8288543,3.8261626,9.4013472,13985.074,10.940499,965,61206
17031390100,5,4,1,0,3,4,2,0,54.700001,12.333,2.265861,3.5473189,19.926531,951.61285,24.921135,18,70927
17031390200,1,1,0,0,2,1,0,0,64.599998,13.017651,2.1231423,3.6117964,20.347837,905.98291,13.380281,98,311951
17031390300,2,6,1,0,4,1,0,0,68.199997,10.938245,3.3852404,3.6532824,19.488228,1730.1587,15.183867,53,336654
17031390400,2,1,1,2,4,1,3,0,64.400002,11.815866,3.0549898,3.6439862,19.266466,992.06348,26.31579,69,58302
17031390500,1,1,0,1,3,5,0,0,47.700001,14.833,2.65428,3.5720446,17.54587,111.11111,8.3700438,49,56728
17031390600,2,0,0,0,1,8,0,0,52.599998,13.850133,2.5176234,3.4483416,15.272288,696,5.4644809,82,55551
17031390700,2,4,0,1,3,6,1,3,58.5,12.538909,2.8678975,3.3935754,11.71114,1360.1694,4.0516472,251,43585
17031400300,1,1,0,2,6,1,0,0,33.599998,17,19.150209,3.7865396,10.23622,330.72409,18.329468,81,47136
17031400400,2,1,1,1,4,0,3,0,61.400002,12.205311,4.7945205,3.7296014,15.430176,174.60316,16.69449,6,48571
17031400500,0,0,1,3,10,2,1,0,67.5,13.435033,2.7945971,3.7411931,16.672087,301.58731,29.233513,9,50727
17031400800,0,1,0,0,7,0,0,0,65.300003,10.825532,6.12323,3.6799715,29.78648,268.42105,18.704157,20,43951
17031410100,3,2,0,0,5,13,1,0,61.799999,13.68045,4.9723757,3.4339871,9.6551723,1505.8823,13.900415,51,38773
17031410200,1,0,0,0,0,2,0,0,69.599998,9.3330002,3.9840637,3.4339871,11.851851,200,4.0852575,6,44822
17031410500,2,0,0,0,1,5,1,0,69.199997,12.421364,2.6187804,3.5672472,15.428164,1742.5742,8.4843493,182,46073
17031410600,1,0,0,2,7,3,0,2,60.599998,14.510854,1.2048193,3.5072844,12.619509,7959.1841,8.7883959,845,44959
17031410700,5,11,1,1,1,1,2,0,61.700001,17.5,2.0030045,3.488394,10.96091,3020,8.1452408,127,43737
17031410800,19,9,6,6,4,38,3,0,73.800003,17.114826,1.9518543,3.4558249,9.8728199,12395.833,10.007582,510,40258
17031410900,6,4,1,1,7,3,2,0,60.799999,14.996457,3.264095,3.4173977,9.8853865,2342.2817,8.4756489,276,38726
17031411000,0,4,0,2,4,11,3,0,50.200001,16.785017,3.6465638,3.4065778,11.954926,2442.9065,0.38759691,502,34127
17031411100,5,3,0,4,0,8,1,0,54,14.86684,2.2381379,3.4916472,14.541328,2669.7249,2.2660098,95,39859
17031411200,5,4,1,1,6,7,2,0,49.5,11.530001,5.9630292,3.5087554,14.267603,1477.4193,3.2051284,33,40802
17031420100,1,0,0,0,1,3,0,0,37.599998,15.667,6.2305296,3.5263605,20.176128,797.94519,14.799154,213,33551
17031420200,1,0,0,0,2,0,1,2,64.400002,14.833,6.940428,3.5212288,19.695387,2943.9253,7.5614371,383,35868
17031420300,0,0,0,2,1,0,0,1,60.400002,15.333,5.2603893,3.5589306,19.963284,1894.7368,9.9337749,14,37322
17031420400,0,0,0,3,5,3,0,1,65.800003,16.5,9.148487,3.6200333,15.555614,536.8421,6.8965516,43,39179
17031420500,3,0,0,2,2,0,0,0,69,11.029338,4.3103448,3.6555266,20.408163,789.47369,29.072166,45,40214
17031420600,1,1,0,0,2,0,3,0,65.300003,9.9121685,6.6425121,3.6607497,21.656385,202.12767,25.933203,0,40951
17031420700,4,4,0,1,6,0,4,1,58.299999,11.992015,5.9048281,3.7096772,21.541761,442.23111,22.056385,36,38652
17031420800,4,3,1,3,3,0,4,0,65.599998,11.328092,5.1958433,3.621063,10.524604,1044.7761,27.002966,25,35423
17031421200,1,0,0,0,3,0,0,0,62.400002,12.154985,10.781671,3.7112992,9.1803703,984.25195,19.646799,92,36979
17031430101,2,0,2,1,0,0,1,0,74,11.141456,2.2516888,3.3942931,30.729166,1102.3622,25.578135,4,25923
17031430102,2,4,0,0,3,0,2,0,45.200001,10.354403,3.2164683,3.316479,28.263741,153.40909,26.011103,10,24109
17031430200,4,3,0,3,2,3,2,0,56.599998,10.046021,4.5024764,3.450834,28.383877,400.7782,15.802028,124,29582
17031430300,2,2,0,2,2,1,1,0,60.400002,11.436286,5.4972514,3.5016451,16.528172,784.81012,19.886364,42,32514
17031430400,3,1,1,1,6,1,2,0,61.900002,12.898534,3.5043007,3.5395217,12.636591,1823.8096,20.941177,78,30529
17031430500,11,1,0,3,1,0,1,0,71.699997,12.823173,2.2922636,3.491715,20.96376,1330.7693,33.019672,30,26505
17031430600,12,1,1,1,3,7,0,1,64.199997,13.014026,4.1346722,3.3820348,28.480221,1322.8346,24.413147,53,25205
17031430700,2,5,0,0,1,2,2,0,75,14.073488,4.5852439,3.2240012,28.252935,6383.5615,34.578316,492,23891
17031430800,1,1,0,2,4,1,2,1,60.099998,11.740023,3.2715376,3.384347,26.364902,267.71652,25.041187,35,24981
17031430900,1,3,0,0,3,3,1,0,62.799999,11.683447,4.3033889,3.5109456,16.570377,730.76929,14.052953,31,25959
17031431200,5,1,0,0,4,2,2,0,53.700001,12.673513,3.502627,3.4309671,20.555124,569.16998,35.280373,103,29499
17031431301,3,1,0,0,5,1,2,0,61,11.806167,1.7253278,3.2612057,24.126514,576.92303,44.028339,41,27811
17031431302,2,1,0,1,7,0,3,1,69.099998,13.545712,2.6836632,3.2233741,18.35585,1124.2604,44.57275,9,24382
17031431400,6,2,0,1,6,3,2,0,48.200001,13.666237,3.0197076,3.1871376,24.509911,1341.3461,27.166822,542,22451
17031440101,3,1,1,0,3,2,8,0,70.300003,11.409609,1.3366006,3.609206,3.3017683,324.32431,33.255272,21,32913
17031440102,12,5,1,1,3,7,2,0,64.199997,13.109163,2.4600246,3.6109178,4.651475,1702.4794,34.469978,158,31387
17031440201,13,7,2,2,7,4,6,1,69.900002,11.08354,2.2543678,3.6237991,4.9723969,2034.1464,37.210583,307,33576
17031440202,10,2,0,3,7,6,3,0,54.099998,12.761991,4.4629575,3.6167595,5.8659849,1897.3511,22.491583,95,34735
17031440300,7,4,1,4,13,7,1,0,52.200001,12.313896,5.6818182,3.6838386,6.0997701,847.69537,13.643746,124,35787
17031440600,1,0,0,0,4,0,0,0,54.799999,12.313963,7.9129575,3.6265752,6.842217,65.637062,2.4869111,14,35139
17031440700,4,3,4,1,5,4,2,0,58.700001,11.691158,4.621606,3.6109178,7.1779823,2230.1587,33.407574,231,34496
17031440800,3,1,0,0,4,0,0,0,64.599998,9.6292028,4.6750818,3.5561168,5.5636292,194.44444,22.567287,14,31323
17031440900,5,1,0,2,6,0,1,1,50.099998,12.016199,3.1490553,3.543829,6.3234701,170.7317,36.658936,11,33586
17031450300,1,4,0,0,11,8,6,0,63.200001,13.26848,9.5186293,3.5166588,13.774085,3784.0908,24.388378,2262,29174
17031460100,2,1,0,1,9,1,3,0,66.5,11.656366,5.9311981,2.9830866,20.678406,121.18571,32.245682,109,26714
17031460200,1,2,0,0,4,2,1,0,61.099998,12.521181,2.6408451,2.9856422,8.4363213,465.51724,31.428572,11,26853
17031460301,2,0,0,0,4,0,1,0,57.900002,10.942629,2.4960998,3.1382656,12.924564,617.0213,18.953068,19,28093
17031460302,2,1,2,0,4,0,5,0,52.900002,9.7094002,1.3065064,3.2056742,23.835869,224,38.865097,11,27401
17031460400,4,1,0,2,4,0,2,0,53.400002,9.7379761,0.94161959,3.2834425,17.295584,166.66666,30.000002,8,27941
17031460500,10,5,0,3,18,17,4,1,56.099998,11.835486,5.3424919,3.4535172,13.434301,1283.9757,32.030075,592,28831
17031460600,0,0,0,1,6,0,1,0,59.5,12.333,4.9019608,3.1751802,10.94803,188.1188,29.691877,5,28579
17031460700,3,3,0,1,2,0,2,0,62.599998,11.242113,4.0147206,3.0385432,6.4329257,276.07361,45.049507,11,28195
17031461000,11,4,7,2,3,7,3,0,74.199997,17.667,11.794872,2.9540272,8.1991177,4855.814,17.166212,750,16896
17031470100,2,0,0,1,9,14,2,0,59,13.615035,5.4161916,3.4860988,7.9279051,2135.179,39.778324,153,30078
17031480100,16,4,0,0,2,4,0,1,56.900002,14.4058,8.1507896,3.3868086,8.4476967,879.84503,36.036034,123,28796
17031480200,3,6,0,0,2,6,5,0,58.299999,14.023376,4.4345898,3.5459797,10.068669,3981.8181,21.770334,42,30074
17031480300,1,1,0,0,6,1,0,0,50.299999,13.835552,3.5587189,3.4397509,6.4648695,714.28571,19.241983,41,29386
17031480400,10,3,0,4,12,37,4,0,56.900002,12.930585,4.7169811,3.3466663,7.0453348,1680.9728,22.718447,1199,30889
17031480500,10,1,2,1,6,3,1,0,60.799999,14.12173,6.7983166,3.1148646,8.6667423,552.58124,39.095745,190,29455
17031490300,2,0,0,1,1,1,0,0,50.200001,12.676104,5.8365759,3.5156927,6.013473,659.83606,24.597702,20,34310
17031490400,1,0,0,2,1,1,0,0,52.700001,11.167,7.1877808,3.4739385,7.2933049,76.08696,22.985073,0,33836
17031490500,5,0,0,0,5,0,3,0,48.900002,11.876126,12.809917,3.4635434,7.8059893,128.85663,30.84239,2,23257
17031490600,2,3,0,0,4,0,1,0,55.599998,12.333,10.347376,3.535058,6.5504174,396.94656,25.99119,72,25038
17031490700,3,1,0,1,0,2,1,0,52.200001,11.624106,1.2266176,3.5161273,6.7810283,56.680164,22.461172,0,24094
17031490800,7,2,0,2,7,0,6,0,57.200001,12.922464,6.5496463,3.4749951,7.0147891,436.45084,21.946024,127,22956
17031490901,5,1,1,3,7,0,2,1,54.200001,13.494207,3.9119804,3.3945849,9.4538403,226.99387,30.620155,37,24223
17031490902,5,3,1,2,18,3,5,1,57.299999,12.654757,6.0885996,3.433048,8.3389254,519.48053,26.978191,81,23765
17031491000,2,0,0,1,13,0,5,0,50,10.731158,1.6158352,3.4267561,3.4022079,208.92494,19.184027,21,23895
17031491100,5,1,1,3,12,4,2,0,54,12.184556,3.1269543,3.3850453,4.5930128,1980.4307,19.668737,341,24604
17031491200,1,1,0,1,6,4,0,0,55.299999,11.965236,5.0386295,3.1799915,2.7216942,856.57373,22.93578,53,26571
17031491300,2,2,0,1,5,4,1,0,51.5,12.341759,2.9368576,3.2849932,10.399343,136.54619,39.178513,658,23877
17031491400,23,5,1,1,15,9,7,0,60.200001,15.788034,8.7363495,3.3261006,18.107801,1009.375,31.318682,73,23450
17031500100,3,1,0,1,6,2,2,0,57.400002,11.178067,6.1366806,3.4284286,10.688165,778.32025,27.178728,471,21183
17031500200,3,0,1,1,4,0,0,0,55,11.78543,10.484274,3.3244452,10.638298,1576.6794,33.193279,26,22567
17031500300,1,0,0,2,1,0,1,0,66.099998,12.80005,1.1947431,3.2871573,19.312862,788.32123,22.900763,81,23493
17031510100,1,3,0,1,5,0,6,0,50.200001,13.111547,5.4488843,2.9509785,13.696745,444.98184,24.794146,180,17718
17031510200,1,3,1,1,5,0,0,0,55.299999,12.007416,9.8199673,3.0281379,16.889669,404.85831,24.621212,0,19084
17031510300,15,4,5,0,8,3,4,1,46.5,13.040873,8.0827675,3.1822057,15.36747,515.76184,28.070175,74,19302
17031520100,1,1,0,1,2,0,3,0,51.599998,16,6.3593005,2.7735593,7.2519631,244.713,22.568092,83,15641
17031520200,1,2,1,0,4,2,1,0,72.800003,10.993147,1.9641542,2.8060904,7.3947415,348.13083,18.795769,24,17329
17031520300,6,7,1,2,3,11,5,0,61.700001,12.829838,2.1953897,2.7326109,6.2302971,831.97833,14.278507,84,19874
17031520400,6,4,2,1,3,8,4,1,65.900002,13.601089,3.7631711,2.5597866,5.7876058,1312.9497,24.677511,85,19049
17031520500,1,0,1,0,5,1,1,0,55.799999,11.253858,2.9451744,2.6320481,7.0413284,337.43845,15.058274,47,21299
17031520600,0,0,1,3,1,0,0,0,53.799999,13.667,4.3165468,2.7865186,7.2034993,655.58197,21.338913,13,22103
17031530100,1,0,0,1,15,1,5,0,58.299999,13.171115,6.2362436,3.1287599,13.625198,613.54584,16.979052,33,25072
17031530200,3,3,0,0,9,0,3,0,45.799999,11.735287,3.7495313,3.0488961,9.5035572,209.58084,34.70116,41,27269
17031530300,4,1,1,1,14,0,1,1,55.299999,11.758313,5.2095667,3.0103338,5.9828873,560.39606,27.876106,50,32460
17031530400,4,1,0,2,6,0,1,0,57.900002,12.610361,6.9156293,2.6276844,9.8508387,562.13013,35.857143,10,29992
17031530501,2,0,0,2,20,1,3,0,48.700001,12.111444,2.2264086,2.9077158,9.0675068,131.73653,27.013889,40,26194
17031530502,2,0,0,0,2,0,0,0,40.599998,11,0,2.8962295,7.0409489,161.17216,30.175438,4,26130
17031530503,6,1,0,0,8,1,1,0,46.299999,11.630393,4.2613636,2.8112519,9.0184793,72.013092,21.27907,0,30390
17031530600,0,0,0,0,5,0,0,0,47.099998,12.249137,5.0400237,2.9684446,14.565828,72.386063,31.540085,2,23284
17031540101,0,1,0,0,8,0,1,0,25.700001,11.529873,6.2695925,2.92699,18.421053,169.75308,24.561403,39,29433
17031540102,4,1,0,0,1,3,1,0,53.5,11.475708,4.5303534,2.9216444,18.421053,508.06845,38.451443,150,24078
17031550100,8,5,5,3,7,6,6,2,29.299999,13.102118,5.8690143,2.8046112,8.1042738,732.29773,14.373584,230,33275
17031550200,3,2,0,0,1,1,0,0,38.700001,9.891551,7.8622239,2.9235687,8.1350498,191.29555,14.551908,8,27569
17031560100,0,0,0,0,0,0,0,0,71.300003,13.667,6.3520871,3.4822235,7.5946522,3875.9397,11.961722,345,81521
17031560200,5,0,0,0,2,1,0,0,51.700001,10.756126,3.0045068,3.4163404,5.1765575,23.255816,17.229731,4,74897
17031560300,0,3,0,1,1,1,1,0,57.799999,14.712619,2.8427037,3.3840609,4.9549551,811.02362,19.96843,31,70858
17031560400,2,4,0,0,2,2,0,0,70.400002,14,7.0323488,3.4620202,7.5999999,1643.4109,13.372093,118,74592
17031560700,4,8,2,1,2,4,3,0,70,15.76888,3.7014189,3.2544022,6.2411146,2384.3137,21.070013,103,75399
17031560800,12,4,5,1,3,21,3,2,66,14.391256,4.1071429,3.0658059,9.6962042,1794.1177,20.007593,403,73267
17031560900,10,4,3,2,3,9,4,0,59.299999,13.673203,2.1210953,2.9986691,14.998543,1155.2063,10.374532,202,74937
17031561000,9,6,1,1,0,35,5,0,63.900002,12.518872,4.3165468,2.9585257,13.88422,1116.959,15.798672,231,75021
17031561100,1,0,1,1,2,2,3,0,61.400002,12.230535,3.3129904,3.0375237,8.1431932,370.58826,19.771564,28,71459
17031570100,3,3,2,0,0,1,7,0,90.099998,14,11.09215,3.7450483,15.021128,6227.8911,14.953271,231,97950
17031570200,4,3,1,1,0,4,1,0,82.900002,13.167,8.045977,3.7408886,8.8589735,4321.5859,16.055046,107,87179
17031570300,6,13,2,0,4,4,6,1,70.199997,13.650259,2.0563113,3.5529754,7.2569275,2857.1428,15.994962,163,73569
17031570400,1,4,2,2,2,4,1,0,73.300003,15.333556,8.9659295,3.7045484,12.631812,3949.7205,12.089356,240,75795
17031570500,3,4,0,0,2,4,3,0,75.400002,13.52532,4.7487139,3.525044,6.6451015,1524.3903,19.23077,145,72100
17031580100,5,3,0,0,1,0,5,0,81.400002,15.480374,5.322688,4.0137043,13.010489,1315.2543,16.887417,48,408057
17031580200,3,5,0,0,2,0,1,0,80.199997,12.802196,6.6168009,4.0059481,9.2844439,1851.0638,13.676471,3,153652
17031580300,0,2,0,0,0,0,1,0,77.300003,14.333,4.2036432,3.9900362,13.610916,3807.6924,22.884283,15,110017
17031580400,3,8,2,2,1,4,4,0,85.599998,15.874291,5.855736,3.9289994,20.357477,897.63776,21.274408,178,110369
17031580501,1,5,1,0,2,5,7,0,74.900002,12.888218,2.2446689,4.0008492,13.424692,747.36841,21.219887,115,99156
17031580502,18,8,2,0,1,9,4,1,73.300003,13.548675,1.9833399,4.0005527,19.658051,5335.0786,14.932318,174,96872
17031580600,2,5,2,0,4,0,3,1,70.5,12.824032,1.8163804,4.0287542,12.754919,1200,14.835421,15,125061
17031580700,0,4,0,1,1,0,4,0,68.699997,11.237449,1.2062726,4.0294795,13.116667,202.83018,9.7931614,4,142587
17031580800,0,0,0,0,0,0,2,0,68.599998,14.5,2.7277687,4.027657,9.6536989,1070.4225,14.547414,22,105346
17031590500,4,4,1,1,3,1,4,0,52.5,16.667,11.72871,4.0387216,17.454321,1737.5565,15.549937,69,413407
17031590600,0,2,1,1,2,2,1,1,68.300003,11.836629,0.72604066,4.0044231,9.2133007,1514.9253,9.0663061,20,479187
17031590700,0,3,1,1,3,0,7,0,84.099998,14.158463,4.1388093,3.9882028,8.9827957,1928.5714,15.756739,117,495924
17031600400,1,9,1,0,2,2,4,0,82.199997,14.973406,2.9919448,4.0486283,11.322883,3436.5078,14.253394,117,531623
17031600600,1,2,1,0,0,2,0,0,78.699997,13.88479,2.9876227,4.1060095,14.313383,1921.0527,18.422993,99,540377
17031600700,4,3,0,0,0,2,3,0,79.5,14.372028,3.9805396,4.1206136,14.127731,561.11108,10.750854,2,538960
17031600900,4,3,1,1,6,2,2,0,80.199997,13.562349,2.323555,4.0378194,14.412802,2047.2972,8.9695673,173,535533
17031610300,11,7,4,2,2,6,8,0,84.599998,13.835308,2.6320737,3.9981239,14.495133,1975,15.930451,202,374263
17031610400,5,4,1,0,2,2,4,0,80.199997,15.167,2.7378508,3.9764605,14.372591,1888.8889,16.62269,20,124262
17031610800,0,2,0,2,1,0,0,0,69.300003,11.5,1.4134276,3.9874134,16.693415,273.4375,14.929578,1,368149
17031611000,0,1,0,0,1,0,2,0,65.699997,14.833,9.6153846,3.9535306,29.54878,1538.4615,16.086956,1,82129
17031611100,0,1,0,0,1,0,4,0,56.5,10.350069,3.5019455,3.9643865,22.704193,87.301582,12.875,10,89220
17031611200,14,2,1,0,1,3,2,0,65.300003,13.858715,3.4144259,3.9695299,18.171337,865.07935,19.096773,160,90705
17031611300,12,6,2,0,5,2,5,0,71,13.806512,2.6050147,3.9486706,15.241361,2611.1111,13.08017,125,88740
17031611400,4,2,2,0,2,3,4,0,68.300003,12.467504,1.0438413,3.921761,15.305193,722.22223,18.958818,39,88826
17031611500,1,0,0,0,0,0,1,1,71.300003,13.80734,5.1069263,3.9192693,14.279326,1867.0214,12.900188,180,91522
17031611600,1,1,0,0,0,0,4,0,56.900002,12.001512,4.7930283,3.8566906,14.209424,114.7541,3.5714288,6,74192
17031611700,0,1,0,0,7,2,1,0,52.299999,13.358209,6.993007,3.8880641,12.161465,2755.9055,14.979757,272,65120
17031611800,1,0,0,0,4,0,1,0,57.5,10.74428,1.9561815,3.8923399,10.2311,157.48032,23.378212,4,65290
17031611900,2,0,0,3,8,0,2,1,44.700001,11.329119,6.2526053,3.9011874,15.223742,65.84362,15.456239,6,78338
17031612000,1,0,0,0,3,0,0,0,45.099998,10.881136,6.3251107,3.9226444,25.832047,190.47618,12.183908,0,73026
17031612100,1,0,0,0,1,0,2,0,44.700001,11.667,6.741573,3.9258971,33.858269,79.365082,21.031746,9,70887
17031620100,4,5,2,1,0,1,2,0,65.400002,12.075704,1.2763242,3.702234,5.6090035,1950.4644,10.699589,73,71998
17031620200,23,5,6,0,1,2,4,0,74.400002,13.249491,5.7072972,3.5379877,6.4030395,3080.7175,12.57485,102,70136
17031620300,5,2,0,0,4,2,2,0,63,12.649168,2.4521073,3.529108,4.9278641,1438.6423,22.237106,173,70092
17031620400,0,2,1,0,2,8,3,0,66.800003,12.177857,2.2637238,3.6224277,6.0016823,438.7352,21.6971,42,75032
17031630100,1,0,0,0,1,0,1,0,68.599998,13.167,8.3472454,3.8677142,12.016041,367.34695,19.30295,1,85032
17031630200,5,3,0,0,1,3,2,0,82.900002,12.333,4.6928328,3.8863654,8,5265.3062,7.2611465,12,92686
17031630300,2,5,0,1,3,7,3,0,72.800003,11.464124,2.3931624,3.769731,8.3596935,4640.4199,15.011236,85,74533
17031630400,8,6,2,0,2,1,4,0,67.5,12.518951,2.443582,3.7415001,12.076501,724.40942,18.011049,52,73787
17031630500,5,2,1,1,6,2,4,0,64.699997,11.497005,2.5150905,3.7739017,16.57346,696.85034,12.57464,136,78156
17031630800,3,5,1,1,2,2,2,1,69.199997,12.521974,2.1773842,3.6772408,14.446047,675.88934,15.627165,53,70759
17031630900,2,3,0,0,1,2,2,0,64.300003,14.021633,2.247191,3.654978,6.8621287,894.11768,10.99904,52,72710
17031640100,3,1,0,0,0,0,0,0,77.300003,14.5,8.7719298,3.3327358,5.466238,373.01587,14.303798,1,67859
17031640300,5,1,3,3,4,3,2,0,63.5,12.892184,3.5495321,3.017961,7.8707633,1479.4521,22.823011,548,76283
17031640400,1,3,0,0,0,3,3,0,75.400002,12.015587,6.331022,2.9572716,7.7991343,2726.2136,20.781427,74,74031
17031640500,2,2,2,0,1,4,1,1,74.699997,11.63253,5.7177249,2.872766,7.4027662,402.34372,20.021357,49,76914
17031640600,2,2,1,0,3,3,2,0,75,13.987118,5.6804149,3.019172,7.2734404,1133.3334,15.844299,68,77095
17031640700,3,2,1,1,1,1,0,0,67,12.609393,7.5638197,3.1658714,5.7852573,1145.6693,9.4505501,77,68233
17031640800,0,4,0,0,0,2,3,0,72.099998,12.333,8.5889571,3.2918081,5.4930625,3714.2856,18.514008,434,66597
17031650100,6,4,2,0,2,3,0,0,68.800003,12.414568,2.2035256,3.5014989,5.547627,650,17.034521,100,69058
17031650200,6,3,0,2,3,11,4,0,65.5,12.543412,2.1261517,3.471585,4.9535327,671.01831,11.163575,156,72835
17031650301,9,10,1,4,5,14,4,1,64.699997,12.494299,1.6204537,3.3557091,5.8265762,947.50653,18.063396,268,68416
17031650302,6,3,1,2,3,18,1,0,66.300003,13.65568,1.9545566,3.408102,4.548584,1058.5938,18.211739,155,67094
17031650400,2,4,0,0,2,7,4,0,64.5,12.767596,2.0423049,3.294291,12.5982,599.05664,17.501842,76,63210
17031650500,64,6,1,1,1,0,5,0,79.900002,13.013288,9.0888434,3.3005741,6.5906129,3838.6582,24.494259,1213,67583
17031660301,2,0,0,1,1,2,0,0,75.300003,15.833,3.4582133,3.5642176,19.659939,1587.3015,29.433271,10,70591
17031660302,1,5,0,2,1,0,4,1,72,11.926867,1.9527783,3.6256571,16.444469,826.3158,21.840242,39,71752
17031660400,2,2,1,1,8,2,2,0,65.599998,12.032334,2.4007387,3.5586658,8.9621143,526.10443,21.318596,73,66696
17031660500,4,5,1,0,3,3,7,0,62.900002,12.788443,2.0754717,3.4905314,18.104881,756.86273,24.193548,82,66611
17031660600,16,8,3,0,7,2,11,0,71.900002,11.822015,2.022402,3.5771351,18.974226,1421.2598,35.917564,195,77073
17031660700,0,1,0,1,2,1,2,0,69,14.004841,3.7664783,3.6980045,12.642776,1881.7203,23.224852,61,74998
17031660800,3,3,0,0,6,1,4,0,66.900002,11.107372,1.3205678,3.5380187,20.402199,288.53757,21.841331,37,75622
17031660900,5,4,1,0,6,13,4,0,37.299999,13.609193,5.5307381,3.6306486,16.556955,1605.1503,26.24729,83,64515
17031661000,5,4,0,3,8,2,0,0,66.099998,12.546868,2.1126761,3.6297927,9.780715,1395.8333,16.302311,68,69357
17031661100,3,3,0,0,3,0,2,0,65.699997,11.694694,1.8631436,3.4155769,16.222437,147.41037,11.815454,17,61081
17031670100,0,0,0,0,1,1,1,0,47.799999,11.39681,6.3380282,3.827323,10.870173,198.41269,13.647643,38,61158
17031670200,0,0,0,0,2,0,2,0,51.799999,13.333,5.2724077,3.8131328,10.908408,238.09523,27.89855,0,61364
17031670300,1,2,0,0,4,0,1,0,48,14.105283,4.9226442,3.8106267,10.822091,2365.0793,15.508021,309,61597
17031670400,0,0,0,1,5,0,1,0,53.599998,11,3.315964,3.7905438,12.432586,47.619045,12.578617,0,69201
17031670500,0,1,0,0,3,2,2,0,64.099998,13.333,11.829653,3.7893822,14.615644,112.5,10.204082,0,69812
17031670600,2,0,0,2,8,0,4,0,47.799999,12.406152,3.990878,3.7101789,10.545957,7.9365077,7.2538862,2,67960
17031670700,1,2,0,0,5,1,1,0,46.700001,11.560272,4.5283019,3.705359,8.6912518,1460.3174,19.327732,164,68017
17031670800,0,2,0,0,5,0,1,0,59.299999,10.945807,2.2805017,3.7124674,8.2987823,857.14282,21.122112,44,61531
17031670900,0,0,0,1,7,0,2,0,53.400002,11.102798,6.6666667,3.7177079,7.1745152,150.79366,37.857143,0,62618
17031671100,0,0,0,0,5,0,2,0,57.900002,12.333,5.5658627,3.705637,12.773951,821.05261,20.704845,86,68544
17031671200,1,0,0,0,7,1,2,0,55.400002,13.465652,5.0462574,3.7162783,12.987873,1842.1053,20.952381,82,67971
17031671300,0,2,0,0,7,0,1,0,54,9.5286617,3.4453058,3.7115123,17.015596,117.64706,25.30541,0,69926
17031671400,2,1,0,0,3,0,0,1,60.299999,11.318331,5.9066745,3.7147171,15.477355,73.298431,23.283581,41,69616
17031671500,4,2,3,1,6,2,5,0,58.799999,13.656332,4.2028579,3.6926377,15.039268,1136.3635,23.863636,36,64516
17031671600,2,2,0,0,14,0,3,0,57,10.723374,3.4390524,3.7250874,12.605476,222.92993,21.052631,0,65408
17031671800,0,1,0,0,8,1,1,0,58,11.333,2.4671053,3.7365918,16.365778,72,42.138367,2,50052
17031671900,0,0,0,0,8,0,0,0,67.699997,12.5,6.1396777,3.7274942,14.027574,564.51611,14.775726,21,62406
17031672000,4,1,1,0,5,0,3,0,58.799999,12.250792,5.4392168,3.6897082,10.039658,195.3125,36.32653,25,62615
17031680500,1,0,0,0,2,0,1,0,44.200001,11.219265,4.996877,3.8279955,13.713566,15.873015,25.842697,0,56851
17031680600,0,2,0,0,6,0,2,0,48.599998,10.525006,5.8737151,3.7302728,6.6021051,103.1746,25.075527,0,56810
17031680900,1,0,0,3,4,15,4,0,59.5,13.752344,4.3312102,3.757426,17.461906,2395.99,15.362731,948,43566
17031681000,5,3,1,0,3,2,5,0,54.299999,11.843013,4.0788579,3.7425671,9.7736807,305.55554,22.278057,153,52723
17031681100,1,2,1,0,14,1,0,0,58.400002,11.773077,4.7900817,3.749548,12.790195,230.15872,19.271624,29,48123
17031681200,1,2,0,3,19,3,3,0,51.5,11.28083,5.9295431,3.7577844,21.584314,192.1824,33.731346,50,44479
17031681300,3,2,0,1,4,0,3,0,49.900002,11.959545,6.1998541,3.7143786,20.242523,86.0215,36.415092,5,41491
17031681400,3,0,0,1,7,0,2,0,55.5,11.705188,4.6846847,3.720506,17.940481,350.80646,24.877251,42,42455
17031690300,1,0,0,1,5,2,2,0,66.199997,13.824545,11.711712,3.7464819,26.701569,4934.3433,25.757576,1006,39366
17031690400,3,0,0,1,12,1,1,1,58.799999,12.007629,6.7988669,3.7330499,22.27965,1047.619,21.974249,49,37966
17031690500,0,0,0,0,1,0,1,0,75.300003,14.333,9.3167702,3.6716812,8.1348658,354.83871,57.284767,17,36810
17031690900,1,3,1,1,9,1,4,0,62.700001,10.596853,2.4943311,3.6631753,7.0896678,743.08301,26.587006,156,33353
17031691000,4,5,0,1,10,0,6,1,55.400002,10.539907,6.8859985,3.713572,23.395653,428,29.411766,31,35322
17031691100,1,2,0,3,1,1,3,0,59.599998,12.572391,6.9642292,3.719954,27.829613,340.99615,35.833332,70,39282
17031691200,2,0,2,2,6,3,2,0,69.400002,12.318031,9.073724,3.7583122,15.844,811.36951,43.367348,223,37335
17031691300,4,4,1,1,6,7,2,0,55.099998,13.17863,6.615215,3.7478151,19.621758,688,31.591738,64,34493
17031691400,7,6,0,3,9,1,1,0,61.599998,12.562901,4.95338,3.6286595,4.436368,1086.6141,16.896235,80,32186
17031691500,7,3,1,2,11,5,2,0,55.799999,14.843817,4.9480455,3.5876222,1.8346676,2312.7412,30.000002,162,31636
17031700100,2,2,0,0,7,3,3,0,77.400002,13.910455,8.7336245,3.3905511,10.873818,1297.8723,28.451612,175,56181
17031700200,3,3,3,0,5,0,2,0,67.300003,13.820654,5.2956752,3.2693076,8.338728,1829.3462,17.183208,73,58289
17031700301,8,1,1,0,1,6,1,1,62.599998,13.243841,3.365115,3.2280607,6.1249127,1989.858,16.134947,477,68011
17031700302,5,1,0,1,5,6,3,0,63.799999,14.421253,3.1616143,3.1527481,6.1525202,374.5098,18.837019,68,59428
17031700401,6,4,0,1,8,2,0,0,61.299999,16.083286,3.0370844,3.2967775,8.5838432,5048.9507,17.133621,130,55208
17031700402,8,6,1,0,2,4,9,1,56.900002,14.230818,3.4835114,3.2022047,8.1820068,860.36035,22.684086,119,54183
17031700501,13,5,0,1,12,13,6,0,61.299999,13.256324,2.1497671,3.5153847,7.9713511,995.34888,23.88196,552,49898
17031700502,4,1,0,2,4,3,1,0,39,12.312063,4.803074,3.4655933,7.9763446,300.75186,25.920361,208,49087
17031710100,2,1,0,1,2,2,2,0,59.599998,9.8330002,3.591954,3.7418785,17.456684,554.21692,24.731182,28,40632
17031710200,4,2,0,0,7,0,2,1,60.200001,10.671625,2.1937226,3.7577734,17.571482,335.66431,20.643595,91,46710
17031710300,3,0,0,0,9,0,1,0,70.800003,12.667,2.5608195,3.7640519,7.1973548,1587.3015,29.916897,26,54489
17031710400,5,2,0,0,13,0,1,0,60.200001,11.352923,2.9423303,3.7225611,5.8917627,242.89406,12.589073,22,59628
17031710500,5,3,1,1,7,3,3,0,66.400002,12.584736,4.0549673,3.7561779,5.6708674,453.2872,26.326393,78,56279
17031710600,1,7,0,0,3,0,1,0,73.699997,10.635136,2.004008,3.7762964,6.5061731,642.10529,20,13,53196
17031710700,2,2,0,0,8,2,4,0,68.400002,12.438827,4.1987404,3.7802944,11.79938,1370.3704,38.932632,141,53665
17031710800,2,4,1,3,15,4,3,1,68.199997,12.517081,3.8651492,3.7623692,17.269817,971.42859,28.580814,91,45218
17031710900,5,3,0,0,5,2,4,0,62.400002,14.064329,5.4426705,3.7709987,29.892824,1621.41,18.867926,20,38998
17031711000,4,1,0,0,17,0,2,0,56.900002,11.084785,3.455226,3.7657557,31.11816,146.24507,23.603083,4,39376
17031711100,5,1,0,0,9,2,0,0,58.799999,13.665089,2.7785496,3.7426302,14.882109,460.31744,12.111111,26,47996
17031711200,3,1,0,3,15,7,1,0,56.799999,12.24067,3.4552846,3.6828017,5.4065475,345.07043,24.333662,57,49263
17031711300,0,1,3,0,6,1,1,0,58.599998,12.696458,3.4443169,3.6027558,3.2647727,1385.1852,16.607143,135,38568
17031711400,5,7,0,0,9,3,4,0,64.199997,12.861149,6.0168472,3.6784394,17.527754,878.8927,15.860215,35,39779
17031720100,15,2,2,7,6,13,6,0,35.5,15.024467,6.8459658,3.5785391,9.4688692,634.69122,9.7733717,216,35879
17031720200,8,1,2,3,5,5,1,1,39.900002,14.988381,3.4828037,3.4493084,14.6653,795.03107,13.282108,372,31156
17031720300,11,8,4,1,2,21,3,0,51.400002,14.861839,5.6385678,3.4005938,15.140663,1671.4579,17.865297,560,42178
17031720400,2,1,1,1,1,3,0,0,49.799999,15.33671,4.1189931,3.2527056,15.053087,1277.3438,4.4324322,245,40892
17031720500,6,3,0,3,1,4,2,0,34.799999,14.653013,6.0465116,3.1898415,11.404928,878.10944,13.869257,177,45607
17031720600,4,2,0,0,2,6,2,0,48.200001,15.881421,4.7904192,3.1933744,10.947334,835.5556,9.168704,117,33413
17031720700,4,2,2,1,7,4,3,0,39.200001,13.069332,4.0133779,3.2701945,9.7221727,674.0741,18.670076,217,37000
17031730100,2,0,0,1,7,0,3,0,54.200001,10.899766,4.2851578,3.5976584,5.5135794,160.78432,26.870749,41,42172
17031730201,5,3,2,1,14,3,2,1,60.400002,11.276673,2.4838549,3.6124701,5.9813876,347.15024,26.047621,35,29119
17031730202,4,0,0,2,5,0,0,0,61,12.506348,5.2631579,3.6365361,6.1944199,1041.4202,15.632555,248,33071
17031730300,1,1,1,0,3,0,1,0,59.5,15.333,5.0632911,3.6109178,4.7138624,2278.2607,10.377358,17,37428
17031730400,4,4,0,1,14,3,2,0,52.900002,13.625157,10.845384,3.5116436,8.0781584,1458.4178,20.819849,563,31224
17031730500,7,2,1,4,14,4,0,1,53.799999,11.323056,5.8726803,3.5191154,11.347651,1228.7968,15.88428,473,29612
17031730600,8,3,0,1,11,0,1,0,53.5,12.134778,7.3085478,3.4762578,14.839424,298.2005,22.186752,20,30463
17031730700,1,0,0,0,11,0,3,0,54.299999,13.721715,7.5,3.4031286,14.543139,371.72775,22.783251,55,31086
17031740100,14,4,2,2,1,7,3,0,59.599998,14.862876,6.7521945,3.0225928,12.901981,2148.2559,17.417219,222,44713
17031740200,6,1,1,0,3,6,2,0,53.900002,13.282466,3.8627936,2.8707917,12.728331,1882.7405,11.944818,1279,43888
17031740300,1,1,0,3,3,2,1,1,54.799999,14.590795,3.6256515,2.7886784,12.646702,613.72552,10.18711,120,44826
17031740400,4,3,3,0,4,11,2,0,37.099998,12.873222,7.1305099,2.6884141,12.675932,343.97812,18.556263,261,43746
17031750100,3,6,0,0,12,7,5,0,52.099998,12.300325,5.0930027,3.249526,7.0460253,407.25806,39.109913,65,31000
17031750200,6,1,1,1,6,11,0,2,40.900002,13.676853,3.8650738,3.2074044,3.6059425,476.28461,10.799136,225,32770
17031750300,6,2,1,0,1,5,4,0,46.5,14.990476,2.9006526,3.1261935,5.7305918,1386.7186,16.318787,103,35132
17031750400,9,7,0,0,4,7,3,0,49.900002,15.718926,3.4788109,2.9307351,3.5578957,1442.7084,12.692967,420,32630
17031750500,21,6,2,2,16,13,3,1,52.900002,13.887725,7.3450376,3.0331581,2.8297033,1240.668,17.398119,739,31873
17031750600,5,7,0,1,9,1,1,0,51.599998,11.863386,5.5017029,3.1083207,5.1234989,539.37006,27.163198,59,30578
17031760801,11,6,4,9,7,13,3,0,59.400002,14.578584,4.3280182,2.3522162,8.5737915,24888.447,14.292195,7505,126063
17031760802,5,6,3,0,7,3,4,1,13.3,12.5,11.044639,2.6264021,5.7050381,373.22174,13.110307,90,117317
17031760803,2,1,1,0,1,0,1,0,48.799999,10.804383,1.7199369,2.3408992,6.7923427,605.4422,14.71359,28,126719
17031770602,17,15,3,3,7,6,10,1,62,13.856199,9.5898796,1.5517758,2.8010988,3701.2429,8.4054384,1594,146351
17031770902,8,7,2,1,2,3,6,0,56.099998,15.163057,7.183478,2.4322629,32.758015,722.22223,10.222805,98,116430
17031810400,9,10,5,1,5,31,8,0,48.799999,16.296022,9.6171978,2.4361262,14.911947,1425.6984,13.017752,681,119463
17031821402,8,4,3,1,6,2,2,0,48.400002,13.813964,10.689471,2.6263769,22.327475,1140.6729,11.928738,114,32085
17031823304,10,7,2,2,1,10,5,0,39.900002,15.405476,2.8759939,2.3674223,5.0648174,1029.84,13.723978,380,34308
17031830500,2,9,0,1,1,3,6,0,73.599998,12.241563,8.8155515,3.9624765,18.784101,1997.9702,15.667075,314,102891
17031830600,8,10,2,1,3,7,4,1,76.800003,14.259226,2.1434139,3.7276886,9.5627041,8854.9023,21.221865,82,77833
17031830700,17,19,7,3,5,17,11,0,52.5,14.743958,8.4269663,3.7652268,17.526217,7930.7231,10.799239,2427,143257
17031830800,8,11,2,1,3,24,2,0,75.699997,15.107972,5.5366269,3.8695359,10.660911,28492.309,25.057871,586,89504
17031830900,19,13,2,0,2,9,7,1,81,16.016043,7.540395,4.2629027,18.253424,12346.634,11.857708,463,544455
17031831000,4,5,2,0,0,2,4,0,74.699997,16.421511,4.2354934,4.3191643,9.28687,5422.0186,13.781163,333,548156
17031831100,13,12,2,1,2,6,10,0,76.300003,13.197927,4.1338845,3.9698491,10.477376,3994.0945,14.436168,251,110432
17031831200,6,4,0,1,6,3,11,0,77.300003,12.037742,2.31141,4.1317062,11.101637,1788.2882,22.217295,71,132481
17031831300,1,5,0,1,0,1,1,0,77.599998,15.5,13.239875,4.0212402,80.768997,3207.2073,11.180124,40,123371
17031831400,4,5,0,1,10,5,8,0,79.900002,14.705082,32.210835,3.8885405,16.319927,4504.9263,22.068329,1288,103832
17031831500,27,1,5,1,5,6,3,1,78.099998,16.133148,6.718624,3.5668826,12.09638,4323.5293,24.265928,66,86117
17031831600,13,9,2,0,8,6,8,0,66.199997,13.572143,3.8581392,3.4838295,9.794672,3093.9131,21.440649,578,85522
17031831700,10,0,1,0,1,25,4,0,78.699997,18,7.3786408,3.7878156,13.122181,5427.1846,13.525699,194,88648
17031831800,7,18,1,1,7,6,4,2,49.799999,14.383894,5.5069647,3.8654923,11.4394,1580.9524,19.77492,932,85777
17031831900,9,9,1,1,4,8,3,0,73.599998,15.657515,3.3478406,4.0645123,14.265135,5616,9.2359762,188,506253
17031832000,3,12,1,1,2,3,0,0,84.5,14.167,4.576659,3.8759711,14.129217,14584.616,13.138686,164,498143
17031832100,4,8,0,1,0,15,7,0,79.599998,15.831722,4.7918538,3.8190811,20.085306,3488.3721,7.3160357,89,226897
17031832200,10,4,0,1,2,4,1,1,75.599998,14.394926,2.5789813,4.3003669,10.72214,4266.2339,11.22145,302,542720
17031832300,16,13,3,0,2,14,6,0,80.099998,18,9.7908322,4.2772593,11.306944,8043.21,11.737089,1164,547470
17031832400,3,4,0,3,1,0,5,0,74.900002,14.19267,1.9178082,4.3247437,10.830087,5240,13.779302,508,552319
17031832500,33,27,3,0,5,13,11,0,78.800003,16.914852,2.5466893,4.1965671,12.352527,8735.0996,8.5081587,1307,542611
17031832600,48,14,2,0,3,11,9,0,80.800003,17.420063,3.7296037,4.1662769,13.099125,11526.881,7.2998753,654,545322
17031832900,2,0,2,2,5,4,0,1,72.900002,15.309424,5.3619303,4.1853294,11.839827,6967.7417,15.915915,78,549115
17031833000,33,64,10,8,3,21,22,0,89.400002,18.648827,7.6834422,4.1671414,17.914368,23510.848,7.648953,6341,547795
17031833100,16,30,3,14,6,19,7,0,83.599998,18.990498,3.9514536,4.1691322,17.244408,16710.674,9.6826878,3420,547900
17031833300,4,16,1,6,3,4,4,1,75.199997,19.333,5.9931507,4.1560245,11.948125,6407.6089,11.610487,406,543415
17031833900,9,4,0,0,8,5,9,1,58.700001,15.256857,4.1058394,3.0133309,5.1349559,787.0722,27.272728,122,27865
17031834000,1,2,1,2,4,0,3,0,48.200001,13.07322,3.7253858,3.5392218,4.273541,981.67542,36.371681,68,35398
17031834200,8,4,2,2,6,22,6,1,64.599998,12.743551,7.0531188,3.5363684,8.306242,2673.74,13.427345,103,26182
17031834300,9,7,1,2,11,7,3,1,55.200001,12.499076,4.7138047,3.5983205,7.6152935,394.84396,18.988703,125,31442
17031834400,5,0,0,2,6,2,1,0,56.299999,10.739984,3.0311381,3.5749352,13.84066,1420.354,27.234301,459,34633
17031834500,2,2,0,1,7,0,1,0,61.200001,13.833,10.403917,3.7167189,25.325603,597.76532,14.511042,14,48677
17031834600,0,0,0,0,7,0,1,1,56.200001,12.175955,12.861736,3.7742131,17.696833,444.44446,22.950819,230,49067
17031834700,5,2,0,1,10,0,1,0,50,12.147282,9.5959596,3.8348672,16.843435,196.85039,33.571426,17,60668
17031834800,2,3,0,0,4,4,0,0,54.599998,13.905,6.0882801,3.7405894,6.8270993,590.51727,29.085871,22,53706
17031834900,2,2,0,1,8,0,2,0,43.299999,12.990362,5.4923499,3.7341361,11.033233,95.238091,25.558313,29,54926
17031835000,5,5,2,0,4,2,3,0,74.599998,13.053573,3.4311203,3.6771193,13.048383,3250,18.816303,140,81865
17031835100,3,3,0,1,3,5,3,0,65.599998,12.897309,3.892493,3.7304585,21.066607,796.39172,8.6915884,87,81315
17031835200,2,7,1,0,0,13,3,0,81.300003,16.333,19.076923,3.4034348,5.3810053,5125.6543,14.48718,554,67166
17031835500,3,2,0,0,6,0,4,0,72.400002,15.049129,14.58671,3.9735155,14.614938,2189.8018,20.646767,61,425384
17031835600,8,7,6,0,7,4,0,0,78.199997,13.715135,30.754893,3.8997221,11.967271,1615.8192,5.2631578,155,67789
17031835800,3,4,0,0,5,0,1,0,65.099998,12.833,7.9365079,3.8910823,12.98509,11954.546,12.748344,1358,390330
17031835900,2,1,0,2,9,1,1,0,65.199997,15.536666,7.8806642,3.907079,13.608431,1624,14.770458,250,440999
17031836000,2,2,0,3,4,3,0,0,58.200001,13.117892,4.3827611,3.7953243,14.473684,425.64105,29.972754,166,377959
17031836100,3,4,2,0,5,1,1,1,51.599998,11.67264,15.422579,3.8363292,6.1214743,436.74701,13.149847,70,61678
17031836200,3,4,3,3,6,68,1,7,59.099998,14.667,13.788099,3.5176327,15.635376,68009.555,14.583333,13041,42195
17031836300,1,0,0,1,2,2,1,0,66.099998,10.39196,4.7281324,3.5207283,15.786104,1169.8113,13.902053,21,46782
17031836400,4,1,1,1,6,2,2,0,54.599998,13.945845,4.2194093,3.6920855,24.125532,401.29453,17.50581,122,399822
17031836500,0,0,0,0,2,0,0,0,54.700001,10.527164,2.4813896,3.6988895,15.034523,978.02197,27.102804,0,489104
17031836600,7,4,1,0,4,1,4,0,77.699997,16.130535,9.2035398,4.3605266,13.646813,3828.5713,25.677031,316,557497
17031836700,6,6,0,2,5,0,1,0,80.199997,14.188966,11.689291,4.387701,13.335117,2318.5654,10.27088,482,561639
17031836800,2,2,0,0,4,0,3,0,52.299999,13.121886,4.5676005,4.4037423,20.366268,432.25806,6.5126052,111,557050
17031836900,1,0,0,1,2,0,0,0,67.900002,12.183699,3.7174721,4.3707976,29.255211,124.99999,28.337875,0,562420
17031837000,4,3,0,1,7,1,3,0,67.900002,13.877185,6.5627564,4.305295,33.880619,1144.6542,23.090586,190,564155
17031837100,5,1,0,2,7,0,2,0,75.5,15.666999,9.0406831,4.3322783,18.116158,2479.1667,20.348837,142,559807
17031837300,2,1,1,0,6,0,0,0,65.900002,14.139589,6.1349693,4.2967753,53.058563,1697.183,8.0174932,301,559322
17031837400,0,0,0,1,10,0,4,0,69.199997,14.997919,9.466866,4.2765875,21.093916,2236.842,36.050953,642,562434
17031837800,12,1,2,3,8,8,11,0,80.599998,16.833,5.3981107,4.2659864,11.721438,6953.6079,16.666668,541,555901
17031838000,0,2,0,0,4,5,0,1,69.400002,14.0382,6.5264685,4.2413011,13.77005,1500,5.4327807,285,557355
17031838100,3,5,1,1,9,39,1,1,81.099998,15.403699,18.908698,4.2301698,11.29458,33731.859,16.881443,10706,555735
17031838200,5,2,2,6,4,221,4,5,76.699997,14.972501,35.39823,4.2175622,19.839794,17946.309,5.9662776,8427,552985
17031838300,1,6,0,1,9,2,0,2,70.099998,15.085252,6.7314884,4.1582623,16.191813,3440.2983,5.7220707,275,538139
17031838600,1,3,0,0,2,1,2,0,61.299999,14.523666,4.2553191,4.2522111,33.478806,621.05261,33.73016,70,556161
17031838700,1,6,0,3,17,2,7,0,60.599998,12.169564,3.8694075,4.1589823,29.672924,2586.614,21.931261,185,440428
17031838800,0,0,0,1,4,0,3,0,34.200001,10.679308,6.2686567,2.9748838,17.567194,712.06622,23.130842,254,20943
17031839000,13,12,4,5,3,22,5,0,74,16.44451,2.1607022,4.0466533,8.595336,9140.7031,11.04483,1084,531155
17031839100,175,186,150,119,37,147,67,14,82.599998,18.167002,24.402029,4.0353942,11.906255,670858.06,11.23302,261894,533232
17031839200,3,1,0,2,11,18,1,0,60.799999,14.858013,8.4783579,3.9081035,16.165298,6661.355,22.512077,995,519671
17031839500,6,4,1,1,4,0,1,1,68.800003,13.833,5.4282268,3.8443062,11.140704,445.54453,8.1967211,9,505966
17031839600,4,1,1,1,7,4,1,0,72,15.321192,7.1546505,3.8069952,11.611102,1238.0952,16.32653,432,500350
17031839700,8,12,4,3,2,7,3,1,72.199997,14.020851,1.8889309,4.0505395,18.36253,2772,12.190889,397,531289
17031839800,3,8,2,1,1,4,4,0,82.699997,12.852426,2.9722589,4.0316777,14.419945,2223.301,5.2941179,46,529588
17031839900,5,9,2,3,1,4,6,0,83.300003,13.977527,6.7322631,4.0062709,17.403416,4791.2085,7.0577016,211,505811
17031840000,5,5,1,0,0,2,0,0,83.5,15.013293,3.3173609,4.0124407,14.39825,811.4035,3.7011173,69,517215
17031840100,0,4,0,0,5,3,3,0,83.5,14.517089,3.429878,4.031703,10.89808,969.23083,6.9925323,63,529900
17031840200,1,4,3,1,2,2,3,0,81.900002,16.167,7.1513707,4.0747247,13.456756,1535.8254,12.145391,92,538826
17031840300,4,6,1,0,0,1,5,0,77.800003,13.078084,5.2057511,4.0886188,15.693168,1965.7321,15.249088,85,477942
17031840400,11,5,2,0,2,2,1,0,83.099998,15.029205,7.8963992,4.0604205,9.2617626,9332.4541,12.370312,251,530188
17031840700,6,5,1,2,3,6,5,0,76.300003,14.297873,4.0465352,4.1756463,12.513133,6789.4736,17.109993,1244,541940
17031840800,3,3,2,0,0,3,6,0,74.5,11.887498,2.2333892,4.1106806,12.039245,1047.244,15.19337,52,401586
17031841000,5,7,2,4,2,27,1,0,79,15.5,44.233807,3.9638162,15.754233,8196.0781,10.515464,2089,522891
17031841100,17,70,10,6,6,27,34,1,81,17.410732,4.9921552,4.0225844,13.597564,6965.9863,7.964602,1641,536143
17031841200,4,5,4,2,3,4,8,0,87,14.830655,3.2803867,4.242651,13.034166,2377.5935,7.0499368,128,544564
17031841300,12,18,4,2,3,10,11,0,79,15.260627,4.5934773,4.2291188,12.464156,4944.0151,9.4238281,804,533112
17031841400,1,0,0,1,5,0,0,0,71.599998,13.920036,5.9445178,4.1419821,27.131712,554.34784,26.126125,48,429825
17031841500,0,1,0,0,12,0,4,1,61.099998,13.090451,5.2867019,4.2040524,63.939648,1263.4731,21.472393,222,531166
17031841700,2,1,0,1,1,2,4,0,66.400002,14.333,4.4477391,4.1600771,13.48597,8067.9609,25.80645,163,514710
17031841800,4,1,0,3,12,1,0,0,43.299999,16.622013,18.074821,3.5538781,6.1651883,594.63721,16.26734,198,34348
17031841900,42,24,12,9,5,13,7,2,82.900002,18.586512,11.387164,4.0960908,12.843539,26540.404,8.2685728,9770,537709
17031842000,5,3,0,5,4,5,0,2,64.599998,13.25801,7.0880095,3.8862059,10.839047,12298.246,4.1474657,3366,520386
17031842100,5,4,0,1,9,0,10,0,73.800003,11.800072,3.9816233,4.1941051,34.004047,3164.1221,17.752184,92,187055
17031842200,25,23,2,4,2,42,5,0,76.900002,19.333,13.564431,4.1998277,15.915113,19671.328,6.1538463,8756,545378
17031842300,23,20,0,11,7,50,5,1,82.800003,17.179705,11.497731,4.2250123,13.913906,10817.428,10.789981,1386,548496
17031842400,23,8,4,0,7,1,7,0,68.900002,12.650078,13.082584,3.7701733,11.111247,2248.6843,32.26717,155,33075
17031842500,0,0,0,0,3,0,2,0,83,13.333,11.002445,3.7066031,25.791662,655.42169,18.620689,0,41103
17031842600,17,8,5,0,2,2,15,1,80.099998,13.502626,12.477314,3.9931712,20.030107,4459.5356,14.145078,689,393912
17031842800,18,7,4,0,1,6,7,0,80,11.582657,4.1623309,4.0051651,15.676027,2455.6313,8.1593189,136,86395
17031842900,7,9,3,0,6,5,2,0,76.300003,12.914531,14.523708,4.1832209,15.143984,4194.6074,16.034986,1948,547465
17031843000,5,3,3,2,7,2,2,0,69.400002,15.337744,8.7351502,4.1841316,33.262226,2673.9658,27.659575,529,440015
17031843100,0,0,0,4,10,2,3,0,42.099998,15.305706,10.462777,4.1930099,55.968147,815.21741,11.60221,237,550259
17031843200,9,13,2,6,4,6,17,0,83.199997,15.129097,16.334531,4.2028022,10.433105,5912.1074,18.589132,747,535829
17031843300,1,1,1,3,2,12,0,0,74.400002,15.667,11.659808,4.2070589,28.332615,3061.947,15.102041,2276,553904
17031843400,7,3,0,2,2,1,4,0,80.599998,13.833,11.931818,3.9951894,3.2089384,837.9447,23.033709,12,120851
17031843500,27,5,0,0,0,1,6,0,69.099998,14,3.0056774,4.1439552,11.064557,3493.8274,31.263384,825,446561
17031843600,2,2,0,0,1,3,1,0,59.299999,14.000647,4.6314164,3.7824874,13.717709,1163.5221,22.773394,57,75660
17031843700,15,5,1,4,1,9,3,0,67.400002,15.833,10.087116,4.1020155,17.626963,5713.1147,15.070644,1556,187662
17031843800,1,1,0,0,11,0,1,0,75.900002,13.365955,9.7037794,3.9286757,33.433777,389.32806,14.590163,0,71327
17031843900,6,1,1,0,3,1,3,0,40.099998,12.457104,9.3406593,3.3871357,22.77836,424.82516,16.998192,691,31844
24510010100,5,13,1,2,3,9,5,1,65.300003,17.688231,3.7187289,1.3862944,34.32,5980.2632,7.6411963,492,157115
24510010200,2,4,0,0,5,3,7,0,71.300003,14.935742,2.258611,1.3862944,31.765821,1394.1606,7.821229,157,156457
24510010300,4,1,2,1,7,2,0,0,38.299999,16.156836,3.1305903,1.3862944,27.473434,1161.5385,5.6353593,46,157997
24510010400,11,26,3,2,1,14,6,1,52,19.093065,7.3891626,1.3862944,28.880096,12340.278,6.119247,767,158129
24510010500,3,2,0,1,3,0,0,0,81.699997,13.833001,0.9765625,1.3862944,21.226372,816.66669,9.4756212,30,159377
24510020100,1,1,0,1,5,1,1,1,89.800003,17.063232,3.5335689,1.3862944,26.439993,1119.403,11.468647,69,160211
24510020200,8,12,1,0,6,1,6,0,89.099998,16.812263,3.996004,1.3862944,27.198549,8671.0527,10.711365,107,159726
24510020300,48,52,5,10,5,14,20,0,60.200001,19.074499,2.8457598,1.3862944,27.75182,22531.248,12.398295,3576,162151
24510030100,4,9,0,2,8,2,6,0,80.800003,18.362499,6.185567,1.3862944,27.198549,3624.2422,13.57268,464,160353
24510030200,16,49,5,9,7,9,9,1,79.300003,18.376541,5.4211843,1.3862944,28.448971,31830.77,8.2695255,3677,166633
24510040100,82,88,51,39,28,163,31,11,89.800003,19.704777,30.045524,1.3862944,26.509104,122894.17,4.7450981,48565,166589
24510040200,9,15,1,1,1,77,33,3,85.5,15.5,18.425461,1.3862944,27.529251,109591.72,5.5045872,10314,172104
24510060100,1,1,0,0,1,1,2,1,82.599998,13.619221,3.2237266,1.3862944,30.771774,1097.826,15.151516,10,160763
24510060200,3,4,2,0,2,1,2,1,92.699997,14.4359,1.5777848,1.3862944,25.31086,2390,9.0153456,268,160594
24510060300,0,1,0,1,8,1,4,0,84.300003,15.23316,2.2624434,1.3862944,22.988882,1305.5557,12.990936,75,161348
24510060400,3,3,2,3,6,60,3,4,78.5,14.595181,12.666667,1.3862944,24.939119,80680.727,4.0277777,12632,165925
24510070100,1,3,1,0,4,1,5,0,68.400002,14.232633,1.5243902,1.3862944,28.003912,803.57141,8.7947884,0,159885
24510070200,8,4,0,0,9,0,13,0,90.300003,14.920552,2.0698577,1.3862944,27.556641,491.66669,19.978046,63,161273
24510070300,16,8,0,1,7,4,16,0,89.900002,16.99184,5.2356021,1.3862944,27.311556,3227.2727,8,96,161887
24510070400,2,4,2,0,9,11,2,0,82.900002,14.761293,12.264922,1.3862944,22.105671,75325.398,9.2550793,9385,163425
24510080101,6,3,0,0,12,6,0,0,21.299999,12.781015,6.7330211,1.9393466,22.493956,615.21252,16.49061,506,159666
24510080102,6,3,0,0,4,1,4,1,63.099998,12.64245,4.4916292,1.6439903,22.367186,13340.425,17.94569,1430,159220
24510080200,1,2,0,1,12,1,3,0,46.799999,17.032738,13.492063,1.4343891,27.07736,1457.8314,21.092279,490,162460
24510080301,0,1,0,0,10,0,3,0,78.599998,13.590799,2.3529412,1.3862944,27.676828,346.15384,14.339622,20,163991
24510080302,4,0,0,0,3,0,3,0,71.800003,14.377104,1.0197145,1.3862944,26.889029,2829.4116,18.584826,390,160132
24510080400,2,0,0,0,5,0,3,0,78,16.566767,3.0234316,1.3862944,28.606665,1896.9071,20.048309,163,163635
24510080500,1,1,0,1,8,1,2,3,67.199997,13.980332,4.3451273,1.775511,31.710823,3903.7036,5.5016184,217,164664
24510080600,1,2,0,2,12,1,4,0,81.400002,14.075335,2.6350461,1.5019721,25.813572,261.53848,10.723861,17,167195
24510080700,0,0,0,0,8,0,5,0,76.400002,16.600271,7.751938,1.3862944,26.054207,365.21738,11.522634,0,164437
24510080800,0,0,0,2,8,0,2,0,77.599998,13.893155,10.10101,1.3862944,23.382452,682.53967,3,122,163331
24510090100,4,0,0,2,13,0,5,0,44.799999,13.236301,2.7647809,1.9459101,26.694193,1062.9921,20.521542,268,178274
24510090200,6,2,0,1,4,3,1,0,31.4,12.908935,3.6868973,1.9459101,28.775116,761.54993,6.6024756,409,178007
24510090300,7,12,1,3,12,1,4,0,55.900002,14.172256,4.3383948,1.9459101,20.425676,742.67096,13.596492,259,175447
24510090400,6,1,0,0,11,1,1,0,59.900002,15.845381,2.1474588,1.9459101,22.955259,3110.2939,23.107571,110,163242
24510090500,18,2,0,1,6,1,6,0,52.099998,16.201876,8.2041933,1.9459101,27.08079,5821.6782,21.713615,842,167757
24510090600,3,0,0,0,6,1,2,0,66,11.014101,1.5422579,1.9459101,27.549847,90.909088,21.577124,7,170775
24510090700,2,2,0,1,8,3,4,0,66.5,13.254921,2.1911805,1.9459101,33.514233,142.01184,11.681773,3,167818
24510090800,5,4,1,1,12,1,10,0,77.099998,16.129982,7.5880759,1.8118757,29.231102,3880.3679,22.172619,166,163651
24510090900,3,4,0,0,13,1,5,0,51.400002,15.091911,5.6980057,1.5039098,15.791289,713.20758,19.53125,93,168942
24510100100,1,1,0,1,9,0,6,0,75.5,15.436726,5.3404539,1.3862944,16.504734,2211.4287,22.036474,257,167046
24510100200,0,0,0,0,3,11,2,0,67,14.551205,4.2063937,1.3862944,18.341362,1694.9153,20.721926,106,164271
24510110100,4,8,0,1,9,13,2,0,89.099998,19.094648,3.8644471,1.3862944,8.4241657,21114.754,22.001726,1728,166600
24510110200,35,45,4,24,9,41,11,4,86.099998,19.376011,6.0698027,1.3862944,17.09395,29110.715,11.592505,5243,175140
24510120100,4,4,0,4,9,21,2,0,28.4,13.70134,2.9504742,1.8926884,22.737055,1306.7332,8.7906752,306,183820
24510120201,4,2,0,1,6,2,3,1,60.400002,17.396477,4.5787546,1.9459101,20.035265,2544.7761,6.545454,212,181461
24510120202,1,15,4,4,3,108,1,1,49.200001,17.92226,2.2801767,1.9459101,21.037214,23598.943,8.0512819,7342,185148
24510120300,7,4,0,2,6,3,4,1,72.800003,14.797985,1.2634239,1.9459101,22.963427,3064.1025,7.2479563,290,179200
24510120400,4,1,0,0,8,1,1,0,76.599998,14.983362,2.969562,1.804957,24.201981,2056.0747,12.965722,153,167033
24510120500,5,11,0,5,3,5,2,0,82.900002,18.097647,11.933174,1.607933,22.335472,4497.5371,19.043694,520,168739
24510120600,17,16,2,12,13,9,7,0,82.300003,18.114216,9.147457,1.8852365,23.397161,12194.872,14.899211,1768,173082
24510120700,2,5,0,1,3,31,6,0,69.800003,15.912738,7.1460473,1.929449,21.428074,12506.203,5.9360733,3410,175538
24510130100,2,2,0,1,7,2,3,0,64,11.605011,2.247191,1.6873668,27.691353,205.1282,9.7982712,33,172093
24510130200,2,2,0,0,8,1,1,0,69.099998,14.007146,1.7006803,1.6094379,23.957462,659.25922,10.865052,169,171711
24510130300,6,0,0,0,8,7,8,0,75.300003,14.545002,5.5452865,1.6115048,28.293262,2804.3479,13.447783,156,181468
24510130400,8,1,0,1,2,2,2,0,15.5,15.289106,7.0156503,1.6102098,12.377933,560.95148,16.273291,255,176924
24510130600,32,13,5,9,11,9,8,0,54.5,17.043013,3.3341883,1.8307887,18.977274,5195.8457,9.0119886,924,176769
24510130700,10,9,1,5,1,31,6,0,47.200001,15.842207,4.6212578,1.7917595,18.122829,5725.4902,9.1223516,2263,181875
24510130803,1,1,0,2,4,2,0,0,44.599998,13.500051,1.9976029,1.817538,23.716599,1824.6268,5.9757943,95,180427
24510130804,9,3,0,5,0,6,2,0,51.799999,16.158611,3.1746032,1.8056448,19.054424,4195.8042,6.6935487,870,178537
24510130805,0,1,0,4,4,5,0,0,14.8,13.167,6.4814815,1.7550582,27.402136,408.22784,6.7469878,238,159015
24510130806,10,1,0,0,1,7,0,0,32.400002,15.667,14.755198,1.9459101,26.252682,3645.1016,7.5842695,1623,182619
24510140100,4,2,1,10,8,18,2,0,67.199997,15.965845,1.5512895,1.5555165,17.928013,3031.6743,12.913177,1216,175370
24510140200,10,1,0,3,13,4,4,0,71.800003,16.132641,2.5744759,1.3986036,29.446293,6575.1636,13.124108,462,182227
24510140300,9,5,0,3,12,0,6,2,75.900002,16.635033,4.0733198,1.5874511,31.126917,1754.9669,7.2420635,73,177793
24510150100,4,0,0,3,14,1,5,0,73.300003,15.979102,2.1922956,1.4574156,27.411388,1636.3635,39.40741,166,179173
24510150200,1,1,0,3,9,2,10,0,72,15.419916,2.5234319,1.4116296,19.534311,925.9259,20.357141,54,179146
24510150300,1,2,0,1,5,2,1,0,64.199997,15.482381,3.5101404,1.3862944,12.044294,1753.2467,25.094578,166,178353
24510150400,8,0,1,1,9,2,6,0,64.699997,14.696636,7.6945842,1.5921937,11.850075,3565.0793,15.989629,812,176639
24510150500,33,2,1,1,7,3,3,1,57.799999,15.667,17.92918,1.62251,13.543772,6444.1416,17.197453,1581,168132
24510150600,5,2,2,0,14,1,6,1,48.599998,14.137508,7.9764903,1.4483362,18.148796,1272.9729,16.73428,279,173552
24510150701,2,1,0,3,7,4,0,0,24.1,13.923782,14.820042,1.7089784,15.890179,1087.6133,28.078079,292,177245
24510150702,2,0,0,0,3,0,0,0,46.099998,12.662497,1.5982952,1.5482211,15.01362,529.80133,11.07306,29,173491
24510150800,3,0,0,1,19,21,4,1,36.599998,13.293506,6.5693431,1.6572599,12.511357,812.35156,20.940485,262,170155
24510150900,4,2,0,2,10,1,4,0,18.700001,11.849328,3.8363171,1.4615788,11.253482,78.853043,21.259258,58,167741
24510151000,8,1,0,2,26,4,4,0,36.900002,12.924457,6.4842958,1.5991639,12.164323,1212.9144,15.53398,606,139528
24510151100,6,0,1,3,9,5,5,0,38.5,11.961031,3.7324146,1.828439,27.945814,486.28049,10.761946,199,163146
24510151200,2,1,0,2,5,0,1,0,40.599998,12.516201,5.2899288,1.9459101,35.623985,506.66666,14.441645,138,174758
24510151300,2,2,0,4,18,4,3,0,55.299999,12.892439,4.141195,1.9138206,29.527025,1175.9777,20.252167,94,167670
24510160100,1,1,0,0,17,0,6,0,68.5,13.69689,4.4194456,1.4276164,32.581894,310.81082,32.569973,13,176271
24510160200,2,0,0,3,12,0,6,0,68,13.872963,7.4460164,1.520276,30.241846,479.16669,12.760417,62,180996
24510160300,0,0,0,1,12,0,1,0,68.599998,16.076254,3.0487805,1.3862944,31.359224,4939.394,29.757786,295,181117
24510160400,1,0,0,1,10,0,3,0,76.5,13.644055,1.641497,1.3862944,36.802097,658.06451,22.347065,44,178106
24510160500,5,2,0,0,15,1,4,0,61.400002,14.485051,4.5884715,1.3862944,37.659248,1238.0952,19.027355,344,176853
24510160600,7,3,1,0,8,1,5,0,59.5,13.879777,4.818384,1.3862944,32.957497,824.07404,9.2927637,146,178266
24510160700,5,1,0,2,14,2,8,0,42.900002,12.344671,2.3206751,1.5195856,24.367567,366.84784,12.277471,143,176781
24510160801,2,0,0,1,4,0,1,0,51.099998,12.694571,3.4602076,1.6094379,23.664534,459.99997,19.900084,67,172079
24510160802,2,0,0,0,3,0,4,0,17.6,10.013757,1.4925373,1.6094379,21.439583,73.995773,18.264521,0,172012
24510170100,6,4,2,2,8,44,2,1,72.300003,16.71109,10.889292,1.3862944,26.798307,6824.0737,8.4043846,1634,172227
24510170200,1,1,2,5,12,8,0,0,73.400002,16.540636,6.3535912,1.3862944,26.310925,29905.76,14.514145,6407,187509
24510170300,1,1,0,0,8,1,1,0,66.699997,13.823764,1.8535681,1.3862944,28.930061,932.20337,13.731342,76,187169
24510180100,1,0,0,1,9,3,0,0,71.699997,14.341352,6.2711047,1.3862944,28.179144,924.24243,17.399267,99,173500
24510180200,1,1,0,0,4,2,0,0,62.400002,14.898404,9.483667,1.3862944,27.732834,5087.9121,12.631578,519,184614
24510180300,6,5,1,2,5,1,9,0,77.900002,17.240112,4.9535604,1.3862944,24.011717,2535.7141,8.6908693,123,174722
24510190100,0,1,0,3,11,0,4,0,69.400002,14.793039,2.8901734,1.4022484,26.154263,1216.2162,11.538462,162,179409
24510190200,3,4,1,0,1,1,4,0,71.800003,14.936575,4.0588534,1.3425391,22.63798,541.28442,9.1612902,25,164533
24510190300,1,2,0,0,10,2,4,0,78.800003,14.738125,4.3196544,1.2921429,16.858448,1317.2415,13.278009,61,176259
24510200100,1,1,0,0,5,1,5,0,78.900002,14.560475,1.5906681,1.3862944,26.83091,8529.4121,3.6082473,967,176951
24510200200,4,2,0,1,10,0,2,0,62.5,15.206078,9.6571704,1.3862944,26.496777,1106.1453,17.447918,77,175947
24510200300,11,1,0,0,10,7,4,0,85,17.203629,6.0639471,1.3862944,17.685139,956.52173,10.555555,22,176426
24510200400,1,0,0,0,4,0,1,0,69.400002,13.812064,6.0175055,1.3862944,15.859887,853.33331,10.433071,77,176447
24510200500,11,2,1,0,9,1,10,0,76.300003,16.34672,3.9630119,1.3862944,18.171696,3637.0657,9.399478,430,175228
24510200600,6,3,0,1,7,2,2,0,33,15.757202,6.7773636,1.3862944,21.270603,1385.9648,11.161731,373,170814
24510200701,4,1,0,2,13,4,4,0,32.799999,12.627404,4.8543689,1.6023628,19.145708,501.07526,15.397924,197,168662
24510200702,1,0,0,0,8,1,3,0,49.599998,14.313023,4.3699927,1.5234216,18.683104,657.65765,12.154696,56,171690
24510200800,4,3,0,0,9,3,5,0,34.700001,14.338901,6.8846816,1.5991027,29.935392,1191.7476,16.562107,341,167429
24510210100,8,9,3,3,6,5,10,1,72.800003,18.056124,6.8093385,1.3862944,16.862694,4718.8755,10.754414,2280,169665
24510210200,4,5,4,1,6,7,6,0,62.799999,17.232533,7.8563412,1.3862944,13.362508,4137.625,11.16279,2261,166326
24510220100,43,46,4,8,8,30,10,0,66.400002,17.732925,8.9332633,1.3862944,16.638906,19147.982,6.6112266,5511,168336
24510230100,3,4,0,2,6,6,1,0,77.900002,18.790695,1.5090543,1.3862944,13.994135,7461.5386,9.5070419,195,169330
24510230200,14,26,1,0,4,2,9,0,92.400002,15.94563,5.2110474,1.3862944,13.6,8904.7617,7.1735129,282,169028
24510230300,4,3,0,0,1,1,1,0,52.900002,14.513688,9.2213115,1.3862944,13.6,1227.2728,5.7803469,427,164825
24510240100,11,9,2,3,6,5,3,0,34.400002,15.815712,3.4965035,1.3862944,12.62093,4632.7373,6.4173827,1326,155921
24510240200,6,4,0,3,3,8,6,0,52.200001,17.138844,4.8237477,1.3862944,12.445663,7766.4673,5.9484777,410,168098
24510240300,10,17,2,1,5,5,0,1,87,15.38093,0.49701789,1.3862944,13.6,3298.7014,4.4867439,224,168793
24510240400,5,5,2,2,7,3,4,0,45.700001,15.049731,2.6799387,1.3862944,11.853566,3105.3762,7.3835478,375,166595
24510250101,1,1,0,1,3,1,1,0,26.200001,11.76521,2.3267839,1.3847075,34.970318,223.11827,12.274177,186,126446
24510250102,4,0,0,0,8,1,2,0,30.1,11.933426,3.8488453,1.3862944,32.273632,814.0351,14.718352,195,135834
24510250103,4,6,0,1,6,92,3,0,39,13.583091,4.964539,1.3386216,26.189751,4064.064,15.052265,3679,138316
24510250203,1,4,0,0,5,38,2,2,28.4,13.493802,5.1768766,1.3862944,29.299362,4078.4314,7.5226979,1347,158373
24510250204,0,1,0,1,8,0,0,0,36,12.024496,4.454343,1.1073112,29.299362,354.35434,14.563107,83,154647
24510250205,14,8,1,0,6,3,6,1,50.5,14.956074,6.4049587,1.0986123,22.292545,2272.9307,19.959372,332,150090
24510250206,4,4,3,2,4,5,13,0,52.200001,15.643745,8.7475149,1.2496412,22.169672,3537.0559,12.118409,758,153129
24510250207,0,2,0,0,2,0,0,0,30.700001,13.4736,3.3783784,1.3806945,29.299362,1946.3276,11.230586,238,157247
24510250301,4,2,0,1,7,1,2,0,48.400002,12.036138,7.7369439,1.182403,22.592722,569.27301,6.0820365,62,160102
24510250303,4,2,0,0,4,1,1,0,51.299999,12.680767,3.4398034,1.0986124,20.753124,1485.8612,21.507761,177,154683
24510250401,6,8,1,3,12,10,5,2,53.799999,17.015453,4.1019631,1.3227175,39.249863,1210.5264,8.3516483,130,150295
24510250402,0,0,0,3,6,1,5,0,47.900002,12.497762,1.3920306,1.247861,39.805824,308.82352,17.666302,20,141643
24510250500,6,2,1,3,8,2,3,0,34.799999,15.442192,6.4262023,1.0824546,40.147884,1448.776,19.412977,231,42012
24510260101,13,8,0,2,9,4,2,0,31.5,13.032867,2.6125402,1.1440163,22.701387,661.3924,8.0795269,149,79983
24510260102,6,5,2,4,14,2,4,0,37.400002,12.736384,2.5555337,1.0912154,26.10486,255.35715,14.747736,141,100167
24510260201,12,6,2,1,9,0,3,0,33.599998,14.210508,4.7920261,1.5452116,24.18181,1371.8353,7.1878471,506,160739
24510260202,6,2,0,0,14,2,1,0,39.5,12.231302,2.1238938,1.6466905,21.729259,286.80203,12.801557,81,159764
24510260203,3,3,1,2,7,3,2,0,33.400002,13.04382,8.5205267,1.2845548,22.198696,938.95343,13.810557,238,158238
24510260301,5,5,2,1,5,2,6,0,56.099998,13.896594,1.9680735,1.6844782,23.145687,957.26495,23.542988,148,160634
24510260302,15,4,1,3,12,1,1,1,51.900002,12.615007,1.6998918,1.4045881,23.037529,485.54916,15.388627,72,159925
24510260303,2,0,0,0,2,2,0,1,40.200001,12.833,19.138756,1.3862944,19.656481,2112.7659,1.459854,335,157929
24510260401,0,4,0,1,4,0,1,0,35.599998,14.332486,4.8795364,1.3862944,18.003273,516.44098,5.5813951,92,157204
24510260402,5,0,0,2,9,4,0,0,31.9,14.577163,4.9689441,1.1692904,20.907656,1252.8735,24.946236,34,158686
24510260403,3,0,0,0,1,0,1,0,44.5,10.692697,4.6403712,0.70035017,23.805761,573.61963,9.2289715,0,149178
24510260404,7,0,1,0,1,3,4,0,67.900002,14.019697,11.124845,1.3847499,31.944864,3118.124,17.162699,124,155240
24510260501,9,8,4,0,4,32,9,1,56.299999,16.368229,6.214799,1.3047916,22.542393,6666.1304,14.191547,5556,146088
24510260604,0,0,0,0,1,0,0,0,38.400002,13.018898,5.2173913,1.160579,21.973095,943.29895,6.2695928,57,138104
24510260605,13,23,6,8,12,7,6,0,46.299999,15.896855,7.5806801,1.1550385,22.348732,2760.8076,7.6015725,4842,138081
24510260700,4,12,1,1,4,3,9,0,84.800003,16.079252,2.1312873,1.3862944,30.048944,2238.9077,7.3079796,148,153677
24510260800,5,5,2,1,6,4,9,0,88,18.159634,1.7427675,1.3862944,34.938972,5950,17.131783,171,155128
24510260900,17,14,3,5,5,11,9,1,89.599998,17.136833,4.8602673,1.3862944,34.267212,10469.483,7.0843377,1469,152978
24510261000,1,1,0,1,4,0,7,0,92.099998,14.889445,3.5518243,1.3862944,32.97081,2558.3335,25.992781,86,156878
24510261100,2,6,0,1,1,6,2,1,94.300003,16.888268,3.2644178,1.3862944,35.200001,3458.8235,8.6530609,74,157292
24510270101,1,0,0,0,1,1,0,0,20.1,11.206718,3.2876712,1.9459101,17.985672,97.826088,13.711911,10,171005
24510270102,3,1,0,1,7,2,0,0,35.400002,12.949874,3.1003382,1.8864318,22.829494,200.50761,10.511363,29,166533
24510270200,5,2,0,2,6,1,2,0,29.9,14.297819,4.359673,1.9459101,17.332106,1784.5304,14.519906,369,171348
24510270301,2,1,0,0,3,3,3,0,27.700001,12.548839,2.3263543,1.8608181,16.755947,997.72729,9.9509459,345,168520
24510270302,6,2,0,0,8,5,2,0,36.5,12.345918,3.1466331,1.8469459,15.049706,700,11.318553,24,166633
24510270401,5,2,0,2,8,1,1,0,33.400002,14.219625,2.8157683,1.6298106,22.267965,1021.3143,17.864407,327,98102
24510270402,7,8,2,3,9,4,1,1,32.700001,13.63305,2.2486348,1.6094379,20.0359,1021.5518,13.431833,227,105821
24510270501,11,5,3,2,10,3,4,0,24.299999,13.388867,1.7961383,1.4404196,24.337427,959.82141,4.2752872,626,62269
24510270502,5,7,2,2,9,9,2,0,33.200001,13.558353,3.0295968,1.4959197,23.458534,698.6532,15.613718,193,89894
24510270600,4,2,0,1,9,3,2,0,33.599998,13.18863,1.9052155,1.4951923,17.967466,1118.3333,18.575064,263,106720
24510270701,1,0,0,0,5,0,0,0,37.799999,12.667,1.7749379,1.0986123,19.308947,1240,29.001368,6,72775
24510270702,1,0,1,0,5,1,1,0,37.400002,14.226962,5.9387848,1.143636,19.681732,1774.3901,12.860082,394,82352
24510270703,2,0,0,1,1,1,0,0,35.599998,13.004428,2.0006669,1.1978629,24.822178,601.5625,8.5662212,82,71748
24510270801,4,0,0,0,5,2,0,0,33.299999,12.018168,1.5040825,1.0986123,10.971039,439.10257,14.271749,30,89301
24510270802,7,3,2,1,15,6,1,0,37.700001,12.774221,4.8835462,1.49956,11.884194,665.88232,17.79141,216,107720
24510270803,3,4,1,2,7,59,1,0,24.799999,12.824483,3.3343919,1.4611461,9.7528696,3474.5562,5.4018874,2682,102686
24510270804,7,7,1,0,1,8,1,0,24.1,12.784248,1.6149871,1.1123246,12.777726,519.71326,6.3264222,37,94843
24510270805,5,15,1,1,11,8,10,1,33,14.536908,3.989627,1.7269303,17.763851,1482.3285,12.476548,236,157423
24510270901,1,1,0,1,8,1,2,0,41.200001,15.102608,2.287806,1.931088,38.355553,778.62598,10.30479,195,169093
24510270902,4,1,0,2,9,1,1,1,33.700001,10.176323,1.0813149,1.9417957,19.565107,4951.9448,11.878453,1881,175361
24510270903,4,4,0,2,7,0,2,1,42.5,13.259329,4.258771,1.9459101,41.637608,811.90479,14.249364,96,175540
24510271001,1,2,0,4,13,1,2,0,41.900002,12.820791,4.1360294,1.9401603,43.138046,484.53607,20.721769,96,173530
24510271002,2,2,1,3,15,8,2,0,36.599998,12.579794,3.1272552,1.8274862,42.757862,607.04608,12.675071,167,166311
24510271101,5,1,1,4,1,2,0,2,30,16.260075,3.5634744,1.7917595,32.569073,1578.0051,6.5075917,626,181267
24510271102,1,0,0,1,1,7,1,0,19.700001,16.034374,1.9111323,1.8084159,33.515976,3183.5442,7.638073,1456,185676
24510271200,10,4,1,3,10,22,3,1,18.700001,14.569863,3.7108745,1.540445,13.849968,880.57556,12.089752,1170,120758
24510271300,6,6,4,0,6,22,1,1,12.6,12.809912,7.5322812,1.5412643,13.760664,1247.5159,9.2592592,1286,111294
24510271400,13,6,1,3,11,23,5,1,16.200001,17.104206,4.6170559,1.7917595,14.632172,1459.3374,10.541814,406,181484
24510271501,12,8,1,5,9,28,1,0,14,11.904134,5.7251908,1.3564245,19.209473,1538.9563,5.5906663,2320,97058
24510271503,15,2,0,2,1,33,1,0,37.5,16.667,13.431013,1.6280143,19.889055,5635.0879,7.506053,931,168996
24510271600,1,2,0,1,9,3,6,0,43.5,13.384654,3.5566094,1.838087,26.055338,1506.0975,14.795144,384,158712
24510271700,5,4,2,3,18,81,5,1,45.900002,12.973642,4.4386906,1.7007282,25.052458,8301.4922,20.663563,5697,100035
24510271801,1,5,0,1,14,4,6,0,53.5,15.523993,2.9994001,1.7715092,20.144667,1227.907,5.6640625,99,82259
24510271802,3,5,1,0,11,2,9,1,53,13.645785,2.7941633,1.8301678,22.436491,1312.1952,22.886866,179,92023
24510271900,4,3,2,6,7,2,1,1,31.700001,14.450444,7.8308536,1.6460812,19.594145,1416.6666,12.079616,695,88592
24510272003,9,1,0,9,23,16,5,0,20.9,12.458792,5.1635112,1.4656579,18.664913,459.17001,8.4622383,241,82311
24510272004,4,1,0,0,6,7,2,0,30.700001,11.289165,2.2988506,1.4039458,17.791513,321.16791,9.4899168,63,85665
24510272005,4,0,0,3,10,11,3,0,24.299999,12.086363,2.5764895,1.3225912,17.579136,550.2793,11.58267,148,66786
24510272006,6,4,0,2,16,12,1,0,32.900002,14.33187,2.6624068,1.2571155,18.06571,1838.5966,14.470284,394,74825
24510272007,5,1,0,1,9,7,4,0,38.799999,14.560975,2.8328612,1.0986123,16.270721,2435.4839,9.5263729,588,58460
24510280101,47,16,7,1,21,13,18,1,64.199997,16.387741,4.9113233,1.2444993,15.120073,7816.1763,12.47576,2852,69450
24510280102,14,2,1,4,18,3,4,0,33.400002,13.090174,9.2219987,1.3135705,10.700374,2834.8147,9.1209831,12817,72827
24510280200,8,2,2,1,22,3,7,0,18.6,12.780717,3.1219512,1.2347444,9.7580681,156.48445,11.151405,103,93263
24510280301,1,0,0,1,4,2,0,0,8,10.713012,4.9578582,1.2375621,23.482357,202.08501,16.607983,168,146006
24510280302,2,1,0,0,4,5,0,0,15.7,12.47498,9.4212651,1.3862944,11.845173,18.97019,9.1629963,2,151196
24510280401,3,2,3,1,16,6,2,0,21.799999,11.92529,1.7016449,1.3376966,32.105721,504.73187,15.000001,90,144118
24510280402,2,0,0,0,5,0,0,0,23.700001,12.409094,0.53734551,1.4276679,27.320326,530.23254,21.337126,86,153062
24510280403,4,0,0,3,13,3,0,0,23.700001,11.734506,3.780378,1.3484681,36.194077,734.46326,13.494062,398,131229
24510280404,4,2,0,1,1,0,0,0,39.299999,14.164483,4.4622936,1.3862944,30.5375,790.27356,8.833333,367,147527
24510280500,8,11,1,3,10,20,3,2,84.199997,16.859917,11.116052,1.3862944,25.161396,11146.067,23.395445,3186,163427
25025000100,19,13,4,1,2,9,4,0,77.099998,16.263823,8.3171611,4.8500042,8.0760889,10606.061,6.2661262,4791,510067
25025000201,2,4,0,2,6,0,3,1,70.800003,16.125166,6.3694268,4.671103,5.6091542,2359.3074,9.7735395,130,354476
25025000202,4,3,0,1,4,2,2,1,69.599998,15.828787,2.1834061,4.761457,3.7552392,1689.6553,8.1604433,102,426369
25025000301,2,4,0,1,3,2,1,1,63.700001,14.404613,2.2463497,4.5841823,5.6091676,1244.3439,8.1221199,303,317053
25025000302,8,4,0,3,2,5,4,0,55.900002,14.158083,0,4.6348228,5.6091542,1228.0702,12.300934,162,328017
25025000401,4,5,0,0,4,3,0,0,72.199997,12.950493,2.1355077,4.884151,5.3394027,1253.0121,11.284336,223,436187
25025000402,7,6,1,1,10,5,3,0,54.400002,16.103493,2.6371308,4.7797432,5.6091542,713.82642,14.188836,83,352837
25025000502,1,4,1,0,2,9,1,0,40.299999,15.525577,2.3561751,4.7981215,5.6266704,1916.1677,7.312253,234,344243
25025000503,2,2,0,0,1,4,0,0,68.400002,13.160334,3.7654653,4.8669643,5.6331682,2259.2593,9.1366911,131,433659
25025000504,4,10,1,0,4,4,4,1,72.599998,14.932287,1.2944984,4.9575419,6.2680159,4767.4419,17.621899,184,483623
25025000601,6,16,4,0,5,19,6,2,75.699997,17.045597,6.72,4.8535123,6.7319188,4528.7959,10.178339,470,488819
25025000602,5,5,0,1,5,76,6,0,68.800003,14.087502,1.8139414,4.9524632,7.2500391,19887.932,15.630631,4895,485085
25025000701,0,3,0,3,2,3,4,0,75,14.484593,1.5317845,4.9675498,7.1523452,988.76404,19.120255,26,510405
25025000703,13,39,1,0,1,5,11,0,83.599998,18.247276,3.4578147,5.0034833,19.087385,15376.812,21.226416,173,510815
25025000704,12,14,1,1,1,4,4,0,79.400002,16.523634,2.0925366,4.9692988,9.6846113,6322.5806,14.927536,686,517131
25025000802,21,32,3,3,2,4,22,1,80.900002,18.493866,2.484472,4.9590755,12.605661,7848.8062,6.8583488,1542,509720
25025000803,5,7,0,4,0,0,1,1,81.099998,17.010586,3.895598,4.9764051,21.810923,26621.924,4.1644135,12285,519839
25025010103,2,4,6,5,3,4,2,9,81.699997,15.613895,4.0777165,5.0515413,23.693548,5704.7622,6.482861,56,517759
25025010104,12,25,1,8,5,45,5,2,78,17.007893,1.516136,5.0448647,9.8241444,18935.186,2.7961164,676,517574
25025010203,8,29,2,1,3,12,5,0,85.099998,16.530491,3.3876773,5.0607958,16.676346,21943.262,2.9518805,1719,516366
25025010204,2,8,0,1,2,11,2,0,86.599998,17.736612,3.6979969,5.0625949,26.655394,40163.266,8.3920565,3595,514215
25025010300,1,6,1,1,4,76,2,3,79.599998,16.828276,2.8186028,5.0570536,18.768869,80659.898,2.9785371,18110,516211
25025010403,8,11,1,2,0,5,2,1,80.599998,16.371286,0.34094783,5.039053,11.837121,31529.41,10.714286,197,516042
25025010404,3,11,1,4,1,0,2,0,75.699997,16.686214,0.16165535,5.0500851,8.4283895,27245.283,7.2089629,814,514472
25025010405,7,8,2,7,6,2,6,3,79.900002,16.967951,3.8698329,5.0441236,9.9399652,10014.286,6.2047963,1222,514047
25025010408,0,0,0,0,0,2,0,0,77.699997,14.167,0,5.0512486,6.8430319,1352.9412,8.8469181,12,515678
25025010500,5,16,1,2,4,4,4,1,84.800003,16.509922,1.2088244,5.0389833,11.837121,27260.273,5.0225368,377,514523
25025010600,93,54,12,10,5,34,17,8,86.300003,18.833002,4.917457,5.03441,11.599664,203465.66,1.8814139,19076,511164
25025010701,72,27,1,11,2,23,9,0,73.800003,18.909918,2.3139221,5.0381217,11.837121,64538.461,5.688282,1663,515934
25025010702,134,23,8,18,19,89,4,2,75.800003,17.831253,5.5172414,5.0175204,8.2950487,166465.52,3.2615385,14100,511189
25025010801,3,0,0,6,0,20,0,2,71.5,14.905028,0,5.0217352,8.2902441,11061.225,3.9772727,579,510285
25025010802,5,1,0,5,2,5,4,1,70.900002,15.749844,0.33670034,5.0380607,11.225931,8416.667,2.0286987,436,516693
25025020101,34,10,1,10,5,8,7,0,69,17.669569,0,5.0140347,8.0477142,13616.278,3.6382902,433,515856
25025020200,15,9,1,0,1,4,4,0,68.5,16.203264,0.73385519,5.027482,8.4172754,8711.1104,4.2995343,145,515785
25025020301,3,6,1,5,1,318,5,1,78.400002,17,0,5.0304379,12.228926,249888.89,2.0265551,10860,513193
25025020302,5,8,0,5,4,6,2,2,76.699997,17,0,5.0223789,9.2993469,63466.668,5.804749,1854,515425
25025020303,15,23,5,9,3,43,9,1,78,16.46493,4.1401274,5.0228124,12.237319,72982.664,4.0770102,12009,511512
25025030100,0,1,0,0,2,0,1,0,80.800003,15.483838,0,4.9849315,12.716544,5241.3794,6.682436,46,504635
25025030200,6,5,0,1,1,2,7,2,89,18.333,0.58241118,5.0004859,12.254711,26461.537,6.7945642,576,510755
25025030300,84,114,44,34,11,74,51,6,81.599998,18.566866,9.8760651,4.9982705,15.031439,255026.23,4.450438,50951,502316
25025030400,12,77,4,2,5,7,17,2,84.400002,18.716982,0,4.9842525,17.197847,38357.145,3.0821917,307,504664
25025030500,11,13,0,2,3,2,0,0,76.400002,17.905699,1.4556041,4.9709802,18.766563,8594.5947,3.4257748,208,502845
25025040100,6,7,0,4,2,2,1,0,76.900002,16.879219,2.739726,4.9705162,12.228926,17540,8.3974361,1606,512563
25025040200,2,2,0,3,1,0,1,0,81.5,14.174119,3.7593985,4.9231114,10.777873,1363.6364,26.26132,99,507823
25025040300,4,3,0,3,3,2,4,0,81.599998,16.36788,1.209775,4.9435291,12.093045,3472.2222,7.2654696,324,514974
25025040401,8,4,2,1,0,6,6,2,83,18.039059,2.4831501,4.9751067,12.017251,2626.5061,3.2038174,148,515782
25025040600,7,5,1,3,2,7,1,1,66.199997,16.42141,13.142636,4.9422674,11.499257,12319.419,8.3295813,4732,513201
25025040801,11,6,0,4,0,13,2,0,70.5,15.16756,3.1782722,4.9211016,11.466829,17850.543,12.745099,7054,499360
25025050101,3,2,0,1,3,1,5,0,81.099998,15.131579,1.3069455,4.6804104,10.979653,1758.6207,9.905076,153,468921
25025050200,12,20,2,1,3,3,7,1,84.099998,16.043383,2.5540275,4.7044582,7.5879822,4085.1064,20.519011,208,468701
25025050300,6,5,0,0,3,1,5,0,78.900002,15.414772,0.85178876,4.8836222,19.302549,3941.606,6.3025212,183,490129
25025050400,5,10,0,2,4,2,12,0,84.599998,18.088808,3.1014621,4.8822489,18.240877,3980.3923,10.743801,94,478824
25025050500,0,1,0,0,2,1,2,0,87,16.333,1.0106114,4.8367462,21.248127,6818.1816,10.981469,168,472495
25025050600,9,16,2,1,1,21,11,0,86.300003,18.838224,0.92807425,4.8528457,19.1877,4969.231,13.118813,206,473998
25025050700,8,9,0,1,5,3,7,0,84.900002,15.907122,0.66504101,4.7103229,5.2839174,2904.762,12.010617,100,468435
25025050901,9,17,0,0,1,0,10,0,64.199997,15.481863,3.4972678,4.6286106,5.5381193,4738.3965,17.595541,57,436872
25025051000,2,2,2,2,1,0,4,0,64.699997,14.828258,3.8340099,4.372961,21.417233,3449.1316,4.5028982,836,368539
25025051101,5,15,1,3,6,2,5,1,72.599998,14.322502,4.8490537,4.2183809,8.7536316,2250,18.505516,342,346478
25025051200,1,6,0,2,0,1,5,1,70.800003,14.340243,1.8604651,4.8619032,16.470589,1742.1384,15.360697,113,479083
25025060101,1,2,0,2,0,3,0,0,81.900002,13.565516,3.1491555,4.8593745,11.820209,3412.2808,4.3389277,272,451098
25025060200,1,0,0,0,4,1,0,0,79.900002,13.820441,2.9673591,4.899229,12.413972,545.45453,6.2653565,10,462223
25025060301,7,7,0,0,3,6,6,0,80.5,16.516052,1.3395847,4.9294143,12.433945,4171.4287,7.1168623,268,476494
25025060400,2,6,0,4,2,0,1,0,79.300003,15.465837,3.0456853,4.956738,10.816562,4512.9868,3.3297236,600,480987
25025060501,11,7,4,1,2,4,2,1,78.199997,17.643747,3.6827195,4.9224429,9.6182261,3742.1384,6.581059,230,480956
25025060600,16,46,10,9,7,8,6,0,84.900002,16.667,14.556041,4.9483495,9.0536146,41418.891,8.4253578,16377,484897
25025060700,1,0,0,0,2,0,0,0,85.5,14.984549,2.8288543,4.9766474,6.8165884,1520,12.802276,116,496690
25025060800,12,7,1,2,4,4,3,0,83,17.776575,4.2857143,4.9743037,9.4620399,7272.7275,2.677747,405,491479
25025061000,2,2,0,0,0,2,3,1,81.199997,16.062405,2.3852117,4.9847608,9.7651291,537.31342,9.6005602,61,490274
25025061101,0,0,0,0,2,0,1,0,66.900002,10.791023,1.8248175,5.011981,15.283333,2046.8749,9.1988134,32,483894
25025061200,16,24,4,9,4,6,13,0,90.599998,17.327555,8.6206897,4.9814591,9.1899748,14295.358,4.7707558,6073,498318
25025070101,215,169,64,78,42,86,66,6,82.800003,18.116081,7.6447033,4.9955878,7.6353512,226139.94,2.5433872,67802,497546
25025070200,34,72,6,18,3,91,26,1,88.900002,18.792463,3.0052592,4.992177,8.2950487,184817.3,5.4629631,12797,508815
25025070300,15,46,6,9,7,25,8,1,82.599998,17.893789,2.4575514,5.0104761,8.5349503,88730.773,8.6509781,7954,510767
25025070402,7,5,1,0,4,0,3,0,88.599998,17.667,4.6323104,5.0006309,8.2950487,14320.389,12.330317,961,505156
25025070500,18,33,3,3,3,13,13,1,75.5,17.640457,1.8059432,5.0197668,11.043696,12800,10.363584,602,507053
25025070600,11,3,0,2,6,8,1,0,70.900002,18.5,3.0607783,5.0240216,11.837121,7862.7451,7.7860527,160,509577
25025070700,3,11,4,3,1,0,5,0,81.300003,17.903065,2.9795158,5.0366545,11.674534,57777.777,7.6540136,2663,510456
25025070800,6,10,1,1,1,2,4,0,76.300003,17.803293,1.5940489,5.0274091,11.837121,7826.6665,8.4716902,465,512981
25025070900,6,5,0,2,6,2,3,0,76.599998,16.953159,2.3497818,5.0273643,14.397135,4692.3081,6.8245912,141,509346
25025071101,7,17,0,2,2,174,7,1,83.599998,15.667253,4.8580926,5.026258,15.225345,7935.7144,6.9175987,7221,505126
25025071201,10,14,3,3,5,9,6,0,89.800003,18.678572,5.1177073,5.0108137,10.603721,20419.355,4.8877144,2565,502576
25025080100,9,13,0,4,4,3,14,0,87.099998,17.326036,7.0023341,5.0232463,15.645339,19073.232,10.864198,4959,495160
25025080300,5,3,0,2,5,1,6,0,71.400002,18.667,4.1543027,5.0147157,15.012431,2067.3076,15.370541,195,496530
25025080401,18,4,0,3,8,1,5,1,79.900002,19.087555,5.9665871,5.0365257,13.662456,10000,10.751748,937,506342
25025080500,2,4,0,3,5,1,2,0,79.599998,16.724684,2.2822366,5.039969,17.43606,957.89478,18.794048,76,505836
25025080601,8,11,3,4,7,1,5,0,78.199997,17.02076,8.320951,5.0342431,12.525486,34425.926,7.0963068,17634,504290
25025080801,3,1,0,4,4,1,2,1,85.5,18.189022,2.0390329,5.0441284,15.8851,6205.6738,7.346241,912,508377
25025080900,5,6,2,5,1,7,7,1,73.400002,16.042135,2.9146022,5.0417323,16.932281,6979.7979,8.6450968,282,494106
25025081001,4,17,6,6,4,297,2,2,79.300003,17.045357,4.6927374,5.0532007,15.379845,151342.59,7.0812531,34892,502688
25025081100,2,2,0,0,3,36,1,0,63.200001,15.46777,3.9224232,5.0450034,12.317577,12832.461,9.3582888,2687,497702
25025081200,3,0,0,0,1,1,3,0,78.199997,16.067001,1.6982734,5.0400262,11.277454,3440.3669,9.583333,175,490381
25025081300,8,1,1,2,5,3,10,1,72.300003,18.011951,4.8685492,5.0116906,11.479278,5549.1069,11.680785,1382,489231
25025081400,7,3,0,1,3,0,3,0,66.900002,16.524969,7.3882527,5.0308876,9.1134796,4137.5,7.6546235,962,505938
25025081500,2,0,0,0,0,0,2,0,61.5,13.426485,3.3767487,5.0185113,6.0967364,2446.1541,11.334552,42,487897
25025081700,3,1,1,2,3,1,1,0,66.900002,16.522465,5.2128584,5.016541,5.7026105,2440.8162,5.7399726,427,496884
25025081800,1,2,0,1,7,3,4,0,67,15.78797,3.4953924,5.015142,10.122792,1090.2778,9.4482231,93,487654
25025081900,6,0,2,3,5,2,2,0,66.599998,14.997725,3.4686091,5.0036526,7.578104,1041.9161,16.928886,89,485295
25025082000,0,4,0,2,10,1,1,1,67.5,16.114525,5.2356021,5.0069966,6.8225412,2331.126,13.361703,357,475411
25025082100,5,3,0,1,8,0,0,1,69.199997,13.855252,1.998002,4.9818244,7.9262738,692.30768,11.767486,83,462640
25025090100,7,5,0,1,6,2,9,0,72.199997,14.833464,2.422285,4.9378352,22.453962,971.09833,13.655463,159,438281
25025090200,5,4,1,0,5,1,8,0,75,16.609055,6.5226254,4.9756384,28.928482,4443.3965,17.070484,168,455583
25025090300,2,4,1,2,5,0,3,0,71.599998,14.916524,2.5188917,5.0077209,18.672754,551.02039,26.022015,45,469493
25025090400,4,3,0,1,4,0,4,0,68.300003,14.788409,1.6371078,5.0187745,11.189463,371.9512,21.288782,48,478622
25025090600,3,2,0,2,2,2,4,0,75.800003,17.397474,1.8492834,5.0198221,15.891526,4293.1035,16.053511,278,484316
25025090700,18,12,6,2,3,4,7,0,84.800003,16.205498,10.067114,5.0063148,11.364483,9041.0625,5.1521297,472,481520
25025090901,4,2,2,0,2,3,3,3,68.699997,16.414722,2.3523262,4.9299135,27.47995,14110.375,8.846858,7049,442591
25025091001,7,8,1,5,0,4,9,0,64.5,17.02663,3.5574529,4.948328,15.300332,5910.4805,2.5375454,2387,447008
25025091100,9,6,0,2,3,0,3,0,75.800003,13.555227,1.4456836,4.9679699,11.510191,1536.5853,9.0877914,85,452865
25025091200,5,7,4,1,5,2,1,1,72.199997,16.983488,2.0435967,4.9891891,10.169247,2864,8.4161701,228,474103
25025091300,6,3,0,0,2,1,1,0,74.400002,17.870718,2.6773762,5.002707,12.864673,3089.1089,17.952883,216,478036
25025091400,8,2,0,0,6,0,4,0,67.800003,16.302031,2.7309968,5.0045452,11.915054,4504,7.8814173,1847,475295
25025091500,4,6,0,1,0,2,7,0,68.400002,15.934518,2.4038462,4.9907432,17.780203,961.53845,15.446531,80,469074
25025091600,5,6,0,1,6,5,2,0,72.699997,15.396821,2.1013922,4.9524856,28.907612,3702.4792,8.2158184,380,442811
25025091700,3,5,0,1,4,2,4,0,67,13.776608,2.1021021,4.930542,30.761465,366.07141,15.43168,33,435105
25025091800,5,1,0,1,2,0,1,0,70.400002,15.900358,2.9052876,4.967802,26.67746,2425.1497,21.961048,365,447274
25025091900,2,0,0,0,6,2,3,2,61.200001,15.150331,1.9502682,4.9064484,24.52388,424.73117,18.21771,313,432164
25025092000,5,4,1,3,9,3,7,0,72.099998,15.1829,2.4463681,4.8786774,26.386745,910.05292,17.318201,148,427339
25025092101,19,16,2,0,4,13,9,1,74.400002,17.20842,3.5466233,4.8220644,13.810512,5525.0498,10.754967,1354,421321
25025092200,11,12,1,0,9,0,10,0,65.199997,16.956577,4.1522491,4.8347402,23.521326,2169.6428,19.299324,215,411501
25025092300,4,0,0,1,2,2,2,0,64.099998,16.075445,2.2102937,4.8495684,14.725351,1507.5758,22.054974,173,400829
25025092400,6,12,0,0,10,1,5,0,69.099998,14.685743,1.6934801,4.8834319,10.581445,882.09607,20.477327,248,429900
25025100100,5,4,0,5,12,4,4,0,58.799999,15.332322,2.4236549,4.8067017,13.425616,1455,26.669127,557,320918
25025100200,6,2,0,2,7,0,3,0,66.400002,15.022388,1.8656716,4.7407665,16.562757,696.29626,30.298147,30,312717
25025100300,6,2,0,1,6,0,5,1,63.900002,14.937489,4.1597338,4.7140098,15.136784,500,31.215048,87,314625
25025100400,5,1,0,4,5,0,4,0,67.900002,14.490477,4.3318172,4.6801238,13.9783,1785.124,32.070709,349,311844
25025100500,12,4,3,6,13,5,7,0,64.300003,16.912239,4.7602257,4.7671762,20.930651,1783.1326,22.232143,471,325171
25025100601,4,4,0,2,3,3,4,1,73.599998,14.925404,1.8167138,4.7630076,12.906541,1352.1127,20.417288,247,367568
25025100603,2,4,0,1,0,3,3,0,50.099998,18.179361,3.954523,4.7266722,6.9827495,6473.6841,9.7332373,1232,353101
25025100700,12,6,6,5,4,8,4,1,58.5,16.817413,5.5071134,4.6962276,7.6175089,1935.4839,8.434783,224,307299
25025100800,6,4,6,4,7,35,8,0,41.799999,15.176307,6.0596879,4.6871467,11.848419,2105.572,16.941111,1611,206171
25025100900,4,6,0,1,3,5,4,0,57.599998,15.636734,8.1452176,4.6259861,10.168567,1533.8754,13.169846,315,160122
25025101001,7,2,2,1,10,2,6,0,50.900002,14.274075,3.530005,4.5489759,28.0334,858,23.951694,398,134993
25025101002,13,4,1,1,12,3,7,0,58.5,16.039589,3.3564086,4.6379628,15.371586,837.77777,30.116112,191,158081
25025101101,5,3,0,2,4,0,0,1,68.199997,12.728821,1.175779,4.7133822,17.522902,619.04761,28.431936,56,214935
25025101102,9,10,0,2,10,0,8,1,68.300003,15.349857,2.0746888,4.6736321,17.871262,1004.6083,27.998135,78,195263
25025110103,6,15,1,4,5,5,15,0,63.799999,16.255592,3.7313433,4.7756891,3.2830317,3238.2271,19.159159,760,346467
25025110201,3,4,0,0,1,0,3,1,63.5,17.667,5.6338028,4.6055765,6.63309,858.20892,17.58794,67,157042
25025110301,13,6,0,2,1,3,6,0,60.700001,16.120499,4.3290043,4.7231913,6.2489438,1765.8228,11.288181,56,217040
25025110401,8,8,0,3,3,6,3,0,59.099998,13.158727,2.1668472,4.6753988,3.8771961,722.77228,10.726995,150,191638
25025110403,7,0,0,0,2,1,0,0,59.599998,13.299261,3.399915,4.5317855,5.0808268,208.79121,13.360161,73,144858
25025110501,2,2,0,1,0,2,2,0,66.800003,15.538597,1.3650014,4.5562253,3.3873746,480,11.625514,156,141097
25025110502,19,21,2,9,8,7,10,1,71,17.824146,6.2322946,4.5589066,3.7257607,2352.2727,12.950937,252,137903
25025110601,1,0,1,1,3,3,1,0,36.900002,12.469231,7.2385089,4.6606593,4.3806024,701.65747,9.612278,431,213140
25025110607,6,11,1,3,6,14,1,0,60.5,15.144718,5.8590059,4.6307082,3.5524554,5201.3276,14.68508,1967,187153
25025120103,3,4,0,1,1,5,0,0,55.900002,17.167,1.8903592,4.9578261,9.6838655,2669.1174,6.1440678,156,469070
25025120104,5,4,0,1,0,5,0,0,59.400002,13.331757,4.054739,4.918767,6.7798958,1991.0714,7.3668852,194,468598
25025120105,7,0,0,1,5,8,0,0,33.5,12.396621,2.6098304,4.9156637,7.5719838,2480.2817,6.6777968,2044,390469
25025120201,4,12,0,2,3,1,2,0,68.199997,17.458408,2.6062028,4.9346886,13.873133,2755.3958,10.792952,584,469405
25025120301,15,7,0,1,7,5,13,0,63.900002,15.331975,2.0060181,4.9613347,14.415703,3960.9373,8.1612263,719,478842
25025120400,26,20,7,12,12,28,8,2,55.700001,17.034389,2.173913,4.9615035,11.06647,3772.0208,9.497057,1165,482907
25025120500,9,8,1,2,1,4,14,0,74.099998,16.968548,1.3066202,5.0200915,7.8975024,1686.7471,9.2979126,70,496362
25025120600,8,8,1,2,1,4,2,1,64,14.164066,1.2360939,4.985445,9.409811,1950,9.1448936,247,481256
25025120700,4,3,1,0,0,10,4,0,70.699997,15.005483,6.5512401,5.0241985,8.7280674,31417.391,4.3956046,3826,494047
25025130100,9,2,2,2,3,10,3,1,28.1,14.021592,7.4125151,4.4880252,4.6988869,385.80798,13.720791,626,119230
25025130200,11,14,7,3,5,21,6,1,63,16.464123,5.7518488,4.4991307,4.7187982,1992.3372,11.075152,340,134232
25025130300,11,10,2,4,11,15,3,0,56.200001,16.899612,5.6433409,4.4310226,3.6178105,1165.1707,13.349814,151,129501
25025130402,15,17,3,4,4,24,10,0,58.299999,15.578311,8.0469769,4.0600219,2.2017908,2463.0542,9.9295769,410,66158
25025130404,3,2,0,0,2,2,5,0,32.299999,12.998967,8.0482897,4.1252351,2.0136716,670.43616,18.054672,330,70343
25025130406,6,3,0,1,3,2,0,0,56.900002,11.88417,2.9486927,3.9667749,3.8847578,666.66669,15.912357,231,59452
25025140102,6,2,0,7,9,2,5,0,55.099998,15.547153,10,3.7212188,17.803457,1496.8867,15.627377,610,49924
25025140105,10,3,0,0,3,1,2,0,55.900002,13.44399,4.1528239,4.3662782,15.723866,666.66669,13.475797,32,114045
25025140106,1,2,0,0,1,0,2,0,62.200001,13.536428,1.4844137,4.501636,1.9171779,1629.6296,25.281473,93,117125
25025140107,3,0,0,0,3,1,0,0,56.099998,14.880434,6.6176471,4.0899267,23.171497,351.23969,13.931682,70,61818
25025140201,8,1,1,0,1,2,3,0,57.900002,16.417389,4.9239033,3.5867121,20.315668,2157.8948,22.673199,164,45140
25025140202,3,6,0,1,0,4,4,0,51.900002,14.445149,4.572175,3.9513841,23.204119,471.38049,23.958651,252,48159
25025140300,15,16,10,6,13,17,15,1,63.299999,16.60162,4.8567266,4.2645192,36.768005,2266.3315,19.471533,694,64428
25025140400,8,4,1,7,10,1,5,0,60.5,13.824019,2.7754314,4.4764051,30.382299,768.27582,23.192394,153,135750
25025980300,1,0,0,2,0,1,0,0,21.6,11.5,41.284404,4.9272537,7.1684589,1923.9402,22.950819,316,446025
25025981100,0,0,0,0,4,1,0,0,22.4,12.696178,17.191977,4.7815971,11.496369,241.41222,16.32653,210,238411
25025981300,4,7,0,0,1,1,4,0,76.099998,13,71.759259,4.8229661,15.758574,4260.5864,6.3091478,2215,402430
27053000101,1,1,0,0,2,1,1,0,52.900002,14.428169,8.0598733,3.7895322,23.106558,938.06458,8.1267214,74,75833
27053000102,3,6,0,0,9,0,2,0,49,14.544494,10.533393,3.8196571,23.956797,717.77777,3.5571365,443,177004
27053000300,4,1,0,1,4,2,0,0,43.099998,13.056369,6.1331776,4.0016026,18.306324,368.95673,8.7560062,88,180890
27053000601,8,4,0,0,3,1,0,0,44.299999,14.044265,5.4932479,4.1271172,8.6020679,724.84601,4.4086771,889,226631
27053000603,4,0,0,1,2,1,1,0,42.900002,12.828424,7.1969697,4.1507778,8.9331074,185.62875,6.3052444,55,220568
27053001100,5,3,0,0,7,1,2,0,51.099998,13.671667,5.0398992,4.2533722,14.365056,228,4.2060084,43,236597
27053001700,4,5,1,1,2,2,0,0,53.400002,17.650398,5.1948052,4.2940087,24.583666,3103.3435,3.0612245,279,239155
27053002200,2,0,0,1,6,0,0,0,54.799999,15.977684,9.7455333,4.2492924,30.633207,1811.4286,1.4056225,58,230854
27053002400,4,5,0,1,4,2,2,1,55.200001,16.469889,4.5929019,4.278182,24.251932,3488.1357,2.271163,678,239687
27053002700,2,1,0,2,1,0,2,0,48.599998,11.171069,4.4215181,4.2679157,28.677715,154.7619,2.9803922,23,235580
27053003200,2,1,0,0,5,0,0,0,37,11.968706,4.3956044,4.2685332,47.347477,59.055115,7.283237,5,238484
27053003300,3,0,0,2,5,0,0,0,45.900002,12.530353,3.5360679,4.2829804,57.258133,460.58093,7.0114942,185,241797
27053003800,4,1,0,8,8,1,4,0,60.900002,14.496024,3.6207287,4.3458977,14.118464,3067.4846,2.164618,165,241182
27053005901,0,1,0,0,5,4,3,0,70.199997,17.380283,3.3282905,4.4095922,32.535046,15075.581,5.1876383,2432,228245
27053005902,1,4,0,0,12,1,5,0,64.699997,15.524266,5.5248619,4.4388728,31.409908,3994.4753,6.9131837,562,228736
27053006800,9,6,1,1,0,6,7,0,59.5,15.366481,4.54316,4.4017959,38.685844,5691.8916,4.5127535,395,247321
27053007700,37,30,0,4,6,6,8,1,77.800003,15.891599,7.0921986,4.4389958,33.490238,7133.0796,4.103755,507,249814
27053007801,4,10,0,0,5,3,8,0,65.199997,16.825485,5.5762082,4.4720392,32.242035,4362.7451,10.548523,211,230666
27053008100,16,14,2,0,4,14,2,0,57.599998,14.775507,4.2815092,4.464098,28.671804,3893.0042,3.2449543,422,244597
27053008200,16,8,0,2,5,6,4,0,63.5,14.169892,4.5229378,4.4689369,29.797056,2753.0864,8.1125154,330,241420
27053008300,7,5,2,1,6,2,7,0,67.400002,16.309647,7.7071291,4.5190673,27.784174,1543.9561,5.6508579,328,233412
27053008400,16,14,0,3,10,2,5,0,59.5,15.992685,3.7965072,4.5267134,27.562441,1372.2222,7.5418992,105,226969
27053008500,19,18,2,2,9,3,12,0,44.5,14.864071,4.5045045,4.4939065,25.174093,1415.5125,4.4444447,401,235590
27053009500,3,1,0,1,6,0,4,0,51.700001,12.719579,4.8076923,4.5107145,24.650322,540.32257,2.2606382,254,239333
27053009600,9,3,0,2,9,2,3,0,46.099998,13.974936,3.6806342,4.4899249,24.167089,1099.0712,4.0398741,432,236672
27053010600,9,0,0,0,3,5,0,0,32.700001,14.374479,5.6761269,4.3642631,13.975155,780.61224,3.0075188,118,212112
27053010700,5,1,0,4,2,3,2,0,31.700001,15.183496,5.9473237,4.4032869,13.299486,753.70917,2.1209741,258,230286
27053011000,6,5,1,1,7,5,5,0,38.099998,14.757894,9.6748186,4.4229259,16.552929,650.70923,6.144465,290,218072
27053011703,11,7,0,3,7,8,1,0,31.1,14.541602,7.330637,4.3677435,15.153366,574.62683,1.1294526,345,215186
27053011704,5,3,0,0,1,2,2,0,35.200001,14.3526,8.4515545,4.2151055,15.525882,439.93506,3.8441002,38,103820
27053011800,7,3,0,0,2,2,1,1,27.6,13.639107,6.0479181,4.2618136,17.41712,283.16611,1.3683432,171,211800
27053011998,11,2,4,1,3,6,2,0,42.5,13.180782,3.7383178,4.1315322,17.931482,355.99283,5.224525,96,123263
27053012001,5,3,1,1,2,2,4,0,43.299999,13.843137,9.7736626,4.0637188,14.936152,420.40814,2.1366138,239,103540
27053012003,14,6,1,1,5,5,3,0,48.400002,13.552317,8.2599119,4.1351533,18.377228,2490.6079,0.67873305,357,107557
27053012101,1,3,0,0,1,2,2,0,31.700001,12.764127,8.5287846,4.1636019,18.027655,2870.3071,3.7014923,114,99479
27053012102,5,0,0,4,4,0,1,0,54.099998,11.741636,9.2329545,4.0567946,18.687567,151.51515,1.7878426,215,81946
27053100200,4,2,0,2,1,5,0,0,42.5,16.595568,7.9779073,3.9425282,20.210304,673.98645,2.9201818,379,164342
27053100400,3,0,1,2,8,1,2,0,41.799999,14.937995,8.3628176,4.0271835,27.555929,858.14606,9.1999998,118,201549
27053100500,10,1,0,1,3,3,1,0,56.799999,14.998509,16.251905,4.1658349,23.103832,1795.3767,2.8466485,372,213601
27053100700,4,0,0,0,4,1,0,0,41.900002,12.84139,8.5959885,4.0829167,28.87569,434.31635,3.6101084,130,198262
27053100800,0,2,0,1,3,0,1,0,41.099998,13.263456,2.921414,4.1585226,30.48704,224.34367,6.9152131,14,233772
27053100900,6,2,0,1,10,2,2,0,53.299999,13.782053,8.0422794,4.1797037,35.055588,733.14203,16.476732,213,228528
27053101200,15,5,1,2,5,9,5,0,46.599998,14.659789,7.89177,4.2870026,14.821321,793.65082,2.7047331,382,240022
27053101300,2,1,0,2,5,0,0,0,51.299999,15.528158,9.3922652,4.1943417,28.745703,2486.0334,11.888112,21,232701
27053101600,7,5,0,0,6,0,6,0,59.200001,13.262911,9.4637224,4.2315412,37.2449,1857.7681,27.023809,199,245098
27053101800,6,3,0,0,3,0,3,0,59.700001,16.428165,8.0555556,4.277801,16.820517,1559.2106,5.5324459,601,242430
27053101900,7,11,2,3,5,5,6,1,58.700001,16.12064,4.4338336,4.3195233,16.533333,1120.4819,6.5815983,149,242665
27053102000,3,1,0,1,6,0,1,0,35.700001,13.182805,5.4240631,4.2225246,24.891054,126.54321,10.356255,20,234062
27053102100,2,3,0,1,9,1,2,0,50.5,14.114808,5.4421769,4.2260652,28.782307,1334.5323,7.8125,402,235053
27053102300,6,4,0,1,3,1,3,1,68.800003,15.715099,13.26053,4.2634821,29.614305,3632.1626,0,480,248061
27053102500,11,6,0,0,9,5,6,0,67.199997,15.477702,5.1688491,4.2652731,24.920849,2617.4863,2.60181,819,234495
27053102600,12,7,4,0,3,1,4,2,51.799999,14.38214,12.572027,4.3254561,19.065901,1783.8405,3.7098103,484,240815
27053102800,3,3,0,2,8,1,2,0,47.299999,16.272266,9.6719933,4.2689567,35.58567,2045.1808,9.4227505,503,235995
27053102900,5,3,3,0,11,4,4,1,55.200001,17.167,19.451813,4.2801323,33.033043,3784.7532,1.0141988,438,234307
27053103000,0,2,2,1,7,4,2,0,52.5,17.563263,5.6689342,4.2819519,26.814371,5917.4312,2.254283,1557,239383
27053103100,2,6,0,0,0,2,1,0,59.5,16,4.5475216,4.3046613,23.465626,10198.02,8.0431175,2142,232975
27053103400,11,2,0,2,6,1,3,0,66.300003,15.744001,5.8117009,4.3104825,52.22802,5225.8062,8.4577112,2286,234899
27053103600,16,16,4,5,9,13,5,3,57.200001,18.013792,11.235955,4.3213429,18.206362,6980.1328,0.75700229,1701,237631
27053103700,10,9,2,2,3,7,1,0,61,17.17581,6.5167807,4.3135538,14.350453,8629.7461,3.6016948,959,237224
27053103900,9,18,3,0,6,2,3,0,65.5,17.25,2.7442371,4.4042773,11.799848,14086.538,1.6360933,183,241225
27053104000,37,13,3,3,6,6,8,0,72.900002,14.236364,15.469936,4.4246321,19.126068,7892.562,2.8939633,6848,238389
27053104100,5,4,0,0,8,0,2,0,50.200001,16.941401,10.585511,4.326273,48.198906,2084.3806,2.7217741,685,237717
27053104400,54,50,28,20,10,75,22,2,80.5,17.810255,34.934498,4.3795729,35.316566,128400,1.750199,30924,245193
27053104800,8,17,2,1,3,31,10,0,53.599998,16.51515,3.0332276,4.3829956,11.298117,14655.893,8.5673351,9343,232766
27053104900,8,26,5,23,14,40,2,12,59.200001,18.041973,4.3491154,4.4736428,14.126765,28969.107,3.4855504,25376,233923
27053105100,15,3,1,1,3,8,4,0,31.200001,14.31839,14.35235,4.3674731,25.605232,491.98315,4.4213266,1815,239100
27053105201,4,7,0,1,5,2,3,2,61.200001,17.331165,4.9140049,4.3943038,38.795818,9371.585,0.66006601,1086,244948
27053105204,11,13,1,1,5,22,4,0,80.5,19.054737,12.477718,4.3924074,42.671394,15349.693,3.8847957,1661,247676
27053105400,3,4,3,4,9,32,1,1,79.599998,14.941294,7.7821012,4.4095845,33.672771,44509.434,4.5057473,9579,225910
27053105500,5,1,1,5,4,15,2,0,47.099998,15.56919,6.4777328,4.4112468,32.87402,2719.9312,1.0682005,962,235008
27053105600,6,5,0,2,25,11,4,0,64.699997,14.422607,2.3166023,4.3955951,41.528034,5043.478,2.9808598,770,246990
27053105700,3,6,0,1,3,3,6,0,69.900002,12.657727,2.752925,4.4056101,41.218658,1603.7736,11.289487,289,249891
27053106000,5,1,1,0,7,5,10,2,64.099998,14.840375,5.6161216,4.4662604,22.447351,6820.2251,3.7066882,1276,234978
27053106200,5,7,2,2,4,2,8,0,64.900002,16.682058,6.317452,4.4226475,13.212991,5061.5386,4.1994753,728,235601
27053106400,0,1,0,1,2,2,2,0,38.799999,14.172934,4.7562426,4.4392605,23.81296,1956.3107,2.0833335,150,232643
27053106500,10,8,0,7,2,23,1,1,17.1,16.246229,11.943041,4.4353089,31.19685,1156.4625,0.68597561,920,230043
27053106600,6,4,0,2,3,16,1,0,42.099998,16.667263,1.9904459,4.4534311,33.876308,3004.2554,2.5660377,208,235175
27053106700,28,19,3,5,3,7,5,0,63,17.10815,3.9091586,4.43717,34.879425,4571.4287,4.9579048,777,239165
27053106900,7,14,1,3,3,5,8,0,59,17.131182,6.5789474,4.432631,36.726524,11585.858,2.9955385,2467,246125
27053107000,13,10,0,1,2,0,7,0,60,13.908073,1.32714,4.4141288,39.887417,2837.8379,5.7232456,244,248796
27053107400,13,6,4,1,5,4,3,0,61.299999,17.350908,12.062726,4.4471202,34.2952,5253.0864,3.6919832,983,231018
27053107500,6,7,0,4,2,4,2,0,55.799999,16.659149,12.748598,4.449048,26.439877,6120.8979,2.9903255,2207,221568
27053107600,12,6,0,3,8,6,3,0,33.200001,14.316142,2.9498525,4.4309587,31.139082,585.61646,2.977062,119,234950
27053108000,13,8,2,3,3,12,5,1,50.900002,14.992093,5.3667263,4.4807401,27.844875,5450.7578,3.4281261,551,232634
27053108600,9,6,1,0,3,0,7,0,50.900002,15.592039,5.7636888,4.4776921,22.909946,1517.3745,1.532802,276,230435
27053108700,4,3,0,1,2,2,0,0,51.799999,13.543415,6.9972619,4.439693,25.991964,1004.6511,3.5010941,415,230640
27053108800,11,7,0,2,5,2,7,0,59.400002,16.394516,5.6864338,4.4000549,32.943039,1952.4752,4.8975511,522,230242
27053108900,3,2,0,0,4,0,1,0,44.900002,14.09013,5.6374675,4.3856473,27.139513,387.62213,1.6279069,27,227388
27053109000,6,2,0,1,0,3,1,0,27.9,13.857899,7.6923077,4.3627739,13.429705,487.17947,1.0799136,119,231606
27053109100,8,15,1,5,6,25,9,3,16.299999,14.694059,6.4462466,4.4445481,19.644728,1906.1135,3.762712,965,242456
27053109200,8,1,0,1,5,2,3,0,53.599998,15.373496,3.801249,4.4382191,14.360146,5835.1064,2.7109752,887,226168
27053109300,9,8,0,1,0,6,5,0,54.799999,14.062018,6.7396799,4.4926028,24.568142,1210.8434,1.293422,175,230787
27053109400,0,2,0,0,1,1,1,1,59.400002,16.923267,6.1130922,4.5281267,25.144075,1462.4279,3.7900877,203,240810
27053109700,5,2,0,1,4,0,5,0,56,13.836726,6.9234098,4.4767585,23.427956,1336.6337,5.6618209,229,227230
27053109800,20,4,0,3,2,4,3,0,33.5,14.272554,4.1987404,4.4150834,18.679525,1037.5,0.8529855,548,206271
27053109900,12,5,0,1,6,3,4,0,18.9,15.215,9.8039216,4.467577,14.165649,411.82364,4.9393802,113,231157
27053110000,0,3,0,4,4,0,1,0,50.299999,14.141149,6.4252336,4.5026345,25.377625,62.5,8.3650188,10,242686
27053110100,5,1,0,0,5,1,2,0,50.400002,15.151678,10.486891,4.4405432,22.067068,1879.5182,4.9019608,46,224940
27053110200,8,1,0,1,2,2,2,0,50.299999,13.92828,7.5890251,4.39221,22.307014,613.53711,1.4031805,263,222354
27053110400,6,4,0,1,5,3,1,0,54.599998,14.543014,8.3536373,4.3090439,11.56905,2051.4138,1.0503041,286,226495
27053110500,10,1,0,2,3,5,4,0,37.200001,15.583227,9.6525097,4.2951479,11.594536,1223.077,3.0129671,1008,217269
27053110800,19,8,0,3,3,7,8,0,45.599998,14.767992,10.281014,4.4427156,14.085076,1408.8176,0.94108021,124,224903
27053110900,8,2,0,0,6,2,1,0,50.599998,14.54616,7.9477718,4.4582806,16.014002,543.82025,3.1626508,295,221107
27053111100,2,3,0,2,1,1,4,0,30.9,12.836127,11.44802,4.3550577,16.868656,260.07327,2.6984951,142,220895
27053111200,28,14,3,1,7,12,5,0,43.799999,15.537089,7.7155317,4.2328267,13.418449,1394.4955,0.54315025,156,153140
27053111300,18,6,0,2,5,8,3,0,32.900002,14.556594,7.7864294,4.2102542,12.213435,816.32654,2.4400504,198,141476
27053111400,5,4,0,2,3,2,3,0,32.599998,15.714066,7.3941866,4.2771316,15.71936,660.07196,0,95,154375
27053111500,16,7,0,9,10,19,1,1,36,15.313618,9.2556124,4.2792768,17.611059,1268.0288,2.617801,766,156551
27053111600,3,4,0,0,2,2,2,0,34.599998,13.98183,3.3516149,4.3715878,16.15522,480.76926,0.34944671,92,227718
27053125600,10,5,0,4,5,16,1,1,52.200001,16.565727,12.957317,4.4975848,16.556164,2572.0574,2.048131,2186,237002
27053125700,6,0,0,0,1,0,2,2,49.099998,13.568252,5.715841,4.1868219,31.542294,722.71387,6.7975836,209,233046
27053125800,12,8,0,4,7,80,8,1,61.599998,16.00355,5.9893523,4.4715996,26.368429,35064.691,4.6434498,13633,228132
27053125900,6,5,1,2,4,3,9,0,58.900002,14.808806,6.8511199,4.4440413,24.594917,1812.9677,14.943761,454,227067
27053126000,8,3,1,2,5,37,5,0,66.800003,15.55208,5.6067281,4.4909959,32.651894,17546.875,12.607161,7092,236389
27053126100,73,90,39,33,4,43,20,7,73,18.850599,25.659429,4.353508,16.398462,112144.75,3.0939226,61666,235212
27053126200,37,15,5,7,5,10,7,1,79.599998,17.162237,15.209125,4.350708,34.942028,12387.879,2.0554984,8380,243795
36005000200,4,1,1,0,6,1,4,0,21.1,6.7118602,0,3.2772706,43.117229,295.45456,26.286966,28,239711
36005000400,2,2,0,2,8,3,9,0,26.700001,6.7786694,0,3.1864607,29.369196,613.63635,41.323792,173,199928
36005001600,5,2,1,2,1,7,3,0,67.199997,13.832284,0,3.4320991,42.252247,2609.6255,26.177492,1030,217262
36005001900,19,11,1,1,3,4,13,0,49.700001,15.036232,0,3.8473685,29.709057,7392.126,29.445351,440,845282
36005002000,4,8,0,1,6,5,9,1,64.300003,5.9577875,0,3.4243436,44.680851,738.56213,28.322718,157,247662
36005002300,1,4,0,0,2,1,1,0,70,8.8640518,0,3.9318256,19.89377,1025,32.324059,70,997701
36005002500,11,10,0,2,2,11,14,0,80,12.117588,0,3.9178574,15.094297,3755.1021,30.071259,440,906469
36005002701,6,2,0,0,3,1,5,0,70.900002,11.970174,0,3.8844311,31.944445,1812.4999,30.338266,109,887295
36005002702,4,8,0,0,5,4,17,0,92,13.882731,0,3.8377466,35.525101,7442.623,32.03125,306,845832
36005002800,5,3,1,3,6,1,8,0,76,6.8464632,0,3.5075972,46.652706,1950.3105,41.24641,534,280028
36005003100,2,3,0,0,2,1,11,0,87.5,17,0,3.6760895,29.299362,5750,21.098627,257,538911
36005003300,1,2,0,1,3,0,5,0,85,11.990339,0,3.8429582,36.784729,4086.207,33.73494,141,708209
36005003500,7,10,0,0,4,0,11,0,84.5,13.633733,0,3.7076235,30.052063,5490.9092,35.949368,105,574716
36005003700,0,0,0,0,0,0,1,0,41.5,11.167,0,3.7376697,37.795277,276.9231,30.357143,22,646706
36005003800,1,0,0,0,0,0,2,0,75.400002,12,0,3.4531188,44.680851,333.33334,22.93578,3,226770
36005003900,14,9,0,1,7,4,16,1,80.900002,13.915356,0,3.8960087,16.755169,6927.7109,25.641966,1672,884400
36005004001,2,0,0,1,0,1,2,0,77.199997,11.5,0,3.4339871,26.923077,687.5,36.328873,313,211236
36005004100,5,3,0,0,10,1,7,0,76.599998,9.5774069,0,3.8668234,28.69973,6901.4082,27.105576,887,819982
36005004200,16,3,0,3,1,3,5,0,78,9.8752422,0.14810427,3.4591641,38.474068,11860.962,43.054844,553,219616
36005004300,17,13,0,3,4,8,13,0,87.099998,13.730666,0,3.7952063,29.032259,9229.8857,24.478889,2507,649602
36005004400,2,1,0,1,3,1,2,0,64.400002,10.708923,0.20942408,3.4427421,38.701191,9176.4707,38.484848,374,219424
36005004600,0,3,0,0,1,0,4,0,66.900002,14.667,0,3.4846153,44.680851,3576.9231,42.520775,859,263520
36005004800,9,4,2,0,2,0,8,0,74.5,11.867165,0,3.5032837,27.419355,2210.5264,37.624283,201,261539
36005005001,2,2,0,0,3,0,12,0,83.300003,8.8929081,0,3.5263605,31.937298,1105.2632,48.501198,28,270870
36005005002,22,10,1,0,2,9,13,0,91.400002,11.779737,0,3.5226817,32.856293,5113.6362,48.614719,61,269335
36005005100,11,7,1,1,4,4,5,0,82.300003,13.354654,0,3.849885,34.968586,14846.562,16.685585,559,881232
36005005200,2,2,0,0,0,0,5,0,84.099998,10.979968,0,3.5199809,66.223343,6957.1431,31.923077,214,276411
36005005300,3,0,0,1,0,0,2,0,75.699997,9.351037,0,3.6635616,14.423587,2769.2307,46.203907,113,262613
36005005400,5,1,0,1,0,4,5,0,88.900002,12.747702,0,3.4706726,45.285725,2610.3896,40.268456,393,265652
36005005600,0,6,0,1,3,2,7,0,77.699997,10.06741,0,3.4657359,25.099886,679.2453,36.194031,435,263298
36005005902,2,4,0,1,2,10,4,0,87,14.994563,0.38461538,3.7350066,22.744734,6629.6294,35.868626,166,447399
36005006000,1,0,0,0,2,0,3,0,75.300003,12.667,0,3.4339874,16.749472,2333.3333,23.542601,231,242720
36005006100,9,8,0,1,1,7,7,1,84.5,10.297773,0,3.713572,21.854305,23851.064,14.581893,1096,482855
36005006200,3,2,0,0,6,2,6,1,70,10.308998,0,3.4502614,27.433292,1853.3333,34.266956,46,251464
36005006300,22,14,2,3,5,4,18,1,77.800003,13.457481,0.36717459,3.7571647,25.068911,8806.0449,24.729521,1300,485219
36005006400,0,2,0,1,2,1,1,0,78.800003,10.04116,0,3.4339871,37.010845,682.53967,40.528233,28,239314
36005006500,24,17,6,0,8,27,21,0,85.099998,14.373798,0,3.7830694,24.657568,55722.77,17.593985,9181,645863
36005006700,8,16,2,0,8,1,25,0,79.400002,10.384964,0,3.7309008,21.322918,5939.0244,29.180803,508,490436
36005006800,0,0,0,1,3,0,4,0,79.199997,11.967471,0,3.4339871,42.961983,2500,30.909092,76,254395
36005006900,3,6,0,1,5,1,14,0,76.900002,10.700541,0,3.7176843,21.854305,1684.9315,21.569965,173,391509
36005007000,7,16,0,0,2,3,12,0,81.199997,11.860961,0,3.4339871,32.190292,1481.0126,46.617725,50,214643
36005007100,42,4,0,3,2,7,11,0,78,15.724674,0,3.7029901,24.904507,11509.804,28.678305,692,451890
36005007200,5,7,1,0,5,12,17,0,84.199997,11.689909,0,3.4339871,26.70648,2536.5852,35.090088,70,209227
36005007300,2,0,0,1,2,4,10,0,77.300003,14.876686,0,3.7272084,30.399435,2851.8518,30.176991,90,485025
36005007400,1,2,0,1,0,1,1,0,80.300003,7.4847126,0,3.3630171,25.3125,388.88892,44.738724,165,208537
36005007500,7,2,0,0,4,0,5,0,73.699997,11.085054,0,3.6864636,23.927734,4318.1816,28.480703,435,396232
36005007600,9,7,0,1,8,0,8,0,86.5,12.232373,0,3.4339871,33.924896,2726.1904,39.308643,281,212935
36005007700,0,3,0,1,5,0,4,1,84.199997,15.833,0,3.6716015,41.353382,13568.182,31.462332,637,371621
36005007800,8,4,0,3,5,0,14,0,83.400002,11.426455,0.14330754,3.4275076,26.720728,1109.2437,34.815372,272,202486
36005007900,6,6,0,0,4,1,11,0,77.5,11.660091,0,3.7127697,27.807653,2789.4739,24.43281,433,396417
36005008300,8,9,0,1,8,2,18,0,90.199997,11.878187,0,3.687793,36.885586,6108.4341,33.495148,508,402951
36005008400,0,2,0,0,5,0,4,0,76.599998,6.5716391,0,3.1713903,25.571032,573.77051,38.848923,24,197626
36005008500,4,8,0,1,5,4,11,0,88.400002,14.054234,0,3.6727953,41.353382,5200,27.337488,338,370644
36005008600,0,0,0,1,3,1,0,0,66.199997,7.4498386,0,3.2723615,25.495405,125.00001,50.857143,3,203901
36005008700,5,5,0,0,3,6,15,0,81.400002,13.177617,0,3.605814,41.388107,8085.3657,41.170685,552,350909
36005008900,5,8,0,0,5,2,6,1,88.599998,14.644196,0,3.5977783,41.506874,8380.9521,31.739962,1036,328242
36005009000,8,11,0,5,2,3,14,0,35.900002,9.7394218,0.79512324,3.2295268,25.976715,7248,52.44519,1010,172375
36005009200,24,20,4,1,9,9,22,1,86.5,14.442087,0,3.4525838,26.057129,7075.6299,48.117004,525,196755
36005009300,19,19,4,2,8,2,45,0,52.200001,14.695293,0,3.5801241,80.853142,12153.153,44.725956,1775,363319
36005009600,10,5,0,3,3,14,12,0,82.699997,15.920601,0,3.3982842,23.909319,17414.814,40.673889,4256,172362
36005009800,6,2,1,5,7,3,7,1,81,12.010482,0.20942408,3.407604,26.82494,2326.6331,40.558025,34,201189
36005011000,0,0,0,0,1,0,0,0,19.700001,12.667,0,2.5031016,25.239689,136.42052,35.714287,210,158437
36005011502,3,4,0,1,5,1,15,0,88.300003,12.830853,0,3.4973357,83.418808,5803.0303,33.705357,328,298670
36005011700,4,4,2,0,0,1,30,0,67,11.997146,0,3.5293789,82.153969,7739.1309,42.885773,421,295352
36005011800,3,3,0,6,4,2,3,1,28.9,14.790327,0.58479532,1.6847874,25.724264,1035.8851,27.430555,433,105703
36005011900,27,3,2,1,4,8,9,0,85.300003,13.480041,0,3.5755951,42.273155,14296.874,42.622051,445,300767
36005012101,5,0,0,0,2,0,6,0,90.900002,12.544379,0,3.5805907,41.599998,2666.6665,38.52174,68,290261
36005012102,3,3,0,0,0,0,8,0,88.099998,14,0,3.5626092,46.074387,4000,34.623657,18,290585
36005012300,4,3,0,0,11,0,13,0,81.5,12.832843,0,3.5769839,44.782963,2633.9285,37.517338,128,286230
36005012500,3,4,0,0,14,2,9,0,83,14.447321,0,3.6334982,39.652115,3476.9231,26.253689,131,294955
36005012701,2,0,0,0,0,3,3,0,88.599998,15.423674,0,3.6038342,41.599998,19285.715,32.727272,733,302041
36005012901,4,12,1,0,9,7,15,0,82.400002,14.914868,0,3.6152356,41.395294,6966.667,46.269981,711,323081
36005013000,2,4,1,0,0,1,1,0,82.699997,13.333,0.98328417,2.1087692,25.382637,822.22217,28.926701,108,116695
36005013100,2,2,0,0,13,0,6,0,86.099998,12.828999,0,3.6208158,46.832722,3677.7776,42.624672,456,305354
36005013200,3,6,0,1,5,2,4,0,29,14.513173,0.43327556,2.2024939,25.346189,1815.4507,36.887115,136,132485
36005013300,0,1,0,0,1,0,3,0,70,9.8862762,0,3.6419039,38.108418,3629.0322,30.18066,336,349478
36005013500,2,0,2,0,10,1,3,0,69,10.368757,0,3.6310818,18.699186,661.53851,35.631229,409,315315
36005013800,2,1,0,1,2,0,2,0,70.300003,13.357002,1.251173,2.0513666,25.513483,412.96927,21.006777,67,111588
36005014100,5,6,0,0,4,1,9,0,80.300003,13.069356,0,3.6922283,23.587246,5558.8232,33.229122,1230,368185
36005014300,0,1,0,0,1,0,2,0,86.199997,15,1.2004802,3.6581278,25.575434,2200,24.808186,25,323506
36005014400,3,3,0,1,1,0,1,0,63.900002,10.921346,0.37188546,2.5959446,25.23604,630.87244,46.454765,39,131158
36005014500,7,9,0,1,8,1,12,0,79.699997,9.5027571,0,3.6208179,21.962496,12757.143,42.324371,1015,297921
36005014701,0,0,0,2,1,0,5,0,66.300003,2.7579787,0,3.6109178,21.680901,3333.3333,32.372879,469,297472
36005014702,3,2,0,0,3,1,4,0,64.300003,5.0565853,0,3.5730863,21.84874,1977.7777,32.669788,128,284153
36005014900,1,6,0,0,9,5,11,1,80.800003,11.977994,0,3.6180682,21.641722,27333.334,34.637962,1905,295513
36005015100,2,8,0,1,9,3,16,0,80.599998,11.769306,0,3.6291337,22.163134,2839.5061,44.733925,187,293248
36005015200,8,6,2,1,2,16,7,1,81.099998,14.950564,1.5631106,3.002049,25.308069,3769.2307,22.230539,336,150891
36005015300,0,1,0,3,6,0,7,0,77.599998,12.102262,0,3.5900009,19.822384,1488.8888,42.139595,276,280459
36005015500,2,2,1,0,3,3,9,0,81.400002,11.122164,0,3.510319,17.073172,11869.565,44.391972,628,270221
36005015700,2,2,0,1,6,1,8,0,75.900002,13.589459,0,3.4876912,22.57724,3411.2903,36.470013,431,272745
36005015800,2,6,1,1,1,5,1,0,80.900002,17.667,0.78247261,2.6532891,24.99576,4523.8096,30.522087,448,129539
36005015900,27,7,1,0,1,0,9,0,85.300003,15.255901,0,3.5553482,41.599998,18275,22.403257,463,313775
36005016000,2,1,0,4,0,1,3,0,73.400002,13.224521,1.2345679,2.7933564,28.087257,534.03143,20.691578,17,134087
36005016100,12,7,0,2,2,3,16,0,83.300003,13.014035,0,3.4693949,14.405742,8935.4834,26.084185,338,266243
36005016200,4,4,3,1,1,9,5,0,81.099998,15.943238,0,2.9421935,25.059397,5342.8569,28.52194,302,146053
36005016400,6,5,0,0,2,8,4,0,78.900002,17.833,0.98522167,3.0486631,24.422913,6190.4761,31.95122,374,147745
36005016500,3,2,0,0,3,0,3,0,81.599998,14.167,0,3.5553482,22.394463,11602.74,33.134331,311,264649
36005016600,1,8,1,0,1,1,4,0,75.199997,14.244013,0.42158516,3.1834884,25.58045,3803.4189,32.553787,856,159834
36005016700,3,2,0,0,5,2,4,0,84.800003,14.836571,0,3.5553482,25.882353,7925,38.601826,803,270574
36005016900,2,3,0,1,5,2,4,0,80,11.833,0,3.5793526,24.421152,6555.5557,43.141155,312,279362
36005017300,5,10,0,2,10,6,11,1,83.599998,12.434587,0,3.696207,22.210884,3484.3748,36.354168,546,357630
36005017500,4,2,0,4,5,4,9,0,85.300003,10.470408,0,3.6418965,32.354927,2711.8645,26.926369,297,313431
36005017701,2,6,0,0,3,2,6,0,88.599998,12.039294,0,3.6199682,22.690857,14829.268,23.875256,555,298136
36005017702,8,1,0,1,6,4,19,0,77,8.9340925,0,3.599664,25.389479,4259.2593,27.308065,114,289148
36005017901,4,6,0,1,1,2,9,0,88.400002,13.726575,0,3.6109178,27.309916,2633.3335,22.831293,114,295363
36005017902,3,3,0,0,0,0,5,0,80.599998,13.192519,0.27307482,3.6109178,28,2966.6667,23.429016,76,289967
36005018101,4,8,0,1,4,4,6,0,87.699997,11.748255,0,3.6365926,34.467556,3966.6667,26.533867,33,315238
36005018102,6,5,0,1,1,1,16,0,92.300003,12.718336,0.18211619,3.6164887,35.164154,12486.486,21.567719,660,312474
36005018301,2,2,0,1,1,5,3,0,90.5,13.539479,0,3.6867473,24.568514,16115.385,26.113861,462,355799
36005018302,1,8,0,0,5,5,4,0,90,14.487316,0,3.6840982,22.562767,29116.277,27.147017,1510,356716
36005018400,4,5,0,0,1,13,11,0,80.599998,15.064804,0.25348542,3.2836664,29.78982,1912.7906,32.07127,158,151916
36005018500,11,7,0,3,22,3,10,0,82.099998,13.489686,0,3.6327567,24.796064,6018.8682,39.463223,953,319386
36005018900,5,6,0,0,3,2,13,1,74,11.984373,0,3.6755428,26.657507,1822.2222,23.847378,352,367199
36005019300,5,4,0,3,1,1,7,0,68.099998,9.745203,0,3.6044116,30.718649,3641.3044,39.218159,151,318380
36005019400,6,4,0,1,1,3,4,0,54.299999,14.333,0.47664442,3.3315523,21.528746,1062.1301,34.646461,837,163066
36005019500,9,4,1,2,4,6,12,0,81.699997,13.98374,0.13518994,3.6507602,34.913826,7552.9409,19.10643,376,351418
36005019700,16,9,1,1,2,15,20,0,87.300003,13.933105,0,3.6027098,33.270493,9578.9473,22.753092,781,305188
36005019900,4,4,0,4,2,0,22,1,84.599998,12.646351,0,3.5767336,35.75877,4594.2031,20.783783,373,309783
36005020000,22,13,3,1,3,79,17,2,87.599998,15.43972,0,3.3887222,24.440676,11977.777,50.581688,705,181185
36005020100,0,2,0,1,2,2,5,0,64.900002,12.141424,0,3.591264,29.213484,2690.9092,24.38879,445,286575
36005020200,3,3,0,2,3,0,4,0,79.400002,15.743723,0,3.4256577,21.359667,6812.5,36.302143,212,179641
36005020400,2,4,0,0,2,7,3,1,87.099998,11.298066,0,3.4657359,26.603474,2923.0769,28.175676,297,184962
36005020501,3,0,0,2,6,1,2,0,63.700001,8.3357496,0,3.6662142,22.746357,896.22644,31.661093,28,269213
36005020502,0,2,0,0,2,0,4,0,65.099998,10.495562,0,3.6635616,10.447762,1625,25.314465,179,260161
36005020601,5,2,1,0,3,5,6,0,85.300003,14.234718,0,3.4657359,23.029757,2431.0347,47.363873,37,187739
36005020900,4,2,0,0,6,3,2,0,86.099998,12.334895,0.25974026,3.6317492,29.213484,7980.3921,28.692616,527,270112
36005021001,3,2,0,3,4,2,6,0,55.700001,10.787894,0.22686025,3.4657359,25.865482,11270.271,41.580257,752,194836
36005021002,2,4,1,2,1,6,2,0,51.5,10.038941,0,3.4657359,26.127443,2417.9104,45.887447,46,193546
36005021100,9,9,0,2,5,6,13,0,82,12.847548,0,3.594882,29.213484,3186.4407,28.890017,112,289711
36005021200,14,2,1,1,1,6,1,0,52.599998,11.322506,0,3.4555943,26.373627,8641.0254,36.7374,83,201432
36005021301,1,4,0,0,5,2,4,0,86.300003,12.252707,0,3.6510959,29.213484,3576.9231,22.075056,52,270588
36005021302,5,1,0,1,3,0,1,0,75.900002,11.332883,0,3.6049552,29.213484,4125,27.89579,137,270157
36005021501,5,1,1,2,1,1,5,1,85,13.52635,0,3.6700153,17.630632,9914.2861,33.60553,217,259687
36005021502,0,2,0,1,2,4,6,0,88,13.071656,0,3.6713724,29.213484,5150,35.815899,347,254551
36005021601,4,5,0,2,1,3,12,0,82.400002,12.141971,0,3.4493699,26.070417,20158.73,31.614906,257,206505
36005021602,8,14,1,0,8,4,14,0,70,15.058057,0.16666667,3.4517243,26.211498,9718.75,46.402615,94,204112
36005021700,7,5,0,1,4,5,10,0,84.699997,13.316458,0,3.6536098,28.520683,6322.5806,31.178707,401,256807
36005021800,0,5,0,2,4,1,16,0,75.699997,12.540588,0.32221685,3.4339871,24.714731,11193.549,37.181301,1226,211949
36005021900,2,2,0,1,2,2,5,0,91.300003,18.833,0,3.6091418,31.134903,18290.91,21.161049,641,287316
36005022000,2,0,0,0,3,0,3,0,78.5,14.833,1.4124294,3.4378035,16.848877,1911.1111,30.835119,89,210405
36005022101,13,8,1,1,2,2,9,0,94.199997,14.574737,0,3.6039748,29.383574,8730.7695,28.315947,799,295891
36005022102,6,1,0,0,7,2,17,0,91.900002,13.234254,0.1874063,3.5922859,28.191032,7483.8711,23.100304,256,295517
36005022200,16,11,1,2,8,18,25,0,82,16.464277,0.34638033,3.4590654,26.351767,6651.1626,39.29385,770,199860
36005022300,12,6,1,0,1,4,14,0,90,12.777242,0,3.6068468,28.688828,8714.2861,34.880314,154,286143
36005022401,6,1,3,0,3,10,6,0,78.900002,13.082576,0.37174721,3.4965076,18.38711,7545.4546,33.546619,1107,191902
36005022403,12,2,1,0,0,4,1,0,58,13.53266,0,3.4965076,33.589848,6062.5,46.061413,69,190496
36005022404,19,13,1,2,0,7,17,0,86.5,12.239257,0,3.4965076,29.635771,6805.5557,40.33366,305,193004
36005022500,5,6,0,2,8,4,10,0,81.900002,12.146581,0,3.6086276,27.431286,1420.2899,19.622093,325,285876
36005022701,8,2,0,1,6,4,12,0,87,13.217637,0,3.6359444,25.436449,4444.4443,24.069578,187,262347
36005022702,2,1,0,1,0,6,7,0,83.300003,16.833,0,3.6376417,27.609819,5315.7896,21.339563,88,267052
36005022703,2,1,0,0,0,23,2,1,83.199997,13,0.58754407,3.6267445,25.423729,3749.9998,14.578313,48,267262
36005022800,4,2,0,3,1,16,4,1,76.099998,11.099733,0,3.4933393,33.582905,5727.2729,47.345131,395,190696
36005022901,2,1,0,0,7,12,4,0,81.400002,12.419558,0,3.6012685,23.739849,46739.129,24.101479,2189,260685
36005022902,1,3,0,0,5,1,9,0,80.900002,12.497565,0,3.5702305,25.727249,1722.2223,19.152157,24,265097
36005023000,6,2,0,0,2,1,5,0,78.699997,14.840144,0,3.4657359,20.925613,2000,42.692307,48,192213
36005023100,10,4,0,3,3,1,5,0,85.900002,17.667,0,3.583384,22.16292,12255.319,43.583534,508,251245
36005023200,3,1,1,1,4,3,8,0,83.400002,13.502862,0.37821483,3.4657359,23.197981,32236.363,32.444851,1744,196084
36005023301,6,2,0,1,8,1,10,0,89.099998,14.845709,0.21872266,3.6168756,21.657349,7652.1738,23.169956,447,254933
36005023302,1,1,0,1,3,3,3,0,85.599998,13.097201,0,3.5942664,21.879709,1040,25.48148,23,253185
36005023501,7,2,0,0,3,4,10,0,89.800003,14.496875,0.28571429,3.583519,18.116405,7884.6152,26.583269,356,247156
36005023502,6,6,0,1,5,4,10,0,87.199997,14.670039,0.4177982,3.583519,18.177166,10540.54,26.572668,276,250216
36005023600,8,3,0,2,7,4,9,0,83.300003,16.004709,0.47573739,3.4657359,17.517408,6194.4448,29.905437,179,203791
36005023702,25,2,2,0,1,9,6,0,89.5,17,0,3.5554261,13.151707,115833.34,17.647058,2722,232140
36005023703,26,4,4,0,4,3,21,0,90.199997,15.006216,0.23148148,3.5935693,13.368123,8179.4868,37.506184,250,237440
36005023704,2,7,0,1,2,2,15,0,88.800003,12.456356,0,3.6109178,17.640629,5500,35.865311,275,234087
36005023800,6,4,0,1,6,0,9,0,86.099998,13.74115,0.84068937,3.4657359,25.160191,16227.272,28.679245,2242,195289
36005023900,21,12,0,2,6,8,26,0,87.5,14.237401,0,3.6064305,13.19595,7279.4111,26.780521,425,231258
36005024000,3,4,0,0,6,0,5,0,77.800003,11.85287,0,3.4549282,17.253157,739.13043,36.488811,9,210706
36005024100,18,9,4,1,5,1,22,0,87.699997,13.656687,0,3.6029508,18.68461,8596.1533,25.611565,392,246407
36005024300,18,7,0,1,4,7,18,0,76.800003,13.377143,0,3.6496646,11.830121,4327.5864,26.086956,173,251885
36005024400,6,3,0,1,1,7,2,0,86.099998,15.132758,0,3.4657359,26.584047,4059.7014,33.147114,528,187698
36005024501,6,3,0,1,4,0,6,0,81.400002,10.608038,0,3.6635616,10.447762,5302.3252,36.702126,138,253494
36005024502,3,2,0,1,1,1,0,0,78.699997,11.04411,0,3.6518939,11.39037,1846.1538,23.652695,145,249039
36005024600,1,4,0,0,2,8,0,0,74.699997,14.550351,0,3.4793286,36.209534,2915.2542,27.945206,43,189445
36005024700,0,0,0,0,0,0,0,0,53.200001,9.099966,0.49115914,3.6516438,17.102272,611.11108,34.217175,109,256168
36005024800,3,8,0,0,0,11,4,0,62.400002,14.211544,0,3.4863553,36.537949,2560.7476,35.491417,534,187351
36005025000,4,3,0,0,1,10,3,0,84.599998,11.543737,0.4222973,3.4657359,37.808102,3328.5715,31.347149,267,177725
36005025100,8,6,0,0,7,4,9,2,80.599998,13.376397,0,3.6109178,12.687371,15300,32.924187,1153,233179
36005025200,5,7,0,0,2,3,8,1,85.199997,12.666034,0.37950664,3.4657359,33.656994,4959.4595,32.894737,55,185623
36005025300,22,2,0,1,0,6,13,0,81.900002,13.334988,0,3.6031888,12.247576,7083.3335,24.242424,255,238958
36005025400,3,3,2,1,2,10,5,0,81.599998,13.157277,1.1607661,3.4657359,35.874008,2818.1819,24.239351,191,177775
36005025500,2,5,0,1,3,3,8,0,79,11.942743,0,3.6109178,12.293523,3955.2239,23.906084,498,239934
36005025600,1,4,0,0,4,0,3,0,72.699997,15.071285,0,3.4630537,31.600975,4041.0959,32.568806,89,182975
36005025700,3,2,0,0,0,0,5,0,48.200001,10.333,0,3.6328685,13.967518,2016.3934,40.130505,9,241685
36005026100,1,1,1,0,4,10,1,0,65.199997,14.667,0.77730276,3.583519,14.000263,32388.059,36.353592,2322,229838
36005026300,2,2,0,0,1,9,6,0,71.800003,10.970919,0,3.5793593,12.687218,21524.59,42.487289,1205,235579
36005026400,7,6,0,1,5,2,5,1,81.699997,13.859987,0.38204394,3.3107634,41.597275,1884.1462,26.679173,91,158963
36005026500,11,5,1,1,10,4,14,0,79.599998,13.489159,0,3.5708122,11.914936,8792.208,36.798904,526,212330
36005026601,4,5,0,1,2,2,4,0,81.199997,14.452181,0,3.3200305,47.945206,13384.616,44.880787,87,149147
36005026602,12,13,6,1,5,22,14,0,85.800003,14.157509,0.39463299,3.2840345,47.945206,4516.9492,32.380547,662,145627
36005026701,4,9,1,0,1,1,9,1,86.300003,11.477264,0.2854696,3.5553482,13.092514,6428.5713,49.451752,110,211006
36005026702,4,3,0,0,3,1,1,0,71.5,12.100955,0.15659255,3.5553482,13.28364,1015.6249,30.56126,66,205269
36005026900,1,1,0,0,1,2,7,0,64.800003,13.256646,1.2277471,3.5645027,12.807805,7919.4629,31.83716,318,230891
36005027300,5,3,0,1,2,5,6,0,76.599998,11.400083,0.11777176,3.5553482,13.223557,3560.9756,43.207195,479,203979
36005027401,1,2,0,0,4,0,1,0,72.400002,13.49622,0.65387969,3.0576549,39.816628,205.88234,27.253033,39,136068
36005027402,1,4,0,1,5,1,6,0,67.300003,12.283858,0,2.949297,43.279774,2085.1064,22.017723,137,131687
36005027700,1,3,0,2,6,1,5,0,70.099998,14.281435,0.20092425,3.5553482,13.395791,7393.9395,28.848589,212,192563
36005027900,1,5,0,1,6,3,4,0,59.299999,11.628954,0.14566642,3.5756683,13.551143,9705.8828,41.341255,980,185774
36005028100,1,0,1,5,1,3,1,0,58.700001,11.137308,0,3.5553482,16.021751,8820,35.065643,695,186108
36005028300,20,15,4,1,0,11,17,0,75.900002,15.384434,0,3.5603063,13.232686,22826.086,40.703518,1973,189550
36005028400,4,5,0,1,1,41,3,0,59.299999,6.8330002,0,3.3322043,47.070618,10508.121,7.1428576,5451,160441
36005028500,5,7,0,2,3,5,4,0,68.300003,13.922449,0,3.5482366,13.320317,6281.5532,31.150341,262,183959
36005028600,0,0,0,0,2,41,1,1,77.5,11.95041,0,3.4190102,41.706497,105756.76,17.118645,7593,173882
36005028700,3,0,0,1,4,4,1,0,74.599998,16.488268,0,3.5553482,13.322982,4333.3335,37,805,184422
36005028800,6,3,4,1,1,14,2,0,67.5,13.97315,0,3.4557178,47.166664,2761.5386,28.538284,256,178321
36005028900,12,12,0,1,7,22,9,1,80,15.018579,0.71581961,3.5553482,13.308417,11909.091,42.3829,835,189863
36005029301,2,2,0,0,1,4,1,0,5.9000001,12.44204,0.57240985,3.5832949,14.884285,2491.0713,26.949385,244,183073
36005029302,4,5,2,4,0,36,5,0,45.400002,14.97174,2.3687327,3.5745263,14.717773,2646.3413,41.174416,559,198438
36005029500,13,18,4,1,2,20,12,0,64.400002,16.611757,0.46696241,3.5543358,13.310503,7955.5552,39.967571,353,181565
36005029600,9,9,1,0,2,36,6,0,58.900002,14.169477,1.8373909,3.3322046,47.945206,7508.897,26.904179,5889,165217
36005029700,4,6,3,3,5,50,2,0,58.799999,17.158424,1.3904338,3.5553482,13.396785,7677.4189,47.987988,585,182060
36005030000,4,8,1,4,4,24,9,0,81.599998,12.642518,0.17497813,3.2821858,47.945206,4481.25,29.160686,686,147087
36005030100,1,0,0,0,0,1,1,0,38.5,13.992784,2.0134228,3.5553482,14.863639,10321.429,33.25893,540,191388
36005030200,6,3,0,11,10,7,5,0,54.5,12.61573,1.4942897,3.0761063,47.945206,1426.9005,35.49773,326,130613
36005030701,5,1,0,2,4,25,1,0,35.5,14.420749,0.9410879,3.5147376,13.270732,3642.3843,36.327953,429,175026
36005030900,2,1,0,4,1,13,2,2,7,11.320376,0.29265438,3.5241725,13.422966,2390.5662,35.927601,1715,150426
36005031000,4,3,1,0,0,10,6,0,70.800003,13.815663,0,3.3002486,47.945206,6561.4751,30.114286,1379,149462
36005031200,3,2,0,0,1,26,5,0,75.599998,14.8335,1.0293361,3.3456063,47.945206,4551.2817,32.493702,329,153181
36005031400,3,3,1,0,1,13,1,0,69.400002,13.716301,0,3.3575978,47.945206,2679.0125,35.82222,474,156203
36005031600,1,0,0,0,1,0,2,0,68.400002,12.637589,0,3.3695471,47.945206,529.41174,41.827957,26,167070
36005031800,0,0,0,0,0,0,1,0,69.599998,13.68099,0,3.4198627,47.945206,2014.4928,49.611397,156,167626
36005031900,0,0,0,0,0,0,0,0,12.1,10.167,2.8490028,3.2580965,14.106073,6121.9512,5.6737585,557,123777
36005032300,3,3,1,3,4,18,6,0,29.200001,13.998766,1.2755102,3.3878701,14.566488,4389.6714,38.683128,660,152401
36005032400,1,1,0,1,0,1,5,0,61.900002,14.304472,0,3.4657359,43.119473,3721.1538,36.769234,963,182864
36005032600,3,3,0,2,3,4,12,0,75.900002,14.435457,0,3.4609714,47.945206,3617.1873,32.567848,357,177092
36005032800,5,7,0,1,6,6,5,0,69.699997,12.980823,0,3.495724,30.941931,7265.8223,24.499229,499,183876
36005033000,21,8,5,1,4,2,10,0,81.599998,13.980017,0.17831669,3.4965076,26.983162,7237.5,46.126198,441,183580
36005033201,1,5,0,2,1,11,4,0,75.199997,13.398947,0.59171598,3.4965076,25.404652,19409.092,42.473637,1308,189777
36005033202,2,4,1,1,3,9,7,0,77.400002,10.262161,0,3.4965076,23.922104,18295.455,49.926144,794,186912
36005033400,2,0,0,0,1,1,3,1,20.200001,11.5,2.8873917,3.4965076,17.990816,721.22766,38.202248,834,192403
36005033500,3,2,0,5,7,18,2,0,24.200001,13.80479,2.2094565,3.5020463,13.455358,1123.1343,32.945736,624,171347
36005033600,4,4,1,2,2,3,8,0,64.800003,12.794159,0.16204829,3.4923775,29.889194,2042.2534,30.473492,90,185207
36005033700,6,8,2,1,6,11,14,2,47.5,15.422416,2.7079304,3.2793875,14.402529,2215.5688,34.682079,476,151063
36005033800,6,8,0,1,4,1,9,0,82.400002,14.661712,0.2604845,3.4754243,32.042465,4225.8066,46.195007,100,183068
36005034000,2,4,0,0,4,1,7,1,82.699997,13.07717,0,3.4657359,29.945499,9934.4258,43.162201,588,182015
36005034200,4,2,0,1,2,6,1,0,80.199997,15.729331,0,3.4533184,32.497086,3065.5737,37.939392,178,180924
36005034300,3,1,0,1,0,1,0,0,49.599998,16.333,1.1855365,3.2519002,14.308979,5936.1704,45.367847,396,141454
36005034400,1,1,0,0,2,1,5,0,77.599998,15.231961,0,3.4439664,36.039524,2213.1147,30.84577,23,179975
36005034500,4,4,0,5,2,3,3,0,49.799999,15.139644,1.2395414,3.3720207,14.646606,6019.0479,35.310936,649,158102
36005034800,6,3,0,1,10,0,5,0,70.400002,14.339509,0,3.3840387,45.679646,1426.0355,30.042753,251,172362
36005035000,2,4,1,0,4,4,3,0,71,14.546693,0,3.3657515,47.945206,702.7027,28.040201,29,154926
36005035100,1,2,0,1,1,4,0,0,31,14.247005,0.6800408,3.504812,14.391025,8138.249,34.688522,2139,170704
36005035600,3,0,0,0,3,0,2,0,74.5,11.959563,0.9057971,3.3092666,47.945206,525.974,32.310467,115,145159
36005035800,9,8,1,6,10,0,15,1,69.599998,13.236597,0.48291682,3.2963083,39.92062,2456.3491,38.588425,89,149732
36005035900,3,4,1,0,3,2,3,0,83,16.333,0,3.4657359,18.608387,4204.0815,35.196377,331,256717
36005036000,4,5,1,0,1,4,2,0,75.800003,14.34264,0.29976019,3.3447235,47.945206,3310.6797,28.505749,341,153786
36005036100,7,2,0,0,1,2,8,0,73.5,11.821898,0,3.4363518,13.095508,9746.0313,25.828222,296,236853
36005036300,3,6,0,0,6,6,15,1,83.099998,12.015041,0,3.4405615,14.983975,2220.9302,40.991489,332,235432
36005036400,9,8,0,1,12,7,4,0,83.900002,14.018094,0,3.3325856,39.990032,1730.7692,47.301857,38,154033
36005036501,6,3,0,1,2,4,8,0,85.199997,12.369725,0,3.4965076,17.704199,5888.8892,44.791664,91,238718
36005036502,14,5,0,0,2,6,7,0,81.699997,9.1272612,0,3.4965076,18.170465,2736.8423,23.940149,53,259388
36005036700,0,0,0,0,1,1,2,0,82.199997,13.352532,0,3.5092239,18.181818,1888.8889,44.782608,68,259864
36005036800,3,1,0,0,8,2,0,0,77.400002,16.555403,0,3.3934836,29.00771,6030.7695,39.831402,77,160800
36005036901,11,2,1,0,2,5,4,0,84.300003,13.857598,0,3.5312197,18.181818,9305.5557,30.856218,349,256487
36005036902,0,1,0,0,3,0,2,0,74,12.333,0,3.5263605,18.181818,3538.4614,46.379044,172,260249
36005037000,2,1,0,1,6,1,7,1,75.800003,12.526079,0,3.4339871,28.882813,836.06555,42.970821,8,178086
36005037100,9,3,0,0,3,4,12,0,77.5,10.638231,0,3.509001,17.683372,2636.3638,43.493889,442,238522
36005037200,3,1,0,1,3,0,2,0,74.099998,14.613318,0,3.4516301,28.606106,1888.8889,38.020836,564,183851
36005037300,11,4,3,1,3,0,7,1,84.400002,11.556983,0,3.5242693,17.926012,4164.1792,46.776688,225,228231
36005037400,4,2,0,1,13,0,6,0,71,14.0516,0.63897764,3.4502623,27.763329,2830.7693,38.324871,330,186874
36005037504,1,4,0,2,5,17,7,0,81.199997,12.378269,0,3.5448856,18.085136,6358.6958,28.066734,767,229295
36005037600,0,0,0,1,2,0,2,0,60.099998,11.427306,0,3.4657359,29.485453,734.69391,35.913979,71,186722
36005037800,6,2,0,0,5,0,8,0,73.5,13.775328,0.31104199,3.4339871,27.575558,1660,28.211382,51,176671
36005037900,3,6,0,0,6,1,12,1,81.800003,11.610401,0,3.5553482,18.030922,6148.6484,41.15202,293,235637
36005038000,6,6,0,0,7,1,3,0,78.900002,12.711099,0,3.4339871,26.970604,6192.7715,44.718498,513,175214
36005038100,4,3,0,0,3,3,17,0,79.900002,11.139942,0,3.5713716,17.968512,3103.4485,28.202707,827,252526
36005038200,1,3,0,1,3,0,3,0,73.900002,11.255623,0,3.3540289,28.507973,508.19672,27.752909,3,165383
36005038301,8,9,0,0,1,2,9,0,89.699997,13.913044,0,3.5756009,16.871019,3459.4595,29.494528,178,232951
36005038302,7,7,0,1,7,4,12,0,84.099998,13.725293,0,3.5117104,16.336403,17196.428,48.139919,3272,232115
36005038500,6,7,0,0,9,3,13,0,87.400002,13.185866,0,3.4971061,15.818332,3878.3784,39.63039,102,224990
36005038600,8,5,0,2,5,7,9,0,75.199997,13.651546,0,3.2990053,31.031055,3443.0378,37.849125,418,154232
36005038700,7,11,1,1,7,14,2,1,90.599998,13.83291,0,3.4983201,13.219837,11492.957,29.720856,1269,204200
36005038800,1,1,0,0,2,0,1,0,74.099998,9.1931801,0,3.3322046,28.330402,368.42105,40.372093,21,164697
36005038900,7,13,1,1,9,11,11,0,85.300003,13.638755,0,3.5171964,12.488182,6194.0298,41.224663,290,207838
36005039000,4,9,0,0,9,3,10,0,79,11.800626,0.32701112,3.3721409,27.769506,1185.7142,33.17757,179,160698
36005039100,13,46,1,2,6,6,49,1,86.900002,15.310384,0,3.4965076,15.980162,9437.5,31.611052,291,226771
36005039200,2,2,0,1,5,0,0,0,70.099998,11.5455,0.56882821,3.4122472,28.521765,2216.2163,33.20562,68,168368
36005039300,0,2,0,0,0,2,5,0,84.5,11.927026,0,3.4918253,13.73268,3857.1428,29.691769,446,206340
36005039400,5,1,0,2,3,1,7,0,75.400002,12.905884,0.2221235,3.323447,23.295639,4357.1426,44.193378,232,159146
36005039500,5,11,0,3,21,6,12,1,78.400002,13.858696,0.28058361,3.5554619,18.081953,19284.809,49.587395,3883,245558
36005039600,8,3,2,2,14,1,9,0,72.400002,10.362072,0,3.3156509,27.41876,1197.6744,36.17963,20,158977
36005039700,3,9,0,1,4,6,8,0,61.400002,16.442163,0.53064473,3.5218508,13.371158,16920.791,24.816175,3103,205194
36005039800,1,1,0,0,7,0,2,0,76.199997,10.270931,0,3.2966218,28.03142,1833.3333,36.283741,117,160557
36005039901,17,10,3,1,2,7,9,2,86.599998,14.547196,0.19584802,3.533711,13.496922,41271.188,32.392895,112,209619
36005039902,38,3,0,1,5,3,17,0,90.699997,14.46032,0,3.5228984,12.855782,15595.745,33.26403,293,229597
36005040100,13,4,3,1,2,7,6,0,74.699997,14.995602,0.18843037,3.5566902,13.459828,18666.666,35.155277,983,209608
36005040302,2,4,0,0,1,4,4,0,87.900002,12.40576,0.5608525,3.5660002,14.024237,3791.6667,34.836529,27,204927
36005040303,0,3,1,0,0,2,4,0,82.099998,12.144165,0.24437928,3.5752437,14.208736,7147.0586,36.527515,219,205767
36005040304,4,6,1,1,0,5,8,0,89.300003,13.285404,0,3.5553482,14.026132,9653.8457,23.148813,117,206261
36005040400,2,4,0,0,4,0,3,0,77.099998,10.179028,0,3.2509279,24.025732,1024.0964,31.059603,152,158146
36005040501,1,4,1,0,3,1,11,0,86.800003,13.295825,0,3.5553482,13.945681,2451.613,44.191475,296,204927
36005040502,3,5,0,0,4,0,6,0,81.099998,10.050803,0,3.5419383,13.797271,1636.3636,27.610128,131,199370
36005040600,11,4,0,3,11,4,10,0,76.199997,12.000381,0,3.2751656,23.816469,1395.3488,34.797295,163,159240
36005040701,6,2,0,0,4,2,9,0,88.099998,13.440112,0.27270248,3.5657394,14.254773,5590.9092,39.670471,48,202813
36005040702,5,4,0,0,8,2,10,0,76,13.914167,0,3.5490878,14.081389,3900,29.717844,241,196905
36005040800,10,0,0,0,1,2,1,0,76,11.662811,0.23546032,3.2849045,22.957369,1836.7347,36.743675,65,156020
36005040900,5,3,2,3,5,9,1,1,45.700001,12.44946,1.0416667,3.5578392,14.475893,1836.478,47.649124,2317,198595
36005041100,4,3,0,1,3,25,6,0,83.099998,16.833435,0.36737693,3.5553482,14.406399,7702.1279,36.09589,198,195129
36005041300,2,4,1,1,4,34,5,0,83.800003,13.37555,0.2598415,3.545337,14.303467,3313.4329,23.410934,156,191135
36005041400,6,0,0,1,8,1,5,0,72.300003,13.711125,0.35964755,3.1024451,21.259174,3094.0593,33.100555,309,138589
36005041500,5,8,0,4,0,6,4,0,80.699997,11.97608,0,3.5212061,14.057314,1264.151,27.89843,198,195684
36005041800,4,0,0,1,2,11,1,0,74,13.827525,0,3.1495354,22.709475,5961.5386,31.345827,355,150838
36005041900,8,5,1,1,4,39,11,0,61.299999,12.532562,0.639284,3.5075233,18.999962,3674.603,46.12339,479,186608
36005042000,1,2,0,0,2,19,4,1,80.199997,14.572995,0.56132473,3.1983879,23.123068,35172.414,46.170841,3206,156234
36005042100,23,11,3,1,1,90,11,1,69.099998,13.137211,0,3.4944339,20.170462,176416.67,37.05954,14232,178238
36005042200,16,10,0,2,5,6,10,0,77.5,14.422738,0,3.1894023,23.86651,4656.7163,34.548103,101,156716
36005042300,6,5,1,1,3,9,11,1,61.599998,12.370817,0,3.4832661,25.105902,2128.5715,35.412262,268,188385
36005042400,1,2,0,1,5,0,2,0,72.800003,11.595064,0,3.1405783,23.970921,2882.3528,50.137741,825,144919
36005042500,16,9,3,1,9,3,23,0,74,13.152396,0,3.4965076,18.402573,5875,48.547009,1320,190879
36005042600,9,5,2,3,11,5,9,1,70.699997,11.628531,0,3.0853143,24.109686,1147.9592,34.031414,176,139081
36005042800,1,0,0,0,1,0,0,0,76.300003,12.85238,0,3.0790789,23.468348,2492.3079,25.997952,110,138451
36005042901,3,0,0,0,0,0,2,0,76.099998,12.529829,0,3.4898558,25.341724,1435.8975,28.300694,9,186949
36005042902,3,8,0,0,3,1,8,0,80.699997,11.33708,0,3.4657359,25.782963,5216.2163,47.515923,160,189845
36005043000,4,0,0,0,2,4,0,0,74.099998,13.860011,0,3.1332986,23.739298,1137.5,28.400505,89,142630
36005043100,4,7,0,1,5,11,14,1,82.300003,14.677403,0.28195489,3.4804058,22.9104,15024.097,40.748722,1396,175631
36005043400,25,21,2,2,11,9,17,0,83.5,15.879029,0.27247956,3.1304777,22.963078,3481.4814,41.85268,371,138776
36005043500,2,4,0,2,0,2,7,0,13.9,11.833,1333.3333,3.3322046,21.978415,116.24326,68.965515,23,162477
36005043600,1,2,0,0,3,1,1,0,76.199997,14.106206,0,3.0861397,23.062965,2050,37.453533,12,139401
36005044200,5,8,0,1,6,1,7,0,74,13.896033,0.72674419,3.0126832,21.272301,945.65216,42.891861,583,133018
36005044400,2,3,0,1,2,3,2,0,61.900002,13.744946,0.2712968,3.0372913,22.573397,1262.4114,36.164669,185,135754
36005044800,1,0,0,0,1,1,0,0,65.699997,11.598013,0,3.0445225,23.166996,46.153847,34.671532,2,136630
36005044901,0,0,0,1,0,3,0,0,65.099998,13.018657,0.58548009,3.2999437,21.53723,1491.8032,35.91954,28,150230
36005044902,3,2,2,2,0,1,1,1,70.699997,14.0835,2.3980815,3.2293684,21.703724,2934.4263,41.666664,35,150857
36005045101,2,4,0,1,1,4,3,0,64.599998,14.636621,1.1990408,3.2058501,22.065865,3588.2351,35.033558,26,153284
36005045102,0,5,0,1,3,2,6,0,63.799999,13.9372,0.53734551,3.1796865,21.731756,1775,23.06831,148,149560
36005045600,3,5,0,0,6,2,3,0,57.799999,13.063828,0,2.9957323,28.038179,2443.3962,42.197254,40,125611
36005045800,0,5,0,0,1,0,3,0,57.900002,10.573811,0,3.162621,24.659912,268.8172,64.300339,81,145923
36005046000,2,0,0,0,4,0,1,0,61.099998,13.205793,0,3.1940715,33.9599,3423.4233,29.255861,495,147781
36005046201,55,25,10,10,24,35,17,0,68.800003,13.208688,1.3378921,3.0922565,39.029392,8973.8486,47.889545,3979,130198
36005046202,12,8,0,1,7,5,11,0,68.199997,15.081354,0,3.1477416,38.345455,5841.5303,48.488045,1325,137614
36005048400,10,5,0,4,7,1,6,0,57.900002,14.378619,0,3.0765715,32.336243,4544.4443,35.804195,1122,138593
36005050400,0,0,0,1,0,0,0,0,10.4,2,0,2.2380466,40.263916,18.631315,0,69,101336
36005051600,18,35,1,6,6,6,9,1,47.599998,15.843196,3.0967742,2.1475306,43.683559,1667.1949,30.604982,325,68044
36047000100,10,15,0,3,10,6,4,1,79.599998,15.211348,1.2978585,4.1426783,19.970055,6511.6279,6.431417,221,1680353
36047000200,18,2,0,2,2,5,11,0,96.099998,17.333,9.7524381,3.5147223,28.742149,26223.213,22.75449,593,563725
36047000301,4,2,1,5,2,9,1,0,82.300003,13.009,0,4.1203365,16.75942,6313.2534,9.0398359,500,1615940
36047000501,11,8,0,3,0,16,8,0,85.599998,15.457788,0,4.115057,16.666666,18906.25,6.4199729,270,1618381
36047000502,10,17,0,5,16,25,6,4,82.300003,16.775591,0.44130627,4.0956559,16.666666,48189.188,6.1146498,426,1622168
36047000700,9,11,1,4,3,51,4,0,81.900002,11.769465,1.3650014,4.0912752,17.022608,10447.761,6.8428502,538,1527299
36047000900,26,14,18,8,7,65,14,0,88,16.364893,1.6271502,4.0755477,16.666666,2905290.3,2.7516019,8985,1533472
36047001100,35,25,5,12,2,64,14,2,82.699997,16,43.956044,4.0557299,16.666666,862215.44,7.7790303,7427,1617634
36047001300,0,1,1,1,0,5,3,0,72.5,19,8.4202085,4.1271343,20.454546,12752.213,1.9292604,1159,1682047
36047001500,20,14,4,1,2,6,4,0,83.5,13.031661,1.5523933,4.0411906,20.454546,10898.305,7.7722898,2056,1651839
36047002000,11,3,0,1,2,2,5,0,95.099998,15.86225,3.6742192,3.4139311,34.460239,23916.668,28.596491,586,511806
36047002100,56,24,1,7,1,12,26,1,86.5,15.811541,2.2955524,4.141294,20.453707,42554.973,8.1294689,5717,1715712
36047002200,8,3,0,1,3,17,8,0,87.900002,13.776827,1.3872832,3.1535711,35.158642,47830.77,31.626665,6532,403188
36047002300,2,2,0,1,5,0,1,0,66.400002,11.28652,2.7078256,4.105134,20.454546,814.28571,45.173042,32,1703433
36047002901,1,0,0,0,2,4,0,1,66.699997,12.334835,0.99700897,4.0311441,18.352365,2175,33.659901,388,1658174
36047003000,3,1,0,0,0,2,4,0,81,11.064431,0.54975261,3.0286112,32.877689,2162.7905,35.495285,72,356879
36047003100,2,0,0,1,0,45,0,0,54.700001,15.091491,2.9080334,4.0251379,20.058474,5657.6577,11.476793,3301,1574420
36047003300,20,23,0,4,1,3,12,0,84.900002,14.356078,1.8532246,4.0027485,14.652004,112812.49,7.6707206,6453,1490013
36047003400,4,7,0,0,3,7,1,0,66.099998,13.246572,3.5749106,2.9692419,30.422964,3296.7034,42.574257,322,331277
36047003500,26,11,7,2,2,27,8,0,84.099998,17.575911,1.9672131,3.9158158,17.799206,72156.867,10.932106,2392,1284957
36047003600,4,0,0,0,1,5,1,0,87.099998,11.646943,0.24044241,2.8877015,30.58819,1979.1666,39.533676,69,248143
36047003700,77,10,2,1,5,19,12,1,93.900002,17.167,48,4.002192,15.294117,504538.47,5.6708159,1524,1490633
36047003800,1,1,0,0,0,7,0,0,72.300003,6.3330002,1.2239902,2.8725586,30.583212,1080,27.830189,27,244490
36047003900,13,6,3,7,4,10,12,0,85.199997,17.075871,7.1760236,3.9150846,29.405445,18754.098,16.367889,924,1283951
36047004100,27,5,1,2,10,3,13,0,80.900002,13.876866,1.3694878,3.9662001,22.333645,16460.316,6.484817,759,1337987
36047004300,21,21,2,4,1,9,7,0,89.699997,15.083624,2.3279016,4.031301,16.666666,59671.871,4.6242771,5610,1446461
36047004400,2,2,0,0,1,11,2,0,68,10.487427,3.2258065,2.5812359,30.775816,349.39761,26.591761,35,196433
36047004500,13,19,0,4,3,30,11,0,80.599998,15.68676,0.89552239,4.0287814,17.169739,13242.424,6.2467194,352,1368960
36047004600,0,0,0,2,3,8,4,0,69.099998,14.167,2.9761905,2.354027,34.562904,1103.4484,30.607965,732,128539
36047004700,4,3,0,0,0,0,2,0,89.5,14.667,3.8431975,3.9918916,19.423508,1726.5624,11.627908,136,1303102
36047004900,4,0,0,0,3,23,3,0,82.699997,10.09833,0.86730269,4.0065174,18.624874,56421.055,13.93373,717,1319427
36047005000,4,2,0,1,0,10,1,0,74.800003,11.350721,2.4,2.3198168,36.358536,1755.3192,43.620689,201,118674
36047005100,10,17,1,2,0,6,4,0,89.800003,12.919136,1.9212296,3.9521317,25.640617,8771.4287,6.6286526,105,1119103
36047005201,2,2,0,3,1,3,0,0,66.199997,13.5,1.8337408,2.1983752,40.362587,3836.3638,40.601505,85,115664
36047005202,0,1,0,3,2,5,1,0,76.400002,12.403847,0.77579519,2.1972246,42.54211,2035.0878,42.548077,67,115131
36047005300,26,11,2,3,9,3,17,1,82.300003,10.739655,9.4057289,3.8916943,27.557453,7987.4219,19.809826,1046,814661
36047005400,5,6,2,3,2,9,4,1,82.800003,13.245883,1.896505,2.1972246,42.657745,3109.3748,34.357143,80,114673
36047005601,4,1,0,2,1,12,3,0,71.199997,14.645,2.5547445,2.1972246,42.716026,3565.2175,48.81757,163,113290
36047005602,3,1,0,0,1,4,1,0,71.599998,14.833,8.0506038,2.1718509,42.774105,3460.3174,42.384106,176,112590
36047005800,12,18,2,3,2,24,15,0,90.599998,15.86701,1.5360983,2.2614617,42.624321,20386.666,39.699863,1858,117975
36047005900,3,5,0,1,3,0,10,1,93,12.464617,4.8510049,3.8729289,28.049084,11898.551,14.18919,723,918182
36047006000,7,17,1,3,3,27,14,0,90.599998,15.094106,1.9968051,2.3025851,42.519108,7389.8306,37.292816,332,122562
36047006200,5,16,2,1,3,9,6,0,85.699997,12.620896,1.9327406,2.3243768,41.50235,8793.6504,29.697397,560,134046
36047006300,3,4,0,0,2,1,0,0,87.199997,14.814125,0,3.9326479,25.199406,3769.2307,11.050725,1049,1083416
36047006400,7,21,1,5,4,20,9,0,85.5,13.285514,2.3834746,2.5912445,32.328655,5166.6665,30.816746,187,208735
36047006500,6,11,3,3,1,8,8,0,83.400002,12.113216,1.1841326,3.8417895,28.841465,4257.7319,6.9336519,202,941386
36047006600,5,23,2,0,6,20,15,2,88.199997,14.681159,0.79872204,2.804868,30.780857,8237.2881,34.633293,385,252855
36047006700,6,6,0,2,3,8,7,0,82.800003,12.391462,0.62266501,3.9497106,18.994877,9683.334,9.1444092,291,1185145
36047006800,14,17,2,2,7,19,19,0,89.699997,15.412625,1.7175573,2.8785768,30.602346,8819.4443,20.632605,350,293608
36047006900,22,34,3,1,1,6,17,0,84.599998,14.325505,0.53576212,3.9695303,16.883102,13782.609,9.1029606,937,1315732
36047007000,4,0,0,1,3,2,2,0,81.5,13.38614,2.1849964,2.981746,35.148117,2964.9124,33.990147,1132,360936
36047007100,3,2,0,2,2,0,5,0,74.599998,7.5005817,0,3.8837681,34.334938,4538.4619,18.408552,50,1233543
36047007200,0,1,0,0,2,2,2,0,94.699997,13.333,1.5649452,2.9957323,35.656521,1280,27.562641,5,365284
36047007400,7,14,0,0,1,8,16,0,90.599998,12.118225,0.68271036,3.0404563,35.421516,3054.5454,28.331232,591,382126
36047007500,19,31,2,4,5,5,17,0,85.800003,14.143477,0.20652623,3.8745074,26.415073,7935.7798,2.8683181,316,1095624
36047007600,5,11,0,0,7,6,7,0,88.699997,14.524808,1.7271157,3.2399352,35.056942,6814.8145,29.241705,237,465041
36047007700,19,19,0,3,0,6,19,0,88.599998,14.636523,1.5726803,3.8011005,28.212667,8165.5635,6.9004955,479,891257
36047007800,9,3,1,1,2,4,10,1,88.900002,12.562867,0.96711799,3.4532905,34.593079,6867.9248,30.417274,175,468032
36047008000,12,11,0,0,7,0,4,0,87.300003,13.962624,0.2215821,3.4963005,34.09679,4480.769,15.707071,362,525137
36047008200,4,10,0,0,1,3,9,0,89.5,12.62579,0.22972663,3.5263605,32.219685,12692.308,19.092331,294,555942
36047008400,12,15,1,0,0,5,21,0,87.699997,14.717791,2.7631943,3.5263605,29.408911,10967.392,19.130896,629,571761
36047008500,0,2,0,0,2,0,1,0,59,10.356831,0.69396253,3.8471928,26.944304,872.34045,31.042253,11,869467
36047008800,3,14,0,1,2,1,14,0,86.599998,13.047318,2.1406728,3.5219598,33.539764,4000,22.057001,193,550862
36047009000,11,5,0,0,3,1,10,0,88.900002,11.64537,1.650165,3.4827254,34.541439,4175.4385,40.662842,35,533264
36047009200,2,9,0,1,4,1,10,0,89.800003,9.7380619,0.40600893,3.4453082,35.007187,3340.9092,28.290024,746,487416
36047009400,8,19,0,2,9,1,18,0,91.199997,13.493075,0.38087983,3.3571656,35.396904,4706.8965,35.684647,165,454167
36047009600,17,12,1,0,4,7,10,0,88.400002,11.224835,0.15743073,3.4778078,34.622368,3086.207,31.658836,72,480201
36047009800,17,10,1,1,3,6,16,0,89.699997,10.699941,0.82225572,3.380332,35.088013,4896.5518,41.130093,329,460530
36047010000,26,7,4,0,2,5,7,0,87.199997,12.368956,0.14912019,3.0564146,35.570881,4017.2415,42.08289,134,372086
36047010100,10,10,0,2,2,0,14,0,92.300003,14.638482,0.95831337,3.5606737,28.54541,11725,26.502731,1273,622398
36047010200,12,17,0,2,2,11,14,0,88.300003,14.083067,0.74850299,2.9957323,35.910915,4508.4746,32.290787,254,372018
36047010400,19,41,2,6,7,45,32,0,93,15.543762,0.87214373,2.9567537,36.550072,19305.084,33.274399,779,338146
36047010600,12,32,6,1,4,16,25,1,91.300003,13.886697,0.49099836,3.0458214,36.233433,11862.069,44.567219,350,375390
36047010800,10,29,1,2,4,10,21,0,91,13.573619,1.4297386,3.1890297,35.887051,8275.8623,32.117962,547,378435
36047011000,5,5,0,1,1,0,5,0,90.5,15.237158,1.9723866,3.3722839,35.79813,12475.41,32.220039,829,461606
36047011200,7,3,0,1,12,2,17,0,90.199997,13.44321,0,3.3052151,35.957569,6621.2119,24.656357,307,390494
36047011400,6,3,1,2,13,125,3,0,91.599998,13.669017,0.66415763,3.1918471,36.479309,139861.55,37.697052,8516,378002
36047011600,1,6,0,1,3,5,2,0,86.599998,10.27961,0.45218178,2.9664857,37.019691,2016.129,48.990826,54,337387
36047011700,13,7,1,0,1,4,10,0,92.800003,14.640882,1.598721,3.7058101,33.684563,12192.308,8.2798834,105,755015
36047011800,14,21,1,1,4,11,8,0,84.099998,15.67088,3.626108,2.9522791,36.514904,24517.646,36.819172,1766,326049
36047011900,20,14,0,11,6,4,7,0,93.800003,17.020292,5.0307434,3.7493091,42.755665,17160.785,9.6885815,2442,894656
36047012000,17,9,0,0,1,20,6,0,92.400002,17.833,2.1291696,2.8903718,42.083317,16933.332,36.870502,347,264941
36047012100,7,8,0,2,3,1,3,0,91.099998,15.410698,4.0120361,3.7315485,35.616375,43684.211,17.539028,1776,820326
36047012200,6,6,0,0,1,8,15,0,89.5,13.038556,1.2182741,2.9956579,35.898346,4175.6758,34.625137,84,366484
36047012600,7,5,0,0,5,2,11,0,77.699997,13.929599,2.3785253,2.8918304,31.713272,5275.8623,32.165833,16,315594
36047012700,5,4,0,0,3,3,4,0,86.300003,13.901372,1.734104,3.8401589,35.871014,9698.4121,16.086739,100,1129065
36047012801,3,3,0,1,0,1,3,0,78.300003,12.667,2.8476507,2.8104732,42.238918,4818.1816,44.42083,48,263513
36047012901,10,5,0,2,6,4,4,1,85.199997,15.894567,3.3112583,3.8461893,29.644268,37037.734,7.6277113,1234,1140095
36047012902,19,16,0,3,1,4,18,0,85.599998,17.121212,4.1570439,3.8189604,29.644268,9530.6123,10.682226,174,1084682
36047013000,23,28,2,3,6,19,26,0,88,13.554699,1.7039,2.846446,30.852743,7882.3525,34.639885,379,258335
36047013100,12,31,1,2,5,5,11,0,83.599998,13.119006,0.92400092,3.7484543,30.110771,9283.334,13.041717,145,951475
36047013200,3,5,0,0,1,1,6,0,82.300003,15.288139,5.6899004,2.7522662,42.364143,4116.667,23.112129,157,225530
36047013300,9,16,0,2,1,14,5,1,87.400002,15.064663,0.93414292,3.7104068,31.137869,11017.544,7.3523164,224,872955
36047013400,7,5,2,1,5,74,11,0,79.699997,15.268851,3.4013605,2.751765,38.082581,8365.3848,36.399029,687,223629
36047013500,15,12,1,2,0,6,2,0,83,13.945525,0.80342796,3.713572,43.350994,7016.9492,16.043613,90,833413
36047013600,16,9,2,2,1,72,17,0,83.5,14.391571,1.3224015,2.6158562,40.866199,6614.458,34.558041,440,218378
36047013700,10,23,3,2,4,11,9,0,85.699997,15.516088,2.1712159,3.719861,43.943974,17067.797,17.321938,525,786001
36047013800,25,6,4,2,2,27,15,0,90.300003,14.922011,0.80278298,2.3893948,42.501881,11476.19,26.837271,207,155236
36047013900,17,18,3,1,7,16,6,0,87.900002,13.835735,1.0689471,3.7066236,39.44313,16724.139,11.153298,326,752566
36047014000,0,2,0,2,3,14,5,0,87.5,14.5,1.6051364,2.3978953,42.788254,5842.1055,34.407486,215,141633
36047014100,14,2,2,2,1,8,8,0,86.5,15.049525,0.60277275,3.6700363,28.59897,6999.9995,22.140011,275,707612
36047014200,26,7,2,0,0,13,3,0,84.699997,13.930651,3.5574529,2.3978953,42.622082,6500,31.330473,144,143343
36047014300,3,9,0,2,5,6,16,0,89.599998,13.972158,1.3419216,3.6312814,28.6381,8761.9053,16.580311,358,676782
36047014500,6,11,1,2,5,3,11,0,89.900002,14.454596,1.1534025,3.6107759,28.702362,9178.5713,22.508305,215,641202
36047014700,3,2,0,0,0,0,5,0,79.400002,11.490614,0.41928721,3.6109178,30.189936,1761.9048,31.345568,210,642159
36047014800,3,0,0,0,0,6,1,0,84.5,9.0864239,2.5684932,2.3978953,43.202003,2653.8462,27.952755,39,134436
36047014900,15,18,0,3,2,11,5,0,85.099998,11.819182,0.99502488,3.6132329,37.055676,5673.6841,20.611551,454,657186
36047015000,3,6,0,1,1,8,6,0,89.199997,14.632517,2.1822149,2.3978953,43.347622,3750,33.944954,163,134608
36047015100,9,14,0,2,3,16,17,0,87.699997,12.417878,1.5923567,3.6543155,38.73288,11620.69,9.2556324,421,715616
36047015200,3,1,0,1,0,14,1,0,62.900002,11.376479,1.9739439,2.2739172,42.883259,17378.641,34.328358,1943,122401
36047015300,9,11,2,0,7,68,6,0,85.900002,15.163953,1.7611835,3.6902971,36.665646,86500,16.182573,5305,753553
36047015500,13,12,1,3,6,13,5,0,84.5,11.997114,0.53619303,3.6905136,34.381363,6913.7935,14.357541,442,785834
36047015700,14,8,3,5,6,16,10,0,85.099998,14.821279,0.68728522,3.6855636,33.167133,16969.23,15.131579,426,843843
36047015900,15,24,2,4,11,59,5,3,77.400002,14.564224,1.9220688,3.7022741,34.219269,24350.516,7.568325,2385,877874
36047016000,28,26,7,1,1,16,21,0,90.400002,13.593136,3.0740128,2.2736664,42.731632,15410,32.539684,440,127342
36047016100,13,19,1,3,3,8,10,0,84.099998,14.955425,2.6376525,3.8110499,29.838949,11914.286,9.2789974,1413,1019532
36047016200,5,7,1,2,1,38,6,1,77.599998,15.666999,2.283105,2.183665,42.811443,4021.5054,32.846718,325,114475
36047016300,2,7,0,4,3,1,5,0,85.699997,12.12154,1.845586,3.77684,34.208351,8211.2676,12.632136,231,1000538
36047016400,0,0,2,3,3,2,2,1,59.299999,9.5,7.7444337,2.0794415,56.247272,652.59741,11.666667,119,107231
36047016500,5,2,0,1,1,19,1,0,82.800003,10.656655,0,3.6581917,40.348694,9819.4453,11.317677,246,756395
36047016600,3,2,0,0,3,0,0,0,79.400002,5.181818,1.394052,2.3978953,42.996441,233.0097,28.554216,207,135216
36047016700,6,4,0,3,6,19,6,0,86.599998,13.623644,1.4101531,3.6355851,40.65221,5153.8462,14,286,673538
36047016800,1,0,0,1,0,0,0,0,74.199997,6,0.56529112,2.0794415,55.796921,212.12122,44.709389,6,108825
36047016900,6,20,1,2,7,6,12,0,88.400002,13.356844,1.0559662,3.6109178,34.713951,10765.432,13.616856,435,638614
36047017000,3,6,0,1,0,14,4,0,89.300003,8.0075731,1.8343816,2.2746258,55.857071,4271.605,38.569519,268,123265
36047017100,5,1,0,2,0,8,3,0,85.5,11.490092,0.79197466,3.6057765,31.560736,1437.5,15.864166,230,596215
36047017200,3,6,2,1,1,4,10,0,90.900002,11.912902,1.5954052,2.1995897,55.671036,3375,39.15575,40,126296
36047017400,3,0,0,0,2,2,3,0,79.599998,8.9844742,1.5864622,2.0794415,55.603989,1060.6061,49.710983,14,111771
36047017600,0,3,0,0,1,9,4,0,82.800003,12.900984,3.4482759,2.0794415,55.426048,3909.0908,51.788757,46,112049
36047017800,8,6,4,0,1,9,7,3,91.599998,16.565191,2.7733756,2.1836593,55.206474,9428.5713,50.041355,358,125481
36047017900,5,1,1,2,0,9,0,0,78.699997,13.461682,1.6611296,3.8558731,29.644268,5655.7378,17.393976,406,1218732
36047018000,5,8,1,0,0,2,4,0,90.199997,12.568508,0.64998375,2.2146242,55.43285,2720.5881,47.272728,164,126112
36047018100,7,21,0,2,2,7,7,0,74.199997,11.114017,1.3361839,3.9406104,11.821904,6215.3848,10.77903,280,1423893
36047018200,8,3,0,0,1,1,7,0,91.900002,15.09865,0,2.3978953,52.663834,3234.3748,42.501518,651,134533
36047018300,7,22,0,1,7,3,11,0,78.300003,13.696499,2.2857143,4.0074382,14.108202,7490.5659,17.07176,177,1575602
36047018400,1,1,0,0,0,2,2,0,89.199997,8.0884523,0,2.3978953,47.323345,568.96552,36.53846,227,132866
36047018501,1,2,0,2,3,1,5,0,68.400002,8.4452171,0.83171611,4.0309324,14.942529,5200,18.847876,263,1649863
36047018600,2,0,0,0,1,8,3,0,92.400002,9.988616,0,2.3978953,43.604931,1613.6364,35.675674,28,136476
36047018700,4,2,0,1,1,0,1,0,72.699997,11.833,4.6542553,4.0253515,14.942529,4838.71,14.8,178,1645789
36047018800,4,1,0,1,4,6,6,0,89.599998,12.724071,1.2598425,2.3978953,43.677929,2411.7646,39.224808,81,146144
36047019000,10,3,0,0,3,1,6,0,93.300003,14.838709,0,2.5028305,43.651951,13048.78,37.647636,1666,171219
36047019100,15,10,1,1,1,1,9,0,86,13.500511,2.6727759,4.052568,22.806286,8319.5869,9.6336498,184,1657997
36047019200,14,1,2,2,3,3,6,0,87.199997,16.456169,1.5929908,2.821141,42.99593,16232.877,29.262844,879,234211
36047019300,9,4,1,0,7,1,6,1,73.699997,12.355341,1.3637913,3.9675729,23.889509,21875,15.433071,3452,1563904
36047019400,5,5,1,1,3,2,4,0,88.300003,13.336047,0,2.7080503,43.29372,38681.16,36.259541,3015,231665
36047019500,10,17,3,4,5,1,4,2,74.199997,12.568968,1.2623075,3.986105,18.823053,12301.887,17.654987,570,1595613
36047019600,10,9,0,2,0,4,7,0,91.199997,13.336313,0.98212532,2.6394582,43.250359,11164.384,31.349442,711,221119
36047019700,3,8,1,6,9,7,8,1,73.900002,13.393507,2.7632791,3.9389305,12.852665,5272.7275,15.756631,292,1422785
36047019800,14,8,3,3,1,12,14,0,90.800003,15.599388,3.2768979,2.3978953,43.36945,4711.5386,44.060772,185,157301
36047019900,6,8,1,3,5,5,7,0,83.099998,14.538235,3.8965639,3.871032,25.093363,12082.192,9.1785412,838,1191630
36047020000,5,9,1,1,0,8,4,0,92.699997,14.412004,2.6281209,2.4124739,43.179234,6634.6152,35.483871,238,169255
36047020100,11,10,0,1,4,7,7,0,76.5,12.835005,1.0995052,3.8503702,26.023701,4691.1763,10.683951,105,1188430
36047020200,5,1,0,0,0,4,0,0,89.199997,7.605237,0.53504548,2.4886277,42.993137,1173.0769,33.370537,113,168060
36047020300,14,14,0,2,10,2,4,1,84.800003,14.166051,5.7504313,3.8348789,34.219269,3796.2961,19.891304,17,999725
36047020400,2,2,0,0,1,5,2,0,88.599998,6.3400621,1.2936611,2.5290368,42.822201,1096.1538,29.76313,13,168274
36047020500,6,20,0,2,4,1,16,0,84.199997,12.290723,1.5273005,3.7647765,34.219269,5451.6128,18.478874,381,935183
36047020600,1,2,0,1,4,15,1,0,87.800003,10.47542,2.6626094,2.5905857,42.648731,2696.9697,41.226574,446,215583
36047020700,4,7,0,2,6,14,8,0,85.400002,13.367934,0.43038519,3.6820023,34.219269,4407.4072,8.5338345,151,819830
36047020800,3,5,0,4,0,4,3,0,93.099998,11.060043,1.4054814,2.7080503,42.752037,2345.4546,40.120663,54,222702
36047021000,6,5,0,2,2,5,7,1,92.400002,10.875848,0.85708164,2.7465944,42.633614,4724.1382,34.926884,463,224922
36047021100,24,3,0,1,1,1,4,0,78,10.189326,6.1208875,4.0759645,17.320698,8445.9463,23.798883,99,1677912
36047021200,6,11,2,1,1,5,19,0,91.900002,14.581405,0.41727519,2.7994337,42.547031,12472.973,32.484074,211,229432
36047021300,3,2,1,2,3,2,4,0,80.300003,11.214286,1.7985612,3.6126804,46.125809,17436.619,21.836735,1694,695481
36047021400,4,4,0,0,8,1,7,0,85.599998,15.536158,2.8271405,2.8884819,42.371788,7307.6924,37.821301,467,269199
36047021500,9,12,1,4,5,11,5,0,87.900002,12.207792,0.3875969,3.6840885,43.725082,5333.3335,14.426676,382,785926
36047021600,2,0,0,2,12,12,15,0,86.800003,13.209345,2.002002,2.9339721,41.570892,21015.385,23.880596,2127,276643
36047021700,2,7,0,0,3,5,1,0,83.400002,11.989178,2.2624434,3.6687865,63.526711,3760.8696,15.814394,81,771057
36047021800,21,3,0,2,36,0,12,0,90.599998,15.684932,0.45423575,2.9596508,40.17522,28344.262,16.041666,1221,329848
36047021900,7,11,2,3,8,10,14,0,83.800003,11.782546,1.532567,3.6341584,45.070423,2824.5615,12.290228,86,728932
36047022000,31,9,1,7,25,20,24,1,92.400002,16.208292,1.7256255,3.0593307,38.188221,18266.666,21.713871,1029,342466
36047022100,4,11,0,0,10,3,4,0,81.199997,10.464817,1.1690437,3.6969664,53.352104,2896.5518,20.368782,113,811224
36047022200,25,12,2,1,39,13,15,0,90.099998,16.320364,0.46576619,3.195997,37.538048,19220.588,14.539006,384,351145
36047022400,11,2,0,5,13,2,14,0,92.199997,13.143625,0.5574136,3.2466195,37.488853,8352.9404,30.795074,759,387823
36047022600,17,5,0,0,2,3,10,0,94.5,14.519398,1.9069413,3.2776482,37.487495,39866.668,23.659306,2259,390773
36047022700,9,22,3,3,16,10,15,1,83,14.203972,4.1778574,3.7918389,39.212608,4559.1396,13.12864,580,993927
36047022800,21,5,0,3,11,3,6,0,90.300003,14.864202,1.1363636,3.2107816,39.28651,32507.693,21.296297,1265,356946
36047022900,6,4,0,0,8,2,3,0,76.400002,10.240846,2.4889381,3.8115144,21.281586,1469.697,12.249651,13,1193687
36047023000,21,8,0,6,30,1,12,0,91.800003,12.968124,1.185677,3.1961989,39.214943,28086.207,24.10161,1468,352521
36047023100,6,5,0,5,5,2,4,0,83.199997,11.345235,1.1028398,3.8693399,19.25329,3290.3228,11.442006,226,1266374
36047023200,61,3,3,6,69,20,21,1,89.099998,13.434027,0.14887599,3.1471462,39.802128,31034.484,13.178295,2475,339991
36047023300,9,14,0,2,8,4,8,0,75.5,11.666881,1.6970725,3.9404891,23.276674,3621.2122,13.350232,90,1396019
36047023400,56,3,6,9,59,26,13,1,88.099998,14.068274,0.76219512,3.0314851,41.751766,15560.606,7.6422768,480,283320
36047023500,13,3,0,0,7,1,9,0,83.699997,12.214952,1.3679891,3.9741492,36.082718,5345.4546,15.225334,218,1593158
36047023600,34,5,5,8,54,22,8,1,87.900002,12.140784,0.77489345,2.9353762,43.297894,18833.334,12.34657,828,281025
36047023800,24,7,3,10,51,24,13,0,87.300003,14.112105,0.2541942,2.8911569,43.604549,16181.818,16.447369,1041,237738
36047024000,15,5,0,3,33,13,7,0,88.400002,14.330879,0.46436034,2.8502166,43.725689,15287.879,5.9713373,1089,233719
36047024100,13,9,1,1,6,2,7,0,89.099998,14.881919,4.950495,3.9590194,36.666668,17642.857,14.416475,637,1536342
36047024200,6,2,0,6,20,13,11,0,85.800003,16.870813,1.7099863,2.7601526,44.103828,11364.864,16.438356,1266,231933
36047024300,5,5,0,1,3,1,4,0,77.099998,10.718069,2.3132084,3.858325,38.905514,4066.6667,19.669031,116,1279353
36047024400,11,1,0,2,6,2,10,0,91.300003,12.815991,3.0703101,2.6003556,45.45499,10383.334,23.438704,797,228576
36047024500,6,8,0,5,6,2,12,0,82.099998,9.6556244,2.2647207,3.7767284,40.342148,3062.4998,14.001692,130,996942
36047024600,2,3,0,1,1,0,9,0,92.400002,12.678067,1.7657446,2.4300714,46.094486,2313.4329,22.648085,813,170829
36047024700,47,13,7,0,8,5,22,0,88,16.936773,3.9370079,3.6888795,37.533577,13000,13.184079,332,864325
36047024800,12,6,1,0,2,5,13,0,94,15.339251,1.1928429,2.5188298,44.920311,13323.528,33.707867,297,224543
36047024900,6,5,0,3,8,5,8,1,79.300003,9.9622364,0.78678206,3.7530906,30.692694,3061.5386,18.421053,84,966204
36047025000,8,3,2,1,1,0,7,0,92.300003,14.064143,0,2.605226,43.977444,5597.0146,31.463749,835,230845
36047025100,0,7,0,0,9,0,6,0,77.599998,10.869828,0.54824561,3.8445067,55.222023,1207.5472,23.137535,65,1218319
36047025200,13,4,5,1,1,5,3,0,93.800003,13.938067,0.4908377,2.4637842,44.510376,6000,43.43211,138,172877
36047025300,0,4,0,2,5,1,3,0,79.800003,11.488685,0.92378753,3.9659283,56.562538,2241.9355,14.49764,132,1528593
36047025400,8,6,0,1,2,7,15,0,91.900002,16.50226,0.27472527,2.3978953,45.467045,5867.647,31.838074,660,157156
36047025500,2,0,0,0,0,0,3,0,64.699997,10.044299,0.35523979,4.0701632,50.708729,92.59259,20.530973,4,1654993
36047025600,3,5,0,0,1,5,7,0,91.699997,11.822585,0.63411541,2.3978953,48.382885,3492.5371,50.936329,301,143516
36047025700,5,4,0,0,3,1,10,0,88.599998,11.29792,3.8147139,4.052155,57.317074,3071.4285,22.794117,624,1658541
36047025800,6,3,0,1,1,9,15,0,92.199997,12.156529,0.21021652,2.3978953,53.688019,2924.2424,28.61244,221,139983
36047025901,3,2,0,0,4,1,3,0,81.800003,13.667,1.2360939,4.0267806,57.317074,6612.9033,12.648222,258,1538686
36047025902,0,0,0,0,2,0,2,0,51.700001,9,0,4.0604429,57.317074,956.52173,46.542553,31,1588464
36047026000,26,4,4,0,1,4,17,0,90.699997,13.867979,1.0261673,2.3978953,44.549446,5904.7617,45.84864,96,151657
36047026100,7,5,0,0,12,2,11,0,82.199997,9.9814997,0.63884157,3.9236059,53.906815,3727.2727,21.539658,326,1405623
36047026200,7,9,1,0,0,2,11,0,88.699997,13.761715,0,2.4046655,44.064816,1229.5082,32.248219,25,164977
36047026300,1,5,0,0,2,0,10,0,66,11.667,1.9607843,3.8687499,51.278126,217.3913,26.115343,834,1245505
36047026400,9,10,0,2,2,7,16,0,93.199997,14.503771,1.4061401,2.3978953,47.249123,5917.8081,34.388779,753,141131
36047026500,5,4,0,3,15,1,9,0,76.699997,9.0768185,1.0047727,3.7714753,51.476284,3500,23.806971,297,1085013
36047026600,6,8,1,1,0,5,9,0,92.099998,12.594069,0.55959709,2.3978953,53.510254,7328.1245,46.953644,381,139571
36047026700,5,3,0,2,2,1,5,0,75.400002,9.9553623,1.1737089,3.7333486,28.727272,2725.8064,22.149643,11,968986
36047026800,4,2,0,1,1,8,6,0,90.699997,10.882451,1.7348203,2.3751402,55.846539,1594.2029,31.542057,64,134935
36047026900,10,2,0,2,6,2,3,0,78.5,12.323978,2.3520188,3.7033303,28.456566,3769.2307,24.985163,86,846657
36047027000,2,2,0,0,0,10,1,0,87.099998,12.054716,2.2484542,2.2158179,55.556473,5134.6152,49.323181,625,128384
36047027100,15,9,0,2,4,10,7,0,78.599998,14.580036,4,3.6493783,23.169205,23376.236,20.449078,2363,702470
36047027200,6,3,0,0,3,3,5,0,90.599998,9.8607578,0,2.3014538,55.59425,1745.098,31.969791,40,130781
36047027300,5,1,0,0,8,0,3,0,75.599998,12.880339,2.1676301,3.6501853,23.922192,6603.4482,25.737053,137,782358
36047027400,8,5,0,3,0,8,7,0,92.400002,11.094671,1.9171779,2.3978953,55.646725,2841.2698,37.02866,374,134900
36047027500,7,4,0,3,4,0,18,0,77.5,9.21068,1.946472,3.7254543,25.170322,761.90472,20.669111,126,878561
36047027600,5,4,0,1,2,1,14,0,94.300003,14.706553,1.0376135,2.3978953,55.468582,8362.0693,49.805256,144,133399
36047027700,4,2,0,2,5,3,5,0,77.599998,8.3473711,1.6877637,3.7660615,20.704144,1825.3969,27.160492,56,1006994
36047027800,11,12,0,2,5,8,17,0,89.599998,14.348998,2.3907104,2.2287378,55.207508,9806.4521,38.148392,347,125418
36047027900,4,6,0,0,6,1,8,0,80.699997,7.0044546,1.6703786,3.8409729,23.381914,3000,29.836065,108,1133625
36047028000,7,6,0,1,2,0,6,0,88.699997,14.743923,2.2421525,2.0794415,55.215473,6821.4282,47.773766,141,111726
36047028100,2,2,0,0,5,4,11,0,81,8.37327,1.2809564,3.9289227,34.835415,2682.5396,27.548807,304,1356231
36047028200,7,4,0,0,1,2,7,0,81.900002,12.573655,0.3058104,2.0794415,55.128746,2371.4285,45.330856,1057,108693
36047028300,0,3,0,2,1,0,6,0,82.199997,10.425236,1.1341083,3.9728425,36.834141,4659.5747,27.228748,356,1476266
36047028400,12,7,5,0,0,7,9,0,93.099998,13.689344,0.53134963,2.1747241,55.248085,5777.7778,38.927444,96,124471
36047028501,3,5,0,0,4,6,9,0,89.099998,11.667,16.241299,4.0256519,35.833332,7093.7495,29.794519,3285,1615503
36047028502,0,0,0,0,0,0,0,0,56.599998,8.8330002,2.5566107,4.0338473,35.833332,956.52173,40.092167,146,1578147
36047028600,9,9,0,0,1,16,7,0,86.400002,11.887563,0.71090047,2.0794415,55.094471,2492.7537,46.064449,33,109080
36047028700,2,9,0,1,4,0,11,0,82.900002,13.0806,3.0921459,3.9519086,32.380093,3137.9312,24.177778,86,1355542
36047028800,23,11,2,0,3,2,10,0,91.599998,13.464453,0.66181337,2.1479602,55.25621,6711.8643,31.388565,187,122424
36047028900,3,7,0,2,9,0,5,0,86.5,10.441084,1.996008,3.8939965,18.245312,1437.4999,23.888184,105,1179232
36047029000,22,6,3,0,6,13,3,0,91.300003,15.597416,1.036001,2.1725938,55.325733,10616.667,39.908722,278,122224
36047029100,2,3,0,0,7,0,2,0,82.900002,11.159409,1.6937669,3.7877181,18.715496,2093.75,34.34269,227,1023132
36047029200,2,5,0,0,1,7,6,0,73.400002,12.032491,2.8763183,2.0794415,55.028015,2012.9871,55.546623,100,107952
36047029300,2,3,0,0,12,0,6,0,79.599998,11.053139,2.7264465,3.7419136,18.181818,2825.3967,31.466665,464,898339
36047029400,8,6,1,0,0,1,0,0,85.699997,13,3.6429872,2.0794415,55.039837,20767.123,51.004017,775,102653
36047029500,5,9,1,0,3,3,4,1,77.5,10.3493,1.9734987,3.6970322,20.605707,781.24994,26.932085,26,792303
36047029600,15,7,2,2,6,41,25,0,92.699997,13.665865,1.3474062,2.1243603,55.24361,6132.5303,44.295864,205,116046
36047029700,6,5,0,3,10,3,8,0,73,12.518373,1.7316017,3.5871181,27.307173,1822.7847,24.047501,161,692109
36047029800,6,12,3,0,5,5,3,0,94.400002,14.039987,2.7601435,2.1561904,55.382317,7870.5884,34.529381,298,118945
36047029900,5,7,0,0,9,1,8,0,74.300003,14.627449,2.5795357,3.3750422,32.334499,5000,22.796934,215,521944
36047030000,7,9,0,0,0,8,7,0,91.5,16.330357,1.619171,2.0794415,55.255272,5320,42.540855,548,112458
36047030100,2,3,0,0,20,1,12,0,83.199997,14.469477,3.242805,3.257611,28.536652,4226.6665,14.589373,708,357883
36047030200,3,2,0,2,2,5,3,0,88.599998,10.305045,1.0175528,2.0794415,55.179913,939.02435,48.98167,29,102811
36047030300,4,1,1,2,9,1,7,0,80.599998,10.356075,0.80096115,3.2118475,17.695885,5295.9185,37.690506,474,337499
36047030400,6,7,0,0,1,1,3,2,86.400002,13.454225,4.521477,2.0794415,55.237877,2869.3181,46.781685,397,97208
36047030500,8,14,0,3,9,5,6,0,88.900002,11.319086,1.8739353,3.730504,47.156624,9432,18.460752,394,853505
36047030600,2,1,0,0,3,2,1,0,86.400002,14.167,0.92165899,2.0794415,55.490978,3786.6665,53.223766,477,100380
36047030700,2,2,0,1,8,1,1,0,74.300003,12.23637,2.4981264,3.2917132,28.539408,7281.5532,34.692768,914,492673
36047030800,3,1,0,1,1,0,4,0,84.800003,13.167,3.8350911,2.0794415,55.740883,1810.6061,53.540375,741,91221
36047030900,3,3,0,0,8,1,2,0,86.400002,11.50578,2.9052876,3.4913564,20.153896,2290.9092,32.292919,108,624631
36047031100,5,3,0,2,1,3,6,0,84.400002,12.625898,2.4492652,3.6125619,22.434546,1999.9999,22.863405,173,677879
36047031300,3,3,0,3,4,0,3,0,85.800003,10.629551,1.9061234,3.6495755,26.532652,2089.5522,24.951456,111,735778
36047031400,6,4,0,1,0,2,8,1,52,11.872853,2.8660139,2.0794415,55.631477,1833.3334,36.28035,771,90929
36047031500,9,9,0,4,9,2,13,0,85.199997,11.679633,1.5435076,3.6561975,35.1982,4202.8984,22.76948,178,799073
36047031701,2,10,0,5,7,3,4,1,81.099998,10.365522,0.61500615,3.6186543,28.628313,4407.4072,27.700832,174,721812
36047031702,2,7,0,1,2,4,10,0,81.900002,12.783014,2.1302495,3.5849297,35.454945,3759.2593,24.231737,145,690474
36047031900,10,11,0,1,12,8,7,0,90.699997,12.008753,0.27647221,3.5603387,36.411259,4913.7935,18.009809,349,626553
36047032100,7,7,1,1,8,0,9,0,88.300003,10.609188,1.4662757,3.5667279,43.529621,1467.7419,14.384033,110,626791
36047032300,5,1,1,2,6,2,4,0,88.300003,10.30295,0,3.5702405,43.849831,2268.6567,24.317226,101,645012
36047032500,7,4,0,1,3,3,7,0,86,12.832999,0.49472296,3.5705309,43.445385,7369.231,26.067289,740,696380
36047032600,6,13,2,0,10,5,9,1,83.400002,11.251244,2.0190366,1.8559341,55.962475,5944.8818,37.406216,161,80028
36047032700,5,4,0,1,1,2,8,0,89.599998,14.750864,4.7706422,3.5681856,42.491138,6955.8818,25.799721,114,597003
36047032800,3,1,0,0,5,3,4,0,83,3.9918723,2.379536,1.9459101,55.957771,10433.333,48.517788,168,79977
36047032900,13,3,1,2,17,4,14,0,86.300003,10.222912,1.1820331,3.5048099,40.670223,4700,36.522709,221,566998
36047033000,2,1,0,0,0,0,1,0,55,6.5416956,2.2613065,1.9631443,55.914829,343.51144,38.860104,224,82939
36047033100,15,0,0,3,31,3,11,0,91,11.373356,0.48146365,3.3955245,28.547016,4472.7275,12,889,516109
36047033300,14,3,0,5,33,10,6,0,84.800003,12.516294,0.61412487,3.4603996,32.233395,5458.3335,14.246387,259,562444
36047033500,15,3,0,8,20,5,10,0,80.900002,12.339753,0.88994364,3.4616165,29.172939,5014.2856,22.413794,167,571224
36047033600,9,4,0,4,10,5,3,0,67.800003,6.8278575,0,1.939333,55.97691,778.62598,40.451057,85,82115
36047033700,8,3,2,3,30,9,4,3,83.199997,14.871395,1.1077264,3.5131965,28.418852,10842.105,28.845072,752,611736
36047033900,5,9,1,3,12,1,8,0,83.400002,10.952346,2.9476787,3.5250461,22.384045,2685.7144,15.319599,56,617432
36047034000,1,3,0,3,0,0,2,0,76.400002,8.5,1.1709602,1.6094379,56.011368,8800,31.97279,579,73303
36047034100,3,1,0,1,2,7,1,0,71.599998,11.827848,1.1811024,3.590925,20.461096,9481.4814,20.983606,172,675807
36047034200,3,6,1,1,3,8,13,0,75.199997,4.1516647,2.4317247,1.7917595,55.985088,2719.1011,32.736389,349,78211
36047034300,3,2,0,1,5,3,4,0,67.599998,8.5930948,0.20554985,3.5583332,20.08428,1682.5397,28.317154,306,626245
36047034500,3,2,0,3,8,1,5,0,75,9.752039,0.4576659,3.4108839,22.952921,809.5238,22.681992,112,607759
36047034700,2,3,0,1,5,0,11,0,85.900002,9.3725195,1.1644833,3.285917,19.576719,1518.5184,27.007299,276,478328
36047034800,9,9,0,1,3,5,12,0,75.800003,14.769946,5.5555556,2.0626795,55.918442,4837.8379,35.78199,121,84369
36047034900,23,19,2,1,10,9,22,0,86.300003,13.76395,0.83822297,3.234056,28.020571,5063.4922,30.241936,287,406776
36047035000,6,7,0,0,2,2,6,0,73.099998,11.80829,3.7970314,1.7917595,55.971733,2052.6316,32.419353,175,75070
36047035100,15,9,1,0,10,8,28,2,87.800003,13.703697,2.0920502,3.3101242,28.87324,3952.3809,34.285717,264,447047
36047035200,3,11,1,1,4,2,3,0,42.700001,15.5,8.4507042,1.6094379,55.996426,874.99994,17.021276,613,70555
36047035300,6,4,0,1,8,3,11,0,85.699997,11.155656,1.2552301,3.3787162,28.87324,1063.4921,26.794624,247,491349
36047035400,9,5,3,0,2,14,4,0,75,13.051258,1.3685239,1.8767909,55.994015,4753.4248,44.211933,1865,77844
36047035500,7,4,0,0,7,3,8,0,92.900002,11.786913,1.302366,3.2529948,27.977037,2905.6604,41.648777,139,404919
36047035601,4,0,2,0,0,13,0,1,52.299999,14.833,0.78094494,1.7917595,55.995964,5840,42.920746,131,78000
36047035602,6,3,0,1,3,13,2,0,76.199997,15.630468,1.6329863,1.7917595,55.132767,2671.6418,33.25111,140,75547
36047035700,5,1,0,0,3,0,5,0,59.099998,12.5,3.8834951,3.2057183,18.625769,285.71429,22.305229,11,398441
36047035900,3,1,0,2,10,0,6,0,84.800003,9.6117363,2.9640608,3.1780539,17.787678,2154.9294,28.603476,220,326943
36047036001,27,4,2,3,1,13,8,0,91,15.403101,1.0016694,1.7097074,54.375034,7081.0811,44.42326,126,72257
36047036002,11,9,2,2,2,11,3,0,94,14.317214,0.55126792,1.6094379,54.364376,11969.697,47.335907,154,71791
36047036100,1,2,0,0,8,1,2,0,85.300003,12.942885,2.2914757,3.1426423,17.826147,7490.5659,40.374611,175,294888
36047036200,22,14,2,0,1,46,18,0,88.5,17.479559,1.8399264,1.7639089,54.317497,20257.576,33.838383,1505,75236
36047036300,6,2,0,0,15,1,3,0,78,10.766528,2.4473813,3.1660929,19.754536,1050,39.436619,106,296894
36047036400,12,6,0,1,6,8,10,0,82.599998,15.5,2.2045855,1.7917595,54.256886,6981.8184,24.689165,451,76779
36047036501,0,4,0,1,4,1,5,0,79.900002,11.65554,1.9600157,3.2415154,32.550873,2551.0205,30.927834,219,297085
36047036502,0,0,0,1,6,2,2,0,84.800003,15.167,4.6511628,3.1552198,38.080448,5297.8726,23.787529,280,303691
36047036600,7,2,0,1,1,21,6,1,79.5,13.206322,1.7478152,1.7917595,54.202717,38222.223,34.915085,3595,83318
36047036700,3,1,0,0,3,1,3,0,84.199997,16.024708,7.3529412,3.1986187,33.684593,8633.8027,52.420471,496,303345
36047036900,11,10,0,0,15,5,19,0,83.599998,12.689757,2.2615132,3.2508192,32.550873,1125,30.852503,299,316110
36047037000,11,6,1,2,5,7,6,0,81.099998,13.884362,2.34375,2.0460021,55.098953,5546.1538,39.183224,3551,96830
36047037100,4,2,0,1,3,0,6,0,85.199997,11.241554,1.5310586,3.2624898,30.428358,4054.7947,29.56846,285,375850
36047037300,8,1,0,3,6,2,7,1,80.199997,10.654401,1.9021739,3.3151965,35.413609,2878.7878,29.616924,147,392012
36047037401,7,0,1,0,2,16,7,0,79.699997,13.021164,1.8577495,2.0794415,55.917534,1977.0116,34.868053,176,92195
36047037402,3,11,1,1,0,7,6,0,73.099998,13.513747,1.9193858,2.0794415,55.865726,3672.4138,40.053764,468,90113
36047037500,7,7,1,1,12,2,10,0,87.300003,12.357161,2.6498841,3.5113485,42.183441,11377.049,39.604683,728,616733
36047037700,9,7,0,4,10,0,10,0,71.300003,9.7304764,2.6096033,3.4143722,40.148689,520.54797,25.030157,22,538920
36047037900,3,5,0,0,10,4,6,0,88.400002,11.409003,1.7552658,3.3220663,33.051365,352.11267,18.380615,148,431790
36047038100,5,6,0,1,11,2,4,0,70.400002,9.0624561,0.88948188,3.4578137,38.572289,782.6087,19.695045,44,661298
36047038200,0,4,0,0,0,0,2,0,62.599998,10.454461,0.35341933,2.0794415,55.46096,4466.6665,36.148651,229,98028
36047038300,5,3,0,0,10,0,4,0,77.099998,10.865371,1.9564686,3.5515449,39.458996,2194.0298,28.62995,193,704786
36047038500,6,5,1,0,10,1,6,0,75.099998,9.8633928,1.9575856,3.6634202,30.369873,1283.582,29.349735,160,765140
36047038600,5,3,0,0,2,10,11,0,90.099998,16.570316,1.8209408,2.0794415,55.599258,3979.3813,37.249287,207,104358
36047038700,5,5,1,3,14,5,3,0,81.699997,12.724418,3.0236394,3.7759473,20.423599,4219.1782,32.045185,1230,885090
36047038800,13,0,0,0,3,6,4,0,90.400002,11.432614,0.504923,2.0794415,55.773113,2736.8423,40.236317,67,106914
36047038900,15,13,0,1,6,6,9,0,89.800003,15.511516,2.0804438,4.0287457,35.753372,9984.127,25.825245,250,1566741
36047039000,9,1,0,2,2,5,4,0,87.400002,11.028656,0.94206312,2.0794415,55.942066,1925.373,35.430466,48,104203
36047039100,1,7,0,0,4,2,2,0,85.900002,14.461196,1.1013216,4.0331283,29.685532,6703.1245,21.986753,181,1533313
36047039200,23,9,1,0,1,14,13,0,89.400002,15.105847,0.84210526,2.1411502,55.961079,3716.4177,34.81953,92,113502
36047039300,10,5,0,0,6,6,7,1,86.599998,13.946926,2.9154519,3.9137475,22.873964,4835.6167,22.004478,383,1258173
36047039400,19,5,0,2,3,5,0,0,86.900002,14.597414,3.3347228,2.1972246,55.87286,3689.1892,40.819424,228,119170
36047039500,15,1,0,1,7,0,11,0,83.099998,13.274679,1.1514105,3.7983246,25.637831,3500,29.331993,22,947515
36047039600,19,3,1,4,6,7,4,0,83.599998,13.671154,1.4197823,2.1807241,55.61919,4920.6348,46.666668,82,114939
36047039700,10,2,0,1,7,2,5,0,79.199997,13.785064,1.2949174,3.5103612,35.351303,4065.5737,25.649351,128,623888
36047039800,16,11,2,1,0,12,12,0,88.199997,16.5,1.6488046,2.0885878,55.443134,6846.1538,34.012402,250,108194
36047039900,1,3,0,2,8,0,8,0,84,11.421399,0.46446818,3.5189185,31.916235,1344.8276,24.047619,89,581268
36047040000,13,10,1,2,1,8,8,0,90.300003,17.452629,1.237241,2.1537478,55.467724,7000,39.300999,113,115596
36047040100,4,5,1,0,6,4,10,0,80.599998,12.13027,3.0057109,3.3357527,21.494934,1387.0968,40.609451,186,402104
36047040200,8,6,0,0,2,7,8,0,87.099998,16.340593,3.2560033,2.0794415,55.371571,4513.1582,38.118813,116,109763
36047040300,7,4,0,1,8,3,15,0,76.300003,13.45168,2.3689665,3.2671678,16.369911,7753.0864,32.852852,372,353324
36047040400,5,4,0,1,0,5,6,0,92.800003,14.350357,2.6408451,2.1789815,55.4935,5966.1016,47.314053,189,119219
36047040500,1,0,1,0,0,0,6,0,80.800003,12.85793,1.3192612,3.2182074,32.550873,3603.7737,33.212997,51,314979
36047040600,3,1,0,0,0,0,5,0,90.800003,8.657383,0,2.1972246,55.483955,736.8421,39.174561,25,116177
36047040800,5,4,0,1,2,6,9,0,93.099998,13.148811,0,2.1972246,55.553642,2254.2373,39.653976,35,117595
36047040900,3,5,0,0,3,0,9,0,80.400002,9.7726421,1.6255757,3.3398168,11.671925,1523.077,22.152618,37,362342
36047041000,6,1,0,0,1,1,0,0,89.300003,12.211935,0,2.1972246,55.585014,763.63635,29.222975,625,120824
36047041100,3,0,0,1,3,0,2,0,78.699997,8.7258186,1.5792798,3.3163438,12.741125,423.0769,40.563381,92,362130
36047041200,9,6,1,4,2,16,9,0,92.099998,15.536347,1.0053619,2.1972246,55.796097,12109.374,45.144157,1341,127156
36047041300,4,4,0,1,1,3,9,0,81.300003,10.792595,1.8334206,3.3672957,16.526499,380.95236,28.960535,68,400774
36047041401,13,2,3,1,1,0,6,0,72.300003,11.991151,0,2.1972246,55.638897,3461.5383,35.433071,185,122242
36047041402,4,0,0,4,2,11,2,0,68.300003,10.110023,1.1961722,2.1972246,55.715015,593.22034,48.270676,32,124008
36047041500,2,1,0,0,6,0,4,0,82,9.4056063,0.75719334,3.4379845,12.682521,365.07935,25.737131,94,538355
36047041600,2,1,0,3,9,1,5,0,86.199997,13.728997,0.71428571,2.1972246,56.008949,4936.5078,26.190477,347,124464
36047041700,6,4,0,1,5,2,3,0,82.599998,10.014905,1.4025245,3.6966517,14.642838,722.22223,18.647688,11,728745
36047041800,26,12,1,2,9,17,13,0,86,16.173138,2.2234575,2.1972246,56.023926,8238.0947,24.154591,300,127237
36047041900,5,1,0,0,6,3,10,0,83.900002,11.183372,0.78554595,3.7843173,16.723549,1152.5424,22.193211,28,965991
36047042000,29,8,0,0,9,6,5,0,87.099998,14.720391,2.0822488,2.3025851,55.22081,10138.462,11.740891,1236,134954
36047042100,5,3,0,0,3,0,10,0,85.900002,11.630688,2.2253129,3.8717382,17.87422,1796.6101,23.211679,66,1089531
36047042200,22,8,1,2,9,7,25,0,84.800003,14.606428,0.64350064,2.2497983,56.004955,8863.6367,27.05966,505,129850
36047042300,4,8,0,1,10,3,10,0,91.099998,13.902203,1.4789253,3.997673,17.262243,11314.286,13.66774,664,1358993
36047042400,4,3,0,0,1,8,1,0,92.099998,12.563939,0.9765625,2.2686837,55.939037,3370.9678,45.425014,236,131659
36047042500,4,6,0,0,3,0,2,0,87.199997,11.097387,1.2541806,4.0289888,19.456194,4015.3848,15.225879,38,1563248
36047042600,5,14,1,0,2,15,17,0,93,14.787132,0.96408773,2.2496321,55.805908,6378.7881,41.982506,176,129045
36047042700,9,17,0,1,5,1,14,0,90.900002,10.147664,1.0357328,4.0236282,16.900213,3103.4485,10.561172,57,1568086
36047042800,5,3,1,1,1,15,5,0,92.599998,12.001446,1.5364917,2.2696884,55.722294,6093.7495,42.396908,328,125965
36047042900,21,13,0,1,2,7,13,0,85.699997,12.268637,0.94503071,3.9901185,15.866317,3800.0002,20.840755,39,1382224
36047043000,9,9,2,0,1,12,12,0,90.5,13.936336,1.3188262,2.3266227,56.042164,9241.9355,30.075186,144,133997
36047043100,49,9,2,1,4,10,21,0,90.800003,15.325404,1.3011152,3.879024,13.234165,11000,12.181209,666,1097185
36047043200,12,5,1,1,1,12,14,0,95,15.117948,0.21372088,2.3556843,56.26186,5140.3511,43.502541,169,135803
36047043300,6,11,1,2,1,5,13,0,83.400002,13.046268,1.814059,3.7273951,11.671925,5400,23.755924,1387,847005
36047043400,5,0,0,0,0,14,8,0,93.300003,14.773546,0,2.3169861,56.286179,5277.7778,39.070683,376,136040
36047043500,2,9,0,0,5,4,11,0,86,10.924506,0.3893323,3.5165322,11.671925,2784.6155,21.618151,384,543509
36047043600,7,9,0,1,1,4,15,0,93.800003,12.993125,0.21640338,2.3978953,56.656837,6773.585,35.241856,254,143031
36047043700,1,8,0,0,1,2,17,0,83.199997,10.184884,1.1257036,3.3664153,11.671925,1923.077,23.806387,239,391503
36047043800,19,1,0,5,3,5,4,0,86.599998,14.774323,0,2.3025851,56.392818,2066.6667,28.440369,33,136332
36047043900,7,18,5,2,0,8,15,0,90.800003,12.705324,4.1450777,3.4995427,11.671925,8740.2598,19.946524,1716,500144
36047044000,9,3,0,2,11,6,8,0,84.699997,12.498075,1.1485452,2.3717425,53.280903,2833.3333,34.317719,96,145521
36047044100,4,8,0,1,2,6,8,0,91.800003,12.627588,0.44984256,3.7569742,11.671925,3381.8181,21.953011,170,974221
36047044200,8,0,0,4,16,3,1,0,82,11.08149,0.40600893,2.3515394,52.660183,8464.7881,20.970537,684,142657
36047044300,5,9,0,0,5,38,14,0,92.099998,12.632035,0.63492063,3.8802419,11.671925,39859.375,13.572542,2682,1154755
36047044400,5,3,0,0,4,11,4,0,83.900002,12.639255,0.91240876,2.4702137,49.84626,4507.4624,19.88728,295,150077
36047044500,8,8,0,0,2,10,8,0,91.400002,13.70723,1.7057569,3.9759133,11.677743,7796.8745,19.199659,175,1366229
36047044600,5,1,0,0,1,7,1,2,92.099998,15.617811,3.3726813,2.3978953,51.391895,9363.6367,39.160046,447,148757
36047044700,9,7,0,0,0,0,6,0,94.400002,15.333334,0.43233895,4.020484,13.617539,12475.41,11.547525,119,1543696
36047044800,7,1,0,0,3,8,2,0,76.300003,14.323148,0,2.4849067,50.60828,3211.7646,22.421524,116,171934
36047044900,33,11,0,2,1,1,19,0,84,12.534597,6.7873303,4.0272036,33.6875,8782.3955,26.056946,1677,1705407
36047045000,4,0,0,0,2,1,1,0,61,15.833,6.0240964,2.6306891,50.262978,5655.1724,7.7380953,309,182868
36047045200,4,0,0,1,19,12,2,0,79.699997,11.638184,1.1627907,2.4979889,49.999466,1430.5557,20.491802,70,178852
36047045300,15,6,0,2,1,0,9,0,93.800003,16.204025,5.8047493,4.0234571,19.419315,15528.455,11.863057,364,1625964
36047045400,21,2,1,2,17,3,2,0,85,14.462438,2.8571429,2.4849067,49.633759,49666.668,17.80455,3523,174821
36047045600,20,2,0,2,7,5,5,0,82.800003,10.772581,2.6143791,2.7974796,44.110897,9915.2539,21.375,809,241968
36047045800,2,1,2,6,2,3,0,0,72.900002,11.612796,3.0257186,2.7742467,45.915157,898.55072,30.666668,80,241503
36047046000,10,10,2,1,4,16,11,0,66.699997,11.913455,1.5518312,3.0059052,39.853573,6210.5264,17.355984,359,251330
36047046201,9,2,0,0,3,7,11,0,76,13.645793,1.2970169,2.8364854,42.32349,3980,21.284636,200,241356
36047046202,12,1,0,1,4,12,3,0,83.699997,14.546,2.2234575,2.7561591,47.080467,4352.9409,20.157068,72,235749
36047046400,4,0,0,5,10,3,3,0,83.199997,13.043604,0.72992701,2.7402313,45.409073,23338.463,15.430622,737,234221
36047046800,8,3,0,0,3,3,5,0,71.800003,15,1.1926058,2.584821,46.198166,1360.3604,18.649517,58,229187
36047047000,7,1,0,3,29,12,10,0,82.199997,13.527865,0.60994206,2.778594,45.185059,10171.429,18.404119,1257,235999
36047047200,18,3,0,5,35,5,5,1,80.599998,13.804036,0.63331222,2.7906845,44.905739,5507.4624,13.375796,510,237118
36047047400,30,3,1,9,40,1,17,1,80.800003,14.739145,2.9761905,2.8421569,44.24984,5999.9995,15.272244,251,239144
36047047600,43,4,0,6,53,6,11,1,87.599998,14.584727,1.2863391,2.9497409,43.509884,6075,18.862816,285,242577
36047047700,5,3,0,0,5,4,5,0,90.800003,15.811144,1.6233766,4.0901513,34.047211,4470.5884,6.9210625,328,1742833
36047047800,22,3,0,2,34,5,8,0,88.699997,16.105028,0.42417815,3.0574169,40.312183,20470.588,21.742313,1769,251998
36047048000,14,6,2,3,9,5,16,0,87.099998,15.776052,0.53290701,2.9754994,41.049164,7033.8984,16.178522,1883,246717
36047048100,4,5,0,1,2,0,3,0,93,13.192908,0.36456435,4.0496998,33.122597,10051.725,6.6251411,57,1738566
36047048200,4,5,0,6,6,9,12,0,84.300003,11.431855,0.86221762,3.0869491,39.303581,22828.947,20.852642,225,257106
36047048400,7,5,0,2,14,15,11,0,80.900002,14.576513,0.57614749,3.0826328,39.452564,5160.4937,25.024107,253,256671
36047048500,21,11,0,0,3,0,12,0,93.5,14.56105,3.003003,4.0202475,34.535496,13142.856,11.980307,1319,1677289
36047048600,10,8,0,0,8,10,23,0,91.599998,15.249585,1.6273393,3.2185869,39.744125,12602.94,28.46821,218,358141
36047048800,6,4,0,0,7,6,6,0,85.099998,10.669489,0.53404539,3.2333283,39.546204,3181.8181,25.853985,296,361540
36047048900,1,0,0,1,0,0,0,1,57.5,9.8519573,0.23758612,4.0198793,35.833332,485.71429,38.819523,32,1646467
36047049000,4,1,0,3,9,26,12,1,79.400002,13.69265,0,3.2211144,39.235245,3337.8379,25.40766,145,348857
36047049100,49,8,4,4,3,12,19,0,86.699997,14.910373,1.7073587,4.0521712,39.834099,29353.658,17.663519,1922,1673492
36047049200,8,13,0,0,3,4,14,0,84.699997,15.799578,1.7391304,3.266103,38.891289,6453.1245,27.745665,247,366049
36047049300,13,16,0,3,5,9,16,0,80.199997,12.660023,1.0749798,4.0449839,37.061268,3011.3638,12.285883,143,1698750
36047049400,4,3,0,4,2,15,6,0,79.599998,13.660072,0.53466405,3.3078208,39.385929,7450.7041,31.906614,558,366950
36047049500,22,19,2,3,3,12,15,0,91.599998,15.531294,2.8432169,4.0796537,33.631996,8640,7.0068026,191,1737284
36047049600,11,5,1,1,3,3,12,0,89,14.841516,1.9831433,3.337348,38.393925,11743.59,32.625584,1381,402905
36047049700,13,20,1,1,0,10,15,0,94.599998,16.445831,2.6286143,4.1125121,33.851349,8859.375,2.5125628,145,1745303
36047049800,3,4,0,0,1,3,1,0,87.900002,13.210794,2.2614202,3.3803942,37.305634,4354.4302,26.827093,325,470072
36047049900,3,4,0,1,2,3,5,0,92.300003,15.765509,2.9429076,4.1261425,34.75724,7611.1108,13.103448,323,1768177
36047050000,2,3,0,2,5,2,4,1,85.199997,12.035741,1.6634322,3.4637084,37.172211,3519.4805,27.588268,705,477746
36047050100,6,6,0,2,1,2,7,0,94.800003,14.464992,2.1420921,4.1262045,33.73494,18671.641,9.5739346,957,1744778
36047050202,1,4,0,2,0,2,2,0,82.099998,12.796117,0.43159258,3.5672054,31.976734,2814.8147,20.585625,120,555970
36047050300,15,22,0,0,3,7,18,1,90.699997,14.00974,1.8719581,4.1185069,33.73494,7333.3335,14.939759,92,1731176
36047050400,7,9,0,2,4,12,7,0,84.400002,15.425446,1.5555123,3.459038,39.373829,3422.2222,26.629936,354,478563
36047050500,9,9,0,1,11,4,7,0,84.900002,12.818558,1.4807502,4.0712762,36.452335,2907.6924,7.7956991,410,1716564
36047050600,4,4,0,2,3,4,4,1,80.800003,12.785124,1.6538037,3.4024854,38.117699,5781.2495,24.288923,431,453995
36047050700,9,7,0,1,5,12,5,0,89.800003,17.833,2.6396832,4.0715828,40.132156,24313.432,11.571675,1504,1664696
36047050801,20,0,2,1,3,2,5,0,89.5,13.53676,1.0556875,3.3988791,33.276722,8533.334,27.66909,42,460558
36047050803,10,3,0,0,5,3,14,0,89.599998,15.333,2.6809651,3.4965076,35.583004,9954.5459,16.482582,121,494824
36047050804,0,1,0,4,2,8,0,0,85.699997,9.4808311,0.5036092,3.5054431,35.078903,1375,21.331688,59,490957
36047050900,9,3,1,2,4,0,6,0,91.099998,16.149157,1.3422819,4.0885696,36.277557,4345.4546,11.468382,65,1697865
36047051001,8,0,0,3,4,0,2,0,90.300003,11.767235,0.26469031,3.3584139,33.131927,13300,37.327824,76,379325
36047051002,28,9,0,0,6,5,11,0,86.300003,12.744379,0.43252595,3.3672957,33.138138,6390.2437,37.884872,42,417790
36047051100,5,6,0,0,4,4,4,0,85.199997,12.791332,2.6795284,4.0957685,32.083836,5245.9014,25.084257,156,1716800
36047051200,8,3,0,2,6,3,7,0,83.199997,11.266129,0.14834594,3.3672957,34.289337,6018.5186,36.007984,272,378216
36047051300,13,20,0,1,2,2,20,0,92.300003,16.773054,3.4381139,4.1271343,31.284794,7380,8.9682064,180,1722651
36047051400,6,6,0,2,6,7,3,0,79.400002,13.8099,0.38794776,3.2654288,40.042202,2942.8572,21.156773,105,373291
36047051500,3,9,0,1,0,4,1,0,81.699997,15.167,3.7707391,4.1117916,33.838573,2986.1113,12.035661,146,1770452
36047051601,7,5,0,0,6,2,5,0,86,13.149435,0.68917988,3.2188759,42.43079,2244.4443,24.221184,36,272220
36047051602,4,6,0,0,3,7,12,0,88.300003,13.727854,0.31565657,3.2350819,43.805477,3714.2856,28.101557,45,275812
36047051700,23,10,0,3,0,4,6,0,70.599998,16.736225,3.6210018,4.1292133,32.426868,9055.5557,1.1494253,438,1774160
36047051800,5,2,0,0,7,14,8,2,65.699997,13.653239,0.86455331,3.2188759,39.112816,2858.9744,25.184273,147,268895
36047051900,20,16,1,4,6,8,7,1,94.599998,16.180801,1.317176,4.1270356,32.53442,10471.698,2.4093049,1075,1743364
36047052000,12,11,1,2,1,15,25,0,72.699997,13.868705,0.46479201,3.1938736,38.86607,4500,22.598309,262,265093
36047052300,18,27,0,3,3,3,18,0,91.900002,14.2559,0.17917936,4.1290774,28.467667,11200,9.7040091,562,1740726
36047052500,26,10,6,1,9,1,15,0,80.5,15.856481,6.0471038,4.1314354,28.467667,44395.832,6.5404472,2142,1736324
36047052600,8,10,0,3,3,9,14,0,70.900002,14.794356,1.2658228,3.2035508,38.71059,5092.3081,27.894295,494,260428
36047052700,8,5,0,3,4,5,17,0,90.699997,12.939452,1.6583748,4.1253419,28.467667,17837.838,6.8644361,2314,1721735
36047052800,22,1,0,2,3,13,9,0,52.599998,12.833,0.44782803,2.9819715,39.652912,1514.7058,41.615669,857,251171
36047052900,15,5,2,7,40,10,12,1,89,16.999371,0.77399381,4.1109571,28.501331,18926.469,8.1994925,1603,1719424
36047053000,9,1,1,3,8,4,1,0,82.300003,15.519835,0.93196645,2.801455,41.848755,10208.955,30.859106,956,243538
36047053100,20,0,1,6,28,4,9,0,91,14.781838,0.64935065,4.1003451,40.969772,25451.613,9.2043009,1846,1670512
36047053200,6,3,1,1,5,1,5,1,67.5,14.443413,1.1131725,2.7739155,42.935646,3940.2983,29.194313,241,243095
36047053300,50,5,0,6,89,12,25,1,84.900002,13.822551,0.27300027,4.1363602,28.539185,17493.332,6.7897558,2129,1716955
36047053400,28,11,8,2,15,7,20,1,85.5,14.061433,0.83495686,2.5618629,48.463688,23477.611,17.44453,459,183853
36047053500,35,3,0,6,61,7,16,1,86.400002,14.728992,0.6860279,4.1394753,28.467667,50060,3.4132843,799,1722698
36047053700,9,0,0,3,19,5,9,0,90.900002,14.691679,2.3788284,4.13063,22.26543,27984.617,3.9141412,649,1701546
36047053800,20,6,3,4,4,17,19,0,85.199997,14.871572,1.8095454,2.4336133,47.933533,75015.875,21.680376,4865,161546
36047053900,5,0,0,3,44,1,3,0,84.300003,10.505521,1.3477089,4.1431346,28.467667,7230.769,11.637348,393,1717303
36047054200,10,12,0,2,15,8,6,0,85.199997,11.815524,0.44023773,2.3636105,48.192635,12493.15,32.330826,1208,144130
36047054300,21,6,1,0,0,1,2,0,67.800003,13.633028,57.692308,4.0702472,16.380543,8211.8232,17.142859,1330,1713005
36047054400,5,0,0,1,9,17,3,0,78.099998,12.322428,0,2.3978953,47.611416,2205.4795,22.337278,141,143478
36047054500,7,1,0,1,45,0,7,0,80.300003,9.9766407,0.8336807,4.1314659,28.467667,9523.0771,10.687831,144,1731400
36047054600,3,0,0,1,10,34,3,0,87.199997,13.748382,1.6798656,2.3978953,46.88871,21957.143,26.707047,1628,143472
36047054700,7,3,0,1,14,5,7,0,86.099998,12.207649,0.1934236,4.1394796,28.467667,10015.385,9.2540655,466,1731504
36047054800,6,2,0,1,9,11,0,0,80.599998,11.333,1.6680567,2.2895858,50.690716,1044.7761,25.508821,58,137783
36047054900,18,11,1,1,5,10,9,0,93.800003,13.966916,3.33667,4.1440439,28.467667,89586.664,7.9857578,1754,1738777
36047055000,5,4,1,2,2,45,7,1,84.5,14.832193,2.7816412,2.274436,51.734024,6101.4492,48.72654,309,136217
36047055100,21,22,1,3,6,3,6,0,91.400002,11.282722,2.0746888,4.1304932,29.255951,9224.7188,12.883655,576,1744644
36047055200,22,16,9,3,5,27,14,0,90.199997,15.7189,3.4172103,2.2392242,54.625137,19753.848,37.116154,1370,136981
36047055300,28,47,1,3,5,2,22,0,94.300003,16.438494,2.829426,4.1299038,32.361309,53000,7.7235775,319,1746138
36047055400,47,15,6,1,2,105,13,0,93,14.150681,2.1109771,2.2284408,56.588383,38153.848,38.037136,2488,132933
36047055500,31,23,0,3,3,5,5,0,93.199997,15.667,1.4104372,4.136095,32.368294,12792.079,8.9818897,617,1747164
36047055600,13,4,0,2,5,26,1,0,89.699997,12.679303,0.54451402,2.1972246,56.303734,10760,27.574524,1247,125430
36047055700,10,6,0,1,1,1,3,0,89.5,15.346739,2.5542784,4.1312184,32.656673,13596.331,10.586553,509,1768002
36047055800,2,0,0,0,3,2,1,0,85.300003,12.576542,0.92165899,2.1972246,56.202065,3212.1213,19.544985,33,127131
36047056000,7,1,0,0,6,26,1,0,85,13.308836,2.907916,2.1972246,53.378323,3211.2676,39.856113,308,128315
36047056100,28,6,4,1,3,4,11,0,86.5,13.513307,2.3939808,4.1431346,34.046257,14242.425,9.0738125,1152,1769541
36047056200,5,1,0,1,0,3,1,0,81.900002,11.312963,1.1104942,2.1972246,51.322109,1287.8788,33.115826,26,125216
36047056300,12,6,0,2,2,2,7,0,81.300003,12.599796,1.9641542,4.17097,40.50589,4173.333,22.579493,203,1769198
36047056400,7,2,0,1,7,5,6,0,82.199997,13.729837,6.0422961,2.1972246,45.99102,1478.8732,26.086956,67,132238
36047056500,23,16,1,4,6,12,13,0,86.099998,15.662947,3.6435906,4.1446629,39.673279,9659.7939,4.8970504,415,1767933
36047056600,3,3,0,1,2,12,3,0,84.800003,14.435655,2.4322446,2.1084292,51.416927,6363.6362,52.350597,386,118684
36047056800,1,0,0,1,0,2,0,0,86.5,14.554504,5.6980057,1.9208519,51.1311,3666.6665,39.276485,142,110315
36047056900,31,25,0,3,0,7,10,0,91.900002,16.895916,6.0402685,4.1384382,34.049,13897.96,11.077542,226,1771526
36047057000,7,12,3,1,4,14,1,0,78.300003,13.38151,3.7735849,1.6874317,51.372082,8009.9009,46.432964,465,106247
36047057100,13,13,1,3,3,15,16,1,93.099998,13.683173,0.94562648,4.1308632,34.699806,8661.7646,16.998106,370,1773545
36047057200,2,0,0,0,1,0,1,0,46,9.2543745,0.8492569,1.5535976,51.704502,414.89365,44.808052,33,101319
36047057300,9,3,0,1,2,3,4,0,94.800003,13.890862,0,4.1445484,34.007034,14984.849,7.8998075,972,1770431
36047057400,9,10,0,2,1,4,7,0,87.199997,14.352785,0.74626866,2.144146,52.004108,2803.2786,33.870968,67,112378
36047057500,17,13,5,2,4,22,18,0,93.400002,15.394205,2.6525199,4.1513052,22.056198,7722.2227,6.2473798,241,1766955
36047057600,10,7,1,2,1,15,8,0,86.199997,15.763856,1.2630249,2.1913164,52.918793,4295.082,43.435757,818,114942
36047057800,24,14,3,0,2,33,11,0,88.5,17.137297,2.8204325,2.1972246,53.07988,9227.2725,28.619247,502,119528
36047057900,17,7,0,1,0,0,12,0,89.900002,12.907893,8.6705202,4.1688895,14.528915,7353.8462,14.592934,656,1766422
36047058000,17,5,2,2,1,13,17,0,88.199997,15.528269,1.1108026,2.1972246,53.794235,5409.8359,42.068218,246,119576
36047058200,27,14,1,0,1,3,12,0,88.900002,14.567629,1.7182131,2.1972246,56.150997,10145.161,27.588934,200,121596
36047058400,8,3,0,0,1,14,3,0,91.099998,14.525492,0.58021468,2.1257656,54.320473,3835.6165,44.176708,830,108421
36047058600,8,2,0,1,5,3,3,0,86.199997,12.864579,0,2.1372504,53.567863,4682.5396,38.355167,48,108965
36047058800,7,7,1,1,0,16,3,0,90.800003,15.090485,1.6087516,2.0016418,54.027542,10016.129,36.135956,510,98682
36047058900,10,3,0,0,1,1,3,0,86.599998,11.852185,1.7201835,4.1340232,34.059658,11333.333,14.14791,143,1765734
36047059000,6,3,3,1,3,1,3,0,82.699997,15.833,1.6322089,1.9410676,53.929512,13639.344,37.7892,780,95991
36047059100,6,4,0,1,2,2,8,0,77.199997,11.503619,0.5535566,4.1271343,34.358173,2432.4324,17.526964,51,1765639
36047059200,7,5,0,0,2,35,4,0,88,15.218181,1.8854584,1.9766223,53.557705,6129.4116,37.631329,740,101062
36047059300,10,1,0,0,0,0,4,0,95.800003,10.39077,2.8074116,4.0831151,33.776154,10178.082,23.907227,16,1768088
36047059401,10,14,0,0,3,22,15,0,85.699997,13.816851,1.6023307,1.8770617,53.37669,4000,36.719639,577,100616
36047059402,20,12,4,3,2,16,15,2,82.300003,11.947547,1.5486726,1.7590584,52.739166,5304,43.747349,229,100170
36047059600,3,2,1,1,1,5,4,0,83.199997,13.054199,2.8063611,1.3862944,52.423534,4850.7461,44.091709,141,96279
36047059800,1,0,0,2,1,9,1,0,82.300003,14.520941,3.0420354,1.2066865,52.219162,2220.7793,33.636955,139,91075
36047060000,25,11,4,3,6,45,9,0,82.199997,14.2582,1.662664,1.4713634,53.503193,4564.7061,45.067333,472,88304
36047060600,16,9,2,2,0,50,16,2,87,17.654366,2.259887,1.800102,54.112064,18957.143,32.427845,1743,90454
36047060800,16,25,0,1,1,14,5,0,75.5,16.713034,7.1479628,1.6610645,53.966602,9720.7793,33.056377,804,82201
36047061002,4,3,1,4,2,27,4,0,65.800003,14.169162,0.88280733,1.523439,54.353821,2325.5813,39.516129,145,70524
36047061003,9,2,0,0,0,16,6,0,91.699997,13.958356,4.491018,1.7675138,54.245937,3322.5808,38.018742,15,76484
36047061004,11,4,0,1,8,33,17,0,89.5,11.603315,1.5734266,1.5562993,54.298271,5712.644,52.308422,477,74636
36047061200,2,0,0,3,2,12,2,0,72.5,13.167,2.0080321,1.3862944,54.024143,688.31171,27.765728,40,75120
36047061600,6,2,0,1,0,10,0,0,66.400002,8.8330002,6.6592675,1.2680132,53.636944,2266.6667,41.927086,899,58873
36047062000,1,2,0,0,2,11,0,0,71.400002,11.163612,3.3057851,1.3397744,53.911133,1168,37.349396,144,64929
36047062200,10,11,0,3,0,8,3,0,86.099998,15.915242,5.6379822,1.0986123,52.282936,10563.83,34.974533,868,69740
36047062600,4,1,0,0,0,6,3,0,84,12.290069,0,1.1091805,51.638535,796.74792,45.315487,259,95346
36047062800,8,5,0,4,4,7,11,0,74.900002,14.491651,2.617801,0.83810657,51.310032,996.69965,32.65403,153,83126
36047063200,1,0,0,0,1,3,2,0,85.900002,12.821059,2.6791695,1.3862944,50.937126,5244.4443,34.351147,212,104228
36047063600,1,0,0,1,0,1,0,0,81.699997,11.667,4.0983607,2.1446774,42.759426,636.36365,35.220127,48,130702
36047063800,0,2,0,0,0,0,0,0,84.099998,13.625125,6.9605568,2.1167574,44.718113,1000,38.946014,112,126814
36047064000,1,2,0,2,1,6,5,0,84.599998,12.864997,2.7535567,2.3025851,41.701984,1627.1187,31.099194,73,141162
36047064200,3,2,0,3,6,6,3,0,73.5,14.43918,2.5353133,2.3725073,44.249199,18879.121,21.359222,1470,145216
36047064400,6,3,0,1,4,13,3,0,84.5,14.77971,2.2205774,2.3975663,40.43214,3597.4026,18.313459,162,146082
36047064600,4,2,0,3,2,6,2,0,86.400002,11.918276,0,2.3978953,40.563023,4390.625,20.417124,265,148610
36047064800,6,2,0,1,1,1,2,0,82.300003,9.8483772,0,2.3759198,40.896214,1237.2881,28.86812,74,149686
36047065000,12,5,1,1,4,14,6,1,84.199997,15.683187,4.8176187,2.3003354,41.078106,15937.499,30.815708,1258,151308
36047065200,6,5,0,0,3,5,4,0,81.800003,17.5,7.9522863,1.8720702,42.81543,5119.4028,36.49789,337,132455
36047065400,0,0,0,1,0,2,1,0,82.699997,11.648136,3.5735557,1.8886474,43.038017,525.42371,32.534679,20,131075
36047065600,3,1,0,2,1,3,5,0,85.599998,12.809869,3.2068413,2.1712935,42.601391,1559.322,16.828928,959,134922
36047065800,5,1,0,2,0,1,0,0,83.300003,13.025612,1.4713095,1.6057371,43.783573,1542.3729,30.600462,37,123008
36047066000,2,3,0,1,0,4,1,0,86.699997,10.515223,1.6556291,1.5692393,43.656681,372.88135,31.296101,3,119836
36047066200,8,8,1,2,3,30,6,0,90.900002,16.167,4.5714286,1.3532639,48.049992,9269.6631,31.114132,259,115831
36047067000,29,1,0,0,0,5,3,0,86.199997,13.215669,3.4590107,1.3862944,54.462856,2475,40.275761,20,122067
36047067200,6,1,0,0,2,2,3,0,88.699997,14,5.5418719,1.8911631,51.101742,2835.8208,40.928883,118,138531
36047067400,7,5,0,1,1,2,4,0,84.300003,15.958698,2.3775559,1.9853774,41.880184,2712.3289,45.180721,72,143611
36047067600,5,3,0,1,3,7,6,0,84.699997,13.905481,2.621232,2.1259778,56.935799,4800,49.690083,144,148415
36047067800,1,1,0,1,2,1,0,1,82.900002,9.923933,0.37907506,2.235049,58.70359,406.24997,41.259258,7,148009
36047068000,3,2,0,1,2,3,4,0,89.599998,12.53995,1.8761726,1.8987526,56.570953,2938.4617,41.642509,56,137387
36047068200,6,0,0,2,2,2,6,0,88.300003,13.905779,1.9815059,1.427619,55.256756,1346.1538,39.893265,65,130621
36047068600,0,2,0,0,1,2,2,0,76.400002,13.177831,6.7669173,1.5044783,47.73217,2192.9824,36.03936,67,119997
36047068800,6,5,0,1,0,2,1,0,86.099998,17.868147,3.6477332,1.5547925,51.559147,1655.7377,41.694172,14,126750
36047069000,1,2,0,3,1,4,3,0,89.599998,14.295454,2.4140012,1.6495324,55.464481,7164.1787,37.067394,371,133831
36047069200,1,1,2,3,10,3,3,1,83.099998,11.124593,1.7137961,2.0039854,57.304955,957.14288,36.449226,70,136935
36047069601,15,5,3,0,4,21,4,0,72.699997,13.295799,1.1350738,2.0560727,46.454422,3545.4546,39.529675,193,135717
36047069602,13,5,0,4,3,17,3,1,62.5,14.580493,2.14027,1.8318994,45.58099,1492.4812,29.489943,514,124079
36047069800,52,13,4,0,1,15,7,0,87.099998,15.825148,15.884477,1.6174327,45.880768,8507.7715,34.745762,538,114390
36047070000,0,4,0,1,1,11,5,0,82.400002,15.595177,5.6497175,1.7917595,45.708775,1012.8205,23.037323,43,107439
36047070201,13,9,1,2,7,28,9,0,75.800003,13.501561,3.3940142,1.2921934,46.185776,990.36145,35.868374,135,100118
36047070600,0,3,1,2,0,3,1,0,36.900002,11.295141,0,1.7494571,45.890625,934.06592,24.907408,481,93581
36047072000,1,4,2,0,0,4,3,0,85.699997,18.333,1.8492834,2.3280115,58.943249,6983.6064,51.481892,104,149279
36047072200,5,3,0,2,8,1,9,1,84.5,16.299414,3.8143675,2.5762422,58.851086,3393.9395,40.46722,123,167978
36047072400,1,0,1,1,2,4,1,0,84.699997,13.546365,5.6899004,2.6044731,56.78091,2472.9729,50.419163,77,190300
36047072600,4,0,0,0,2,1,0,0,84.400002,16.5,5.7096248,2.8747814,53.060524,4962.2642,56.577538,301,202841
36047072800,1,1,0,3,5,2,6,0,80.5,12.926271,0.88941595,2.6015592,58.277775,1268.2926,47.391037,93,166435
36047073000,1,3,2,0,5,1,0,0,83.199997,13.376912,3.2193159,2.4422188,49.568085,873.23938,51.939453,16,163541
36047073200,2,1,0,0,2,3,3,0,84.199997,11.981425,1.8301611,2.7257824,51.298561,145.16129,40.51804,4,174797
36047073400,2,0,0,0,5,2,1,0,82.599998,10.266119,0.40650407,2.724123,49.611225,1534.4828,39.029537,85,192982
36047073600,5,5,2,1,3,4,5,0,81.400002,15.151274,2.9146022,2.317591,40.705536,2492.7537,34.56356,113,165289
36047073800,5,1,0,3,4,4,3,0,88.099998,15.281665,3.2397408,2.3924913,38.231312,10085.714,28.995579,834,159656
36047074000,2,6,0,0,6,5,3,0,85.5,13.187366,0.81059173,2.7849326,49.77478,27682.539,30.348524,2304,194213
36047074200,10,12,0,3,6,13,1,0,84.599998,14.298131,1.1484353,2.7440908,46.279396,3850.7461,27.184465,333,192312
36047074400,2,0,0,1,6,6,1,0,80.300003,11.829924,1.6992353,2.3978953,40.809193,772.72729,15.50926,56,165728
36047074600,5,4,0,0,7,32,4,0,86.5,16.927061,6.0010911,2.3978953,41.131145,11064.103,28.180964,437,154335
36047074800,7,2,0,6,13,12,5,0,76.800003,14.001949,6.175772,2.4459689,42.631237,8352.9404,29.982964,909,168329
36047075000,9,3,0,3,16,9,4,0,84.300003,13.930781,0.97402597,2.6993439,51.521599,4268.6567,21.259842,92,191985
36047075200,1,1,0,4,10,6,3,0,73.900002,15.5,5.7416268,2.7012475,49.487541,2402.9851,23.684212,114,246614
36047075400,5,0,0,5,5,7,1,0,71.800003,12.445499,1.8416206,2.4606566,44.619595,1298.5074,19.354837,207,170068
36047075600,2,1,0,3,5,4,1,0,72.599998,11.922898,0.54141852,2.3978953,48.115025,2671.6418,26.705881,67,151787
36047075800,6,1,0,5,6,7,3,0,72.900002,12.96527,1.0335917,2.3978953,46.870983,772.15186,31.516186,275,153850
36047076000,1,3,0,1,11,17,0,0,73.900002,12.86506,3.5252644,2.4849067,47.342255,2428.5715,41.242363,126,184761
36047076200,6,0,0,2,7,15,0,0,74.900002,12.711199,2.4881249,2.7128055,43.329227,2095.8904,33.597763,138,244837
36047076400,4,0,0,1,3,4,2,0,63.200001,10.543093,1.7771008,3.0456684,39.824398,3596.7742,19.529938,229,254791
36047076600,4,0,0,0,3,6,1,0,73.5,11.5,1.8058691,3.0845799,39.804253,749.99994,38.946526,23,257133
36047076800,17,6,4,3,20,13,15,0,81.400002,16.906599,2.025463,2.4849067,49.008633,13410.257,15.755102,2360,161890
36047077000,4,7,0,2,11,4,4,0,76.699997,13.196277,2.6819923,3.181886,43.69302,1936.5079,38.52174,74,267087
36047077200,3,1,0,4,12,8,4,0,74,11.37292,1.6299919,3.0213649,44.170959,2923.0769,29.229713,1226,256117
36047077400,18,2,5,1,1,16,8,0,89.300003,15.880202,4.3478261,2.9732749,53.936108,24631.578,26.351351,584,254891
36047077600,7,1,1,0,0,3,3,0,79.699997,13.154793,0.48239267,2.9384642,55.043762,3138.8889,38.151531,201,254489
36047078000,4,2,0,0,2,0,1,0,80.5,11.364585,2.2311468,2.9796844,52.089596,593.75,33.436535,35,261174
36047078200,4,1,0,1,0,0,1,0,73.400002,8.8041897,0.24431957,3.195266,51.250072,2430.7693,36.058521,258,267279
36047078400,1,0,0,1,2,5,2,0,78.300003,10.924677,1.5438055,3.0210147,55.446148,584.61542,41.633625,18,261162
36047078600,29,9,3,1,10,14,12,1,81.400002,15.640407,2.9063268,3.0767238,53.548622,8196.9697,31.357109,196,259947
36047078800,3,6,0,2,12,6,6,0,83.099998,11.564948,0.87796313,3.2357194,49.833088,4245.9014,39.242424,308,274761
36047079000,1,11,0,2,7,2,6,0,87.099998,12.351988,1.0948905,3.2188759,43.400429,3732.3943,37.289764,250,276552
36047079200,18,4,1,1,12,10,6,0,88.699997,12.668601,1.041938,3.2916317,42.430218,6488.0952,30.679012,283,339755
36047079400,34,7,2,2,14,1,14,0,88.199997,14.262097,2.5303644,3.3638124,32.425484,12046.511,23.109842,1469,385743
36047079601,7,4,0,1,3,1,10,0,84.900002,8.8510256,1.6271502,3.5309296,38.51297,2279.0696,21.385662,58,545212
36047079602,20,10,2,1,4,10,14,0,87.099998,12.179914,1.188825,3.4587991,32.113182,19634.615,24.473419,1000,462745
36047079801,6,12,0,1,2,11,11,0,75.800003,10.833,1.177163,3.5705628,42.39706,1400,22.947874,29,588983
36047079802,12,2,0,3,2,7,4,0,89.599998,15.005705,0.52733345,3.5748327,38.014069,5390.2437,12.421746,63,572746
36047080000,3,5,0,2,8,3,2,0,83.199997,9.7562084,1.0346611,3.5227435,41.50061,970.14923,26.140156,121,565680
36047080200,7,5,0,3,8,5,1,0,80.900002,9.3789806,0.86880973,3.4780536,40.259285,3138.8889,33.190884,421,507832
36047080400,9,10,0,2,14,4,7,0,86.400002,12.812922,0,3.4559381,40.229885,3424.6575,30.67701,393,499947
36047080600,3,3,0,4,6,3,9,1,83.300003,13.337316,0.55478502,3.4107695,40.229885,3359.3748,21.71854,137,471796
36047080800,0,0,0,0,0,5,3,0,72.900002,10.333,9.1666667,3.3672957,40.229885,9725.8066,23.684212,7159,391788
36047081000,1,0,0,1,5,4,7,0,76.099998,10.537771,1.8665422,3.3577211,40.229885,714.28571,29.05983,289,466991
36047081400,4,1,0,1,10,5,4,0,82.199997,13.684821,1.0881393,3.2981362,39.841652,1454.5454,34.366928,226,315931
36047081600,2,2,0,1,2,35,1,1,79.900002,10.585567,1.4577259,3.3129153,37.169304,92637.68,29.015545,6456,387348
36047081800,11,8,0,0,5,15,14,0,84,10.824936,0.83385449,3.3462951,36.092899,3032.7869,22.373806,304,389927
36047082000,5,5,0,2,8,2,13,0,87.300003,13.111643,1.7914013,3.367296,35.119911,3596.4912,25.32374,82,395140
36047082200,4,7,0,3,4,5,2,0,84,10.46754,0.44696067,3.4054065,33.377274,4409.0908,33.615734,291,426654
36047082400,14,11,1,4,11,5,19,0,87,12.838407,1.3661202,3.303009,31.77944,3192.7712,33.482895,1066,387768
36047082600,5,15,0,1,13,1,14,1,86.400002,12.157782,0.68575347,3.2821934,39.059464,1233.7662,19.261435,66,283013
36047082800,7,7,1,3,7,8,18,0,85.900002,12.842473,2.2123894,3.2435684,42.192886,3850,33.494884,98,277451
36047083000,2,1,0,1,4,5,3,0,82.199997,13.285342,0.96200096,3.2398598,48.180073,2282.0513,33.276451,185,277753
36047083200,2,1,0,1,3,0,4,0,80.300003,10.824018,1.305483,3.2226212,51.530079,696.42853,27.844313,1,278780
36047083400,3,3,0,0,4,0,2,0,79.800003,11.383535,0.97323601,3.2314281,52.654003,1387.7551,33.823528,7,277661
36047083600,2,3,0,1,3,1,3,0,92.099998,12.965475,0,3.0823729,52.642956,6887.5,48.148148,304,264343
36047083800,3,2,1,1,6,3,6,0,82.800003,9.3660145,1.4705882,3.1753144,52.63158,2343.75,33.363552,222,268927
36047084000,6,1,0,1,6,1,4,0,86.099998,11.138832,2.2944551,3.0692551,52.709694,4469.6968,27.081507,135,267848
36047084600,4,6,0,0,6,4,7,0,88.599998,11.017143,4.0650407,2.9482009,56.848946,3749.9998,35.280643,134,266539
36047084800,2,1,0,2,4,2,1,0,86.300003,7.0035172,1.0319917,3.1078117,60.493828,2905.6604,40.084984,38,279710
36047085000,1,1,0,0,3,0,0,0,81.199997,9.5,0.67340067,3.2013447,56.323055,1857.1428,47.585228,5,283081
36047085400,2,1,0,2,2,0,0,0,79,11.515909,0.50276521,3.2648048,46.798679,1100,33.44519,68,280911
36047085600,5,7,0,1,7,1,4,0,85.5,11.726853,1.3793103,3.2668881,34.108559,1901.6393,32.931728,153,305745
36047085800,8,7,0,0,7,2,4,0,79.900002,11.086414,1.1923688,3.2580965,43.330956,1807.6923,33.038086,22,286320
36047086000,13,6,0,1,12,3,10,2,87.099998,8.2280445,1.9897669,3.1935139,60.429604,2373.1343,34.052925,93,282987
36047086200,13,6,3,2,9,4,11,0,90.5,7.0979767,0.99304866,3.168191,60.493828,3277.7776,34.226391,159,282240
36047086400,1,2,0,1,2,0,4,0,87.5,11.333,3.9714059,3.1354942,24.509804,1830.5084,34.254143,7,282289
36047086600,2,6,0,0,3,1,4,0,88.099998,7.9956002,1.6066838,3.1370392,29.129595,500,25.998549,87,284235
36047086800,12,7,1,1,9,8,14,0,91.699997,8.7460814,2.2624434,3.1699805,41.659733,6611.9399,37.85104,69,289511
36047087000,4,2,0,0,7,5,2,0,83.699997,6.8072577,0.33333333,3.1926458,43.825462,1066.6667,44.638405,155,290340
36047087200,6,1,0,0,4,4,0,0,82.5,8.3591347,0.73583517,3.2426326,40.813808,350.8772,44.160866,21,305816
36047087401,3,3,0,0,10,0,5,0,84.5,5.1513481,1.37779,3.3113894,37.297142,3720,36.237473,147,398936
36047087600,2,1,0,0,3,3,0,0,85.300003,9.4776487,2.2727273,3.2751632,29.291264,3927.2727,26.794258,434,392997
36047087800,3,6,0,1,9,16,4,0,89.300003,8.4884691,0.27855153,3.1982594,27.777779,37655.172,26.31579,2133,309748
36047088000,2,3,0,1,4,4,1,0,88.699997,13.463197,3.2092426,3.2148361,26.242603,2857.1428,33.739132,205,319622
36047088200,5,3,0,4,6,1,5,0,86.5,11.282681,0.58676837,3.1589952,26.900719,743.58972,36.563595,158,291477
36047088400,10,5,0,2,9,2,11,0,88.599998,10.445098,0.59535622,3.1624522,19.257183,1492.3077,41.980198,49,291232
36047088600,2,3,0,1,8,0,7,0,89.400002,12.83534,2.3009664,3.1354942,20.639072,1043.4783,42.98103,361,281034
36047088800,7,2,0,1,4,1,3,0,90.900002,12.64846,2.1398003,3.0574429,25.551102,2753.2468,32.566586,126,272836
36047089000,13,3,0,1,3,48,10,1,90.099998,12.268496,2.1472393,3.0664718,22.547466,46385.418,41.925861,4529,270896
36047089200,10,6,1,0,8,2,11,0,92,15.322848,2.9239766,3.1486187,16.774193,8797.1016,40.329575,841,289016
36047089400,3,3,0,0,4,0,8,0,81.900002,13.170069,2.6147589,3.0861347,21.455444,909.09094,36.527885,218,280386
36047089600,4,4,0,0,6,0,8,0,86.599998,11.353874,0.95328885,2.9731977,34.26989,706.89655,38.621201,167,267299
36047089800,1,3,0,1,6,0,2,0,71.5,12.866052,1.0045203,3.1164489,23.006786,866.66669,45.826771,8,278107
36047090000,4,4,0,0,7,13,10,0,85.300003,12.631371,2.3059185,3.1523247,16.572954,1557.8948,39.588375,431,292051
36047090200,23,2,1,2,6,4,4,0,83.400002,12.914527,2.3910733,3.1577365,21.91213,15162.162,33.807529,157,289826
36047090600,26,12,1,2,8,10,15,2,78,14.128858,2.7582748,3.115824,39.123589,4592.1055,39.795918,317,285040
36047090800,5,7,0,0,6,5,8,0,82.699997,12.511681,1.4140271,3.0373836,39.584255,3605.2632,36.236118,516,287023
36047091000,3,2,0,1,4,0,6,2,70.699997,11.480235,1.7793594,2.9092331,33.261879,2060.9756,50.47847,21,261238
36047091200,5,0,0,0,2,0,3,0,63.700001,10.322797,0.65930443,2.9883392,34.340187,138.46155,41.700405,96,266847
36047091600,0,2,0,1,11,1,12,0,82,12.957155,1.9694732,2.9307773,35.670116,2361.4458,24.688797,219,262148
36047091800,0,3,0,0,4,2,2,0,73,13.054626,0.71736011,2.8903718,36.545509,2382.7161,33.799534,105,248478
36047092000,2,1,0,0,3,0,4,0,79.900002,11.74668,2.69179,2.889353,23.250219,340.65936,46.611179,6,190747
36047092200,4,0,0,2,3,4,3,0,84.099998,12.13228,4.4017607,2.885088,28.836941,1661.2904,40.628166,120,200622
36047092400,32,7,0,1,7,4,9,0,83.5,14.024244,2.7472527,3.108845,26.687286,7329.8965,43.353943,1472,283885
36047092800,1,0,0,1,1,5,4,0,89.400002,7.2159576,0,2.8332133,34.664383,950.81964,40.622837,6,256739
36047093000,2,4,0,3,6,2,3,0,88.800003,6.8429432,1.6280016,2.8517404,40.762135,2293.3333,42.315643,86,259384
36047093200,10,4,0,0,8,0,3,0,89.900002,14.333,3.8167939,2.9305334,52.671783,23722.221,29.818783,1181,261796
36047093400,3,3,0,0,4,4,4,0,84.5,7.1077623,3.5142522,2.9652982,59.617683,695.65222,44.687756,13,263095
36047093600,2,0,0,1,2,0,2,0,83,7.0930853,4.2735043,3.0432551,59.822739,890.62494,38.151657,390,268643
36047093800,3,3,0,1,4,2,5,0,90.800003,7.2883644,1.9502682,3.1234078,60.493828,509.80392,28.625593,8,276971
36047094401,3,0,0,1,2,3,1,0,82.699997,15.677796,1.5151515,2.6622453,57.00877,5608.3911,48.020981,261,196416
36047094600,1,3,0,1,1,3,1,0,83.599998,8.8351078,3.8295835,2.9676583,58.137642,4954.1284,35.085575,231,260182
36047095000,1,6,0,1,2,8,7,0,79.900002,15.056097,3.3242672,2.5054581,57.01585,4446.8086,43.889263,451,166547
36047095400,5,7,0,4,3,3,4,0,85.699997,11.751622,0.69541029,2.4849067,53.444485,1260.8695,43.545456,35,170333
36047095600,4,2,1,4,4,8,6,0,84.400002,13.322564,1.2547051,2.4849067,48.367504,1402.174,52.791424,117,153696
36047095800,2,2,0,0,1,2,2,1,87.800003,13.875805,0.61143381,2.4849067,49.18549,1744.4443,50.164295,70,168885
36047096200,9,3,0,0,5,1,4,0,88,15.833,2.3654642,2.5154946,34.365818,4130.4351,37.076477,37,186293
36047096400,2,1,0,2,7,7,2,0,85.099998,12.132423,3.4843206,2.4849067,35.538307,2602.9409,45.372234,224,164680
36047096600,3,3,0,0,5,12,2,1,83.5,12.17098,2.9991431,2.4849067,26.131495,3171.4285,39.758179,356,144628
36047096800,19,5,0,0,5,14,3,0,81.5,15.404572,8.8737201,2.4849067,25.026611,5137.9312,33.274021,181,157055
36047097000,2,3,1,0,0,4,1,0,86.599998,12.310263,0.53276505,2.5287242,23.021906,1238.0952,42.038692,171,181990
36047097400,13,4,0,2,5,1,8,0,84.900002,14.771285,4.154682,2.5639215,21.457058,6061.8555,46.457397,955,144678
36047098200,3,0,0,1,0,0,3,0,59.599998,11.268595,5.0420168,2.5649493,25.027235,360.90225,38.393517,97,140435
36047098400,2,1,0,1,0,1,4,0,84.300003,12.167,2.1265284,2.4964001,25.792662,1863.6364,35.142593,209,133420
36047098600,3,3,0,1,1,0,2,0,80.199997,11.959277,1.1665209,2.5324032,26.131495,1166.6667,35.058979,187,133962
36047098800,3,1,0,0,1,1,0,0,85,13.204639,0.90552369,2.5450544,26.131495,9571.4287,37.764145,768,136204
36047099000,0,1,0,0,5,3,4,0,82.400002,14.167,2.073255,2.4265711,26.131495,920.63489,23.938679,247,133906
36047099200,2,1,0,0,4,0,1,0,86.5,12.833,1.2239902,2.4436927,26.131495,1307.6923,46.313961,34,136270
36047099400,0,1,0,0,5,2,0,0,66.300003,11.333,2.5380711,2.4360461,26.131495,283.58209,46.666668,12,142273
36047099600,1,0,0,1,1,2,4,0,83.800003,12.855812,0.86430424,2.4394639,32.125389,479.45206,30.488407,162,142421
36047099800,2,0,0,0,3,2,0,0,63.5,11.413557,1.7211704,2.2279518,34.336876,672.83948,42.083817,105,132216
36047100400,0,0,0,0,0,1,0,0,86.599998,13.833,2.9728725,2.105176,28.770386,196.07843,37.490494,5,124801
36047100600,2,4,0,1,1,2,1,0,84.5,10.180243,0.73340667,2.1412783,26.826233,372.88135,39.271881,16,126507
36047100800,1,2,0,2,2,4,3,0,86.599998,13.893985,3.4982509,2.1650243,26.131495,894.73682,40.970875,193,125713
36047101000,4,6,2,3,4,5,9,1,85.699997,13.420358,1.2033694,2.2209597,26.131495,1681.8182,49.403122,44,118442
36047101200,1,2,0,0,1,12,1,0,78.5,11.899811,0.41528239,2.4228554,26.131495,548.38708,49.33741,28,125572
36047101400,1,0,0,0,2,0,0,0,75.199997,11.035949,1.3026487,2.4537613,26.117538,133.33334,41.328411,1,118945
36047101600,0,0,0,0,1,0,1,0,73.300003,12.167,1.2978585,2.4741905,25.959208,837.20929,51.25,31,118498
36047101800,1,2,0,0,2,2,0,0,54.099998,15.5,1.1254924,2.3048215,20.707201,1293.578,39.213806,79,113432
36047102000,0,1,0,2,3,1,0,0,73.5,14.833,1.4450867,2.2263901,25.199518,32.786884,36.992619,3,109255
36047102200,3,0,1,0,0,10,2,0,79,14.833,2.3798191,2.241008,25.793327,1809.5238,47.826088,46,109256
36047102400,2,0,0,0,2,11,0,0,87.199997,12.833,2.712968,2.0794415,25.975533,945.45453,44.670994,70,111769
36047102600,3,1,0,1,4,2,1,0,83.599998,12.5,1.3275805,2.0794415,27.789663,96.153847,34.095783,0,114199
36047102800,11,2,0,0,1,5,5,0,35.799999,11.239136,2.5380711,2.0060081,25.288366,679.38928,36.915421,123,104734
36047103400,2,3,0,1,3,2,2,0,37.400002,9.3330002,2.3001725,2.1972246,24.878849,206.22568,50.827812,83,99270
36047105801,1,1,0,3,2,0,1,0,62.200001,11.00671,2.4821142,2.4478958,22.642677,440.9938,53.756668,63,130892
36047105804,6,5,4,1,2,4,9,0,45.700001,12.68508,2.846141,2.4477375,21.420818,4710.8843,54.11713,1090,115804
36047107000,16,7,0,1,0,0,1,0,25.6,11.833,44.142615,2.5296645,25.778915,3069.5876,50.608273,1306,119082
36047107800,6,0,0,3,6,6,9,0,84.900002,13.990257,5.4862843,2.4852722,22.747208,3015.3062,51.974861,194,151651
36047109800,4,0,0,0,5,1,4,0,84.900002,13.707296,3.8350911,2.702507,20.430946,5251.5151,46.614326,1776,166571
36047110400,18,15,1,2,14,10,17,0,86.099998,15.230474,3.9973351,2.6309338,20.997023,13020.906,33.394722,687,151976
36047110600,1,1,0,2,1,0,0,0,46.099998,10.681199,2.1663778,2.5239642,22.727272,378.78787,43.152454,6,145781
36047111000,0,0,0,0,2,0,0,0,53,10.361846,1.4961101,2.5274284,22.727272,375,36.03083,19,148435
36047111600,7,6,0,1,8,1,9,0,90,13.900159,5.0539084,2.6060932,27.764912,10025.906,37.827427,313,163640
36047111800,0,0,0,0,2,0,5,0,80.800003,10.167,1.6903313,2.6390574,28.735632,571.42859,27.291241,164,172745
36047112000,5,5,0,0,5,4,6,0,78.400002,13.627506,1.270648,2.6297238,26.904917,1567.1642,16.593887,35,158597
36047112200,5,2,0,1,7,0,2,0,83.800003,11.759603,2.4390244,2.6574147,21.539066,1063.4921,33.127411,77,163767
36047112400,3,1,0,1,5,0,5,0,81.300003,12.681781,1.384658,2.7250111,19.011,2028.9856,39.226101,83,170448
36047112600,1,4,0,1,3,2,8,0,86.099998,13.664882,0.75662043,2.7725887,13.99456,3523.0771,29.141565,289,182989
36047112800,2,4,0,3,2,7,7,0,86.099998,12.381707,2.6499639,2.7432692,16.821512,1521.1267,36.136074,90,173264
36047113000,4,0,0,0,8,1,4,0,85.300003,12.343911,0.46522447,2.7950332,17.300222,959.99994,30.937973,181,188973
36047113200,1,0,0,0,1,0,2,0,80,14.167,0.51572976,2.8047287,18.507376,987.013,24.013529,29,192603
36047113400,1,1,0,1,1,0,5,0,84.199997,12.444225,1.2650221,2.8903718,24.384047,12593.221,29.988331,815,267288
36047114201,1,0,0,1,2,1,1,0,74.199997,13.364081,2.5265285,3.0003164,29.573183,1173.913,20.857698,38,293033
36047114202,0,0,0,0,2,0,0,0,67.699997,10.8111,0.88691796,2.9834836,29.449841,250,30.657557,5,231448
36047114400,4,3,0,1,10,2,6,0,86.699997,13.150912,2.259887,2.9203067,32.135143,14825.302,27.64045,1340,273225
36047114600,2,6,0,2,4,2,10,0,81.900002,12.615539,1.7160017,2.9223082,29.411104,1274.1936,31.240658,6,229103
36047115000,1,1,0,1,6,0,8,0,81.5,11.790349,0,2.8526316,22.015511,639.34424,30.452675,106,196952
36047115200,3,5,0,0,5,0,9,0,80,13.074867,0,2.8130667,15.258265,1343.7499,26.450512,14,200269
36047115600,2,7,0,2,5,4,9,0,86.400002,11.172989,2.2912424,2.8618615,18.771332,3290.3228,36.910267,155,206990
36047115800,4,1,0,2,5,1,1,0,80.699997,13.275722,1.0398614,2.7725887,15.304659,250,33.898308,177,187727
36047116000,1,1,0,1,3,0,3,0,76.5,11.378725,1.7152659,2.7725887,14.545881,586.20691,39.578716,18,186680
36047116200,1,0,0,0,4,0,5,0,78.900002,10.881453,1.8373909,2.754858,25.887367,54.545456,42.161522,0,168146
36047116400,1,3,0,2,5,0,5,0,80.300003,10.912585,2.039429,2.7005303,28.571428,928.57141,33.333336,979,166263
36047116600,2,7,0,1,11,0,4,0,83.300003,11.706871,0,2.8268552,28.571428,564.51611,20.560747,6,181019
36047116800,6,1,0,0,9,2,5,0,86.099998,16.664858,1.4499758,2.8354325,28.541252,4017.8569,24.409449,126,191283
36047117000,8,14,0,1,2,2,11,0,87.599998,14.747585,2.1551724,2.8903718,19.912392,4305.085,21.820808,284,203708
36047117201,2,2,0,0,4,0,1,2,83.199997,12.624687,0.8605852,2.8951614,18.713968,1380,43.002026,12,216136
36047117202,2,0,0,1,2,0,1,0,85.900002,10.122497,0.57355893,2.8383918,25.572643,1525.4237,29.333332,165,211194
36047117400,9,10,0,0,5,1,11,0,85.400002,14.582425,0.71856287,2.7651131,25.369326,19548.779,24.282434,22,193276
36047117601,2,0,0,0,5,1,3,0,78.599998,9.5345659,0.30656039,2.697185,24.565416,593.22034,18.663406,118,198086
36047117602,2,4,0,0,1,0,7,0,85.300003,13.639139,1.1293055,2.6715276,24.588413,4178.5713,37.265415,72,199259
36047117800,9,6,0,1,3,2,7,0,87.699997,15.5,3.3090668,2.5896037,24.545456,1277.7777,30.548304,12,187062
36047118201,2,4,0,0,0,1,2,0,86.5,13.458288,1.6056519,2.6088722,24.623167,3673.4695,18.160919,6,201496
36047118202,1,1,0,0,2,2,6,0,84.599998,11.167,0.69013112,2.5649493,24.610271,604.16669,24.824902,5,196539
36047118400,6,11,2,1,1,4,18,0,87.300003,13.568871,0.76263108,2.5649493,24.556673,2658.2278,24.614725,171,192588
36047118600,3,1,0,0,4,0,1,0,85.400002,11.828684,0.9478673,2.5649493,24.541906,1254.902,20.146521,49,194427
36047118800,35,6,2,2,2,8,14,0,89.800003,15.364523,0.7629705,2.5649493,24.538998,5358.209,21.828358,133,185010
36047119000,8,6,0,1,3,2,10,0,81.5,14.819262,1.7123288,2.5649493,24.545454,3555.5554,26.274944,53,190773
36047119200,0,0,0,0,4,1,0,0,80.800003,11.791712,0.66312997,2.7254188,26.881237,2126.4368,16.396242,196,182021
36047119400,3,4,0,1,5,1,10,0,82.400002,12.475274,1.5715034,2.6619923,28.380159,1830.9858,19.486082,137,161157
36047119600,6,10,0,1,6,1,20,1,83.199997,12.441839,1.9661817,2.5758164,26.524961,1372.8813,19.126215,395,189630
36047119800,6,4,3,5,10,3,12,0,89.900002,16.334215,5.4365206,2.9081271,29.552734,8769.8408,45.158199,711,222496
36047120000,0,1,0,0,2,6,2,0,83,14.402733,2.7855153,2.5311618,28.270056,4534.4829,34.571064,300,181566
36047120200,2,0,0,0,0,1,1,0,77.699997,13.997108,2.5380711,2.5587873,28.202177,508.47458,27.35849,176,180514
36047120800,6,3,0,3,8,8,10,0,83.199997,12.561002,1.8435304,2.4188347,28.735632,2256.6843,30.710173,590,170876
36047121000,0,1,0,1,1,0,2,0,50.200001,13.0662,2.884402,2.6001978,28.735632,177.41936,20.116375,15,172322
36047121400,1,0,0,0,0,0,0,0,53.700001,12.093204,1.9319005,2.3978953,28.735632,272.72726,24.487978,22,163811
36047122000,4,7,0,1,5,4,11,0,68.199997,13.60285,4.4079343,2.341763,28.7306,1929.078,17.902996,416,149885
36047123700,29,5,1,4,11,6,24,0,89.400002,12.962466,1.6046213,4.0494204,34.713863,16274.193,13.015312,774,1655829
36047150200,3,2,0,3,2,3,3,0,80.099998,11.455179,4.6964106,3.5801446,33.50201,3991.8032,30.663479,331,584665
36047152200,15,14,0,2,5,21,7,0,60.299999,13.915749,1.9011407,3.2950568,38.562637,3675.4968,22.089043,229,373203
36061000201,3,2,0,0,4,1,3,0,46.599998,11.809395,0,4.1431346,17.489969,9085.7139,15.553236,285,1725005
36061000202,7,7,0,3,11,7,6,0,28,12.427529,0.23983691,4.1479135,31.314857,6426.0869,15.63753,646,1730069
36061000600,13,29,0,3,12,13,15,1,42,14.385387,0,4.1665926,20.694191,11153.062,18.881325,1722,1719100
36061000700,62,48,56,55,11,69,21,4,46.900002,17.333,0.7118451,4.1587524,18.121225,591122.44,2.509866,46509,1668810
36061000800,48,62,1,9,13,21,53,1,46.099998,14.29614,0,4.1791897,22.620653,28452.381,21.793819,961,1717785
36061000900,47,67,23,31,3,30,24,4,43.099998,17.833,5.8892815,4.1309543,18.507654,314207.72,2.6851852,43115,1613987
36061001001,1,0,0,2,0,3,1,0,23.200001,13.333,0.58788948,4.1588831,37.420071,2806.4517,10.83086,80,1734947
36061001002,5,3,0,3,1,1,1,1,26.299999,7.2652392,0,4.1348486,38.380852,2410.2563,13.877119,214,1745806
36061001200,3,4,0,0,3,1,2,0,82.5,13.451113,0,4.1436782,38.083569,10255.319,9.8680077,1992,1730796
36061001300,30,26,6,20,9,10,9,2,76.699997,17.783783,7.1371927,4.1273212,18.041454,351391.69,5.6834741,31479,1643164
36061001401,7,5,3,3,11,9,7,0,67.300003,14.206832,0,4.1444688,38.262962,12166.667,5.4003725,549,1725587
36061001402,20,11,1,6,2,2,7,0,87,17.491108,0,4.1247778,42.746834,14181.818,7.9276772,194,1730845
36061001501,28,34,1,6,11,46,15,3,55.099998,17.681427,1.0842067,4.1717157,21.041058,106229.16,8.3426657,12135,1698805
36061001502,79,67,19,27,8,46,18,4,48.299999,18.449266,0.14997001,4.1803908,17.676573,249022.47,2.8459272,16485,1687614
36061001600,75,71,9,5,15,39,44,0,87.5,18.01293,0,4.1639848,27.77524,36350,8.1865625,1455,1712516
36061001800,75,60,3,6,14,8,37,0,85.300003,15.062762,0.5167291,4.1531143,51.373814,37930.23,12.053116,1111,1718082
36061002000,0,4,0,1,2,0,2,0,29.799999,4.8163524,0,4.1571441,39.672424,2489.3618,23.169682,148,1746670
36061002100,48,49,12,22,12,54,27,4,87.300003,16,2.3994094,4.1663418,23.336718,462617.03,5.0968113,32626,1672912
36061002201,20,9,0,0,7,1,8,0,77.900002,13.906178,0,4.1431346,39.510765,13112.903,17.167871,469,1737501
36061002202,3,5,1,1,3,1,4,0,88.900002,14.667,0,4.1431346,40.464344,12545.455,8.2361517,366,1735411
36061002400,3,1,0,0,0,0,1,0,17.799999,8.4671555,0.18338529,4.1716199,43.283787,549.29578,19.467215,123,1758429
36061002500,4,0,0,0,0,1,2,0,36.099998,11.054334,0,4.1797767,20.949484,5076.9229,27.845659,191,1703726
36061002601,3,7,3,2,7,5,5,0,82.199997,13.817952,0,4.1460142,40.545322,8682.9268,13.410163,344,1749190
36061002602,8,16,1,4,9,1,4,0,84.099998,12.917648,0,4.1683545,40.880722,10450,9.7813578,170,1747218
36061002700,5,15,1,4,3,15,2,0,79.900002,18.667,0,4.1724,20.858011,26304.348,11.981567,642,1707298
36061002800,6,12,0,4,5,4,8,0,84.699997,13.79686,0,4.1896548,45.437084,8746.4785,11.886552,511,1751698
36061002900,50,93,12,20,11,140,48,5,84,16.331383,0,4.1588831,52.806683,601537,13.148637,5939,1691340
36061003001,48,41,0,1,2,6,14,0,90.099998,16.554695,0,4.1407137,40.705585,46812.5,10.275229,598,1724262
36061003002,11,21,1,0,1,6,5,0,84,14.990074,0,4.1531219,41.018143,16366.667,6.9483051,133,1729932
36061003100,57,21,12,23,6,59,19,3,77.599998,16.333,0,4.1588831,52.787144,616468.31,3.6525972,37929,1687448
36061003200,43,97,2,5,16,6,22,3,73.599998,12.063377,0,4.168961,41.264103,15726.19,2.6947463,502,1742663
36061003300,88,65,8,25,15,44,16,3,88.800003,17.188482,2.5220681,4.1488619,52.774696,441803.03,3.5044248,52685,1691414
36061003400,36,48,0,4,10,7,21,0,88.400002,13.423644,0,4.1806221,45.640926,22693.549,5.0653162,454,1746247
36061003601,12,14,0,2,0,0,7,0,74.900002,17.295404,0,4.1681013,41.827602,42256.41,12.977099,538,1720104
36061003602,17,15,2,3,4,2,2,0,81.5,16.155312,0,4.1680007,41.562565,37176.469,7.2089949,378,1722569
36061003700,53,33,5,12,7,8,13,3,50.200001,14.975327,0,4.1440477,52.641117,180848.09,9.3570976,22527,1701834
36061003800,76,116,4,16,17,16,29,1,91.099998,14.34058,0,4.1764431,41.774967,37423.074,1.9859403,1859,1735935
36061003900,34,43,8,14,1,20,9,0,37.599998,15.972198,0,4.1524596,48.034718,177403.11,5.7361374,10717,1682835
36061004000,39,56,4,3,5,37,18,0,90.199997,14.125604,0,4.1743875,45.194252,65478.262,10.232558,2321,1739909
36061004100,154,116,6,11,13,80,54,1,93,17.386223,0,4.1666188,44.613007,91040.539,6.3518248,3646,1707187
36061004200,21,12,1,3,3,16,5,0,91.199997,17.266039,0,4.1743875,49.426617,58575.758,8.8029814,8777,1735646
36061004300,187,53,2,14,5,33,32,1,91.900002,18.107492,0,4.1882434,51.960876,245362.08,8.7262201,6141,1719922
36061004400,13,5,0,10,3,29,7,0,32,12.106361,0,4.1896548,46.094299,6556.9619,6.7127151,332,1759174
36061004500,107,27,5,11,5,11,6,1,96.300003,18.333,0,4.1756234,52.834499,156780.48,0.82135528,3549,1704632
36061004700,79,54,0,7,2,7,17,0,95.599998,17.07292,0.44762757,4.1641726,52.717709,93984.367,5.4585152,3968,1702370
36061004800,10,26,3,3,13,153,12,0,81.099998,12.333426,0,4.1834373,49.443268,48191.176,4.528935,2678,1742346
36061004900,180,47,2,15,10,29,14,2,94.900002,16.958546,0.21074816,4.1827898,52.928543,129112.5,4.8009372,4366,1712922
36061005000,25,48,5,17,5,88,8,4,80,17.021616,0,4.1678572,51.067673,232468.73,1.3875749,6055,1740108
36061005200,114,63,5,22,5,157,17,3,84.5,18.747202,0,4.1524367,50.889847,450184.63,4.6670461,23853,1747570
36061005400,73,41,2,13,7,45,15,3,90.400002,13.175201,0.21853147,4.1374311,50.8232,293323.09,1.9720329,14044,1753772
36061005501,11,20,1,5,2,11,3,0,67.400002,14.133925,0,4.1980114,45.890755,39333.332,5.2552552,1433,1727510
36061005502,86,37,1,13,3,29,8,0,92.699997,17.053677,0,4.1872382,42.048256,129066.66,5.7755775,3998,1721471
36061005600,73,48,7,25,7,55,14,3,72.099998,18.235163,3.3898305,4.1506939,48.726013,319074.63,9.8402891,20762,1780336
36061005700,52,11,7,6,2,25,2,1,90.599998,18.328348,0.35906643,4.1933017,48.202484,173571.44,3.7288136,7435,1731975
36061005800,164,55,7,28,7,66,16,2,90.699997,15.667,2.5990903,4.1431346,50.39526,386749.97,6.1572051,18764,1776733
36061005900,27,28,4,9,2,80,9,0,82.5,15.050633,0,4.1856017,51.013908,34644.441,3.1228552,362,1730644
36061006000,6,4,0,2,0,16,0,0,17.9,15.182894,0,4.2034526,46.093849,10428.571,10.252427,43,1766395
36061006100,64,42,4,9,7,209,14,5,87.199997,17.325397,0.19323671,4.1620121,51.161884,142345.45,1.6886326,4073,1731422
36061006200,0,7,3,5,1,178,3,1,21.4,13.256084,0.23551578,4.1896548,45.658096,156330.5,7.1293674,25273,1787294
36061006300,56,31,2,10,5,112,10,1,82.400002,13.565161,1.2334258,4.1454759,51.05685,53579.711,5.430387,1440,1744971
36061006400,20,36,3,11,7,66,14,3,86.900002,12.128671,0.80656002,4.1889968,50.902046,54231.887,5.5028462,3693,1750743
36061006500,44,98,3,10,9,31,18,3,75.300003,14.423844,0,4.1734891,51.539906,163820.52,3.735188,12758,1737218
36061006600,19,39,2,3,5,35,17,2,79.400002,12.245017,0,4.1896548,44.085251,64179.102,0.57374281,4147,1788505
36061006700,38,91,1,8,8,12,33,1,85.400002,13.945477,0,4.1588831,51.231693,53061.539,2.6863086,891,1718615
36061006800,42,64,4,9,4,50,23,1,87.199997,16.357038,0.78333072,4.1680593,48.802132,159268.66,2.218466,7804,1768655
36061006900,10,9,1,3,4,5,4,0,41.900002,17.5,0,4.1349974,51.091339,54425.289,4.4822259,4608,1700968
36061007000,19,39,2,7,6,97,13,1,81.400002,11.943585,0.47427081,4.1821423,43.785717,39235.293,4.3312345,1095,1784560
36061007100,76,62,12,15,10,76,17,2,82.900002,14.392556,0.18142235,4.1517339,50.955959,59062.496,5.9206953,2859,1743978
36061007200,35,53,4,17,17,132,17,1,82.199997,14.816128,0.72385089,4.1743875,48.106865,191352.94,6.9692798,8443,1778491
36061007300,73,70,3,12,12,13,12,2,87.599998,16.371584,0,4.1581197,51.054443,42265.621,4.1884818,1566,1735330
36061007400,187,75,18,31,18,167,30,5,80.599998,16.612904,2.9830197,4.1490412,48.815784,353865.66,5.9545455,14783,1784381
36061007500,18,15,0,7,0,17,7,1,35,16.244099,0.91012514,4.1407881,50.971424,18130.436,1.6971862,400,1708159
36061007600,289,66,13,18,4,73,21,1,82.699997,16.637474,7.1090047,4.1431346,49.105381,562507.44,7.5636363,25972,1775913
36061007700,42,42,2,6,11,42,18,0,86.199997,16.922461,0,4.1500244,50.835373,46753.625,3.9053905,6645,1738314
36061007800,18,42,0,3,6,127,15,4,76.900002,13.25626,0.39567396,4.1753397,48.617702,166710.16,7.6833754,1490,1782965
36061007900,61,32,0,8,2,5,10,0,33.900002,15.10153,0,4.1432357,50.796543,47530.973,7.9633207,2091,1721203
36061008000,32,45,17,20,10,169,20,0,73.300003,15.223372,0.57848052,4.1696777,50.2626,377343.28,7.6094508,16620,1782889
36061008100,51,45,7,13,2,43,15,0,89.900002,12.244919,0.12131506,4.1476564,50.683441,88104.477,3.5789876,3832,1741775
36061008200,145,55,21,43,9,315,24,10,78.699997,14.307531,2.4993057,4.1568217,50.010368,702328.31,6.9237509,34578,1792626
36061008300,31,34,1,4,0,4,21,0,90.599998,14.996771,0,4.1581674,50.44109,210656.72,6.835206,12468,1733986
36061008400,169,54,9,18,12,14,16,4,72.099998,16.167,8.4286574,4.1291037,49.226879,376164.16,4,13275,1784748
36061008601,2,4,0,2,0,40,0,0,14.8,11.772713,1.2239902,4.1848712,18.755285,8645.833,3.455183,179,1786604
36061008603,15,11,2,15,2,30,5,0,31.9,13.698743,0,4.1588831,20.108917,24941.178,6.5621128,548,1794186
36061008700,47,32,3,2,2,29,19,1,91.699997,10.995327,0,4.134757,50.46817,115109.37,5.8178053,7806,1763029
36061008800,29,45,17,30,22,45,10,1,78.900002,12.027572,0.57200057,4.1707525,50.439999,345828.56,9.4653177,18409,1782128
36061008900,12,15,0,3,4,16,6,0,79.5,10.283159,0,4.1377549,49.530579,23374.998,12.938944,693,1756146
36061009000,44,43,17,32,12,55,14,4,70.699997,11.795714,0.14054814,4.1570482,50.334709,178376.81,8.2812815,8473,1780450
36061009100,78,38,5,14,9,49,17,2,89.199997,12.648041,0,4.1335654,49.045513,137681.16,3.7163701,5050,1769072
36061009200,57,74,44,37,8,58,18,0,74,15.667,2.2883295,4.1368356,50.036324,722697.38,9.1388407,38857,1782664
36061009300,15,35,5,4,7,27,12,0,74.400002,9.8069973,0,4.1202488,47.114323,21623.189,12.604551,774,1755967
36061009400,201,44,65,37,12,141,14,5,66.699997,18,357.14286,4.1566486,49.67403,830389.81,0,37896,1792738
36061009500,167,52,2,27,18,34,23,2,87.599998,12.833,0,4.1369429,47.941708,318863.63,6.2360802,11926,1770298
36061009600,726,74,44,59,13,91,15,3,78.599998,15.333,81.081081,4.1373463,45.854115,644132.31,16.037735,24384,1790023
36061009700,5,2,0,0,3,12,2,0,72.900002,10.627707,0,4.117105,46.897503,6492.5371,14.092586,312,1759532
36061009800,41,91,17,21,12,53,22,0,81.400002,11.319088,0.27972028,4.1548939,29.665211,136588.23,6.2857141,7249,1779012
36061009900,55,24,1,15,4,5,9,1,46.099998,14.333,0,4.1119833,46.827728,70730.078,5.9655008,21037,1738616
36061010000,51,55,37,25,14,103,14,4,67.699997,16.049288,1.177163,4.172101,35.133926,519358.19,3.7815127,29758,1778960
36061010100,99,37,6,7,11,26,19,1,82.900002,14.5,4.6860356,4.138999,47.02356,606485.25,8.5005903,25330,1769896
36061010200,174,49,59,43,12,167,12,1,66.900002,17.167,33.707865,4.1463041,45.745255,623716.38,11.47541,30761,1779069
36061010300,28,15,3,5,4,8,4,0,89.599998,12.833,0,4.1057734,46.55822,203820.89,6.8308182,9664,1763582
36061010400,69,66,42,30,9,58,18,5,72.5,16.5,8.6872587,4.1588831,45.850452,640880.56,9.5541401,34195,1780415
36061010601,16,23,5,12,8,49,8,0,34.400002,12.304742,0,4.1730695,20.556053,28941.178,4.839704,933,1789388
36061010602,7,24,1,2,2,38,7,1,50.400002,12.887572,0,4.165246,21.181561,36196.078,8.1978321,910,1756383
36061010800,97,58,13,23,6,54,11,1,82.800003,11.753408,0.47175374,4.1731091,21.186064,151428.58,4.6916652,6284,1774753
36061010900,526,45,17,34,23,49,37,1,81.099998,12.833,0,4.0943446,46.446224,763676.44,0,34690,1770122
36061011000,54,33,5,9,5,73,13,0,81.599998,12.91102,0.5269398,4.1638064,28.04236,40720.586,3.6709135,1345,1754462
36061011100,90,32,0,10,10,15,17,1,86,11.347037,0,4.0943446,46.192478,214014.69,13.53125,8393,1762430
36061011201,62,23,6,6,5,151,6,0,68.699997,19.333,5.7077626,4.1487308,46.354599,426838.72,7.0212765,6228,1756770
36061011202,142,24,10,24,3,57,2,0,67.800003,17.333,26.706231,4.1588831,46.722195,784100,0,17321,1753374
36061011203,51,27,6,28,2,142,8,2,79,14.834999,3.9840637,4.1699467,40.47757,600333.38,3.125,12851,1759353
36061011401,59,16,5,27,3,203,2,0,79.099998,17.615686,3.2786885,4.1372647,46.684055,299026.31,6.9364161,7027,1699910
36061011402,30,29,1,9,4,158,6,2,81.400002,16.057034,0,4.1473508,47.107788,242157.91,7.8556261,3504,1752835
36061011500,64,34,4,6,2,10,19,0,90,12.722605,4.0502228,4.1048727,45.924908,172102.94,8.6697836,6824,1763316
36061011600,5,15,1,6,6,291,9,2,42.200001,9.0204563,0,4.0972438,21.318882,282074.06,6.5997133,26715,1664819
36061011700,2,5,0,1,3,5,2,0,55,14,0,4.0670981,45.587887,15613.333,7.3179393,144,1721765
36061011800,21,12,4,5,4,102,13,0,80.599998,11.695448,0,4.0920129,37.574986,57573.527,6.353529,2878,1664066
36061011900,39,81,8,8,3,7,14,0,69.199997,15.1665,0,4.1118979,45.929672,787246.38,0,45987,1773406
36061012000,36,12,2,21,9,132,9,1,76.5,18.000057,0.53064473,4.0931392,47.108803,63850.746,7.0606289,3366,1664585
36061012100,44,91,4,14,12,11,23,1,86.599998,10.725334,0,4.1016707,45.66637,168550.73,9.2829342,4329,1762765
36061012200,90,9,1,28,8,131,2,1,84.300003,17.725946,0.33749578,4.0722623,46.541748,69343.281,10.707965,1613,1650170
36061012400,17,34,4,7,2,116,16,0,55.099998,13.254632,0,4.0383649,20.469929,127405.8,9.839426,7672,1582943
36061012500,45,58,12,12,4,14,14,2,66.300003,12.07211,0.4222973,4.1271343,45.485649,710671.63,6.1538463,37533,1775473
36061012600,50,37,6,17,5,104,6,2,81.699997,12.639874,0.08483203,4.0557175,43.56665,47014.082,12.469261,1949,1608054
36061012700,29,68,0,5,6,7,15,0,85.099998,10.631371,0,4.101316,45.376698,87805.969,5.5482745,3324,1739869
36061012800,63,15,3,12,7,233,7,0,78.800003,16.321972,0,4.0159817,43.995117,65434.785,4.8539519,4235,1569208
36061012900,18,16,1,1,5,15,6,1,51.799999,14.666194,0,4.0711908,45.382317,91641.023,8.5385132,9771,1715757
36061013000,57,11,2,27,4,177,7,2,78.5,17.412075,0.25290845,4.0234675,40.299671,70681.164,1.9363763,2028,1569455
36061013100,40,54,19,8,3,20,15,2,63.799999,11.740361,0,4.1337819,45.171875,557238.81,10.604396,27821,1756326
36061013200,31,24,1,9,6,50,13,3,52.5,12.955153,0,4.0047154,32.527565,25437.5,3.7133739,1389,1536893
36061013300,18,61,0,7,8,11,14,1,85.099998,11.223878,0,4.0825129,45.138779,41552.238,4.8492384,1759,1739517
36061013400,49,52,2,10,8,121,13,1,80.900002,11.281967,0.0896459,3.9941397,41.827084,47057.145,3.8160331,1332,1546655
36061013500,14,6,0,3,1,7,12,1,45.599998,15.135857,0,4.0378957,44.930672,50802.469,4.9592719,6267,1668549
36061013600,27,28,2,13,5,83,16,1,50.599998,12.922334,0,3.9699824,40.551487,40430.23,7.6881251,3014,1501120
36061013700,100,95,17,45,8,287,22,1,66.900002,12.10483,0.1453066,4.1096215,45.405014,363023,3.1575811,29110,1748495
36061013800,47,65,2,16,3,66,11,1,83.599998,10.470808,0,3.9914742,33.773869,51185.715,2.4054983,1378,1498656
36061013900,36,45,2,15,7,129,22,0,79.5,10.791242,0,4.05126,44.843189,108857.14,8.863781,5828,1692818
36061014000,25,24,1,15,6,183,16,0,83.099998,17.243191,0.12391574,3.9901214,35.785324,42159.422,3.5705307,1420,1500467
36061014200,64,13,3,17,12,206,6,2,80.599998,16.86132,0.47801147,4.0112352,36.173229,81463.773,4.2811842,4281,1514459
36061014401,11,8,1,9,1,29,3,0,80.800003,11.679151,0,3.9030318,32.15086,24827.588,6.5337,565,1449256
36061014402,13,12,2,9,4,41,15,0,56.299999,12.533783,0,3.8845174,25.049635,12179.104,9.9579935,441,1404660
36061014500,40,14,3,12,5,147,8,1,73.300003,13.482357,0,4.0285196,44.986343,319739.13,4.3375397,19407,1687927
36061014601,23,25,2,3,2,33,11,0,88.199997,15.206161,0.269324,3.9380867,25.164215,73000,13.488677,1050,1442479
36061014602,19,24,1,6,5,29,5,0,81.099998,10.891343,0.38080731,3.9105899,25,30571.43,6.0651846,588,1401024
36061014700,2,1,0,1,0,4,2,1,89,13.667,0,4.0368214,44.529873,35000,2.5483305,1094,1683799
36061014801,19,6,2,3,3,56,4,0,85.099998,16.659327,0.38624952,3.9275846,29.851519,79350,7.075767,790,1456374
36061014802,30,12,3,9,3,125,7,1,81.300003,16.81922,0,3.9159522,25,55000,6.619916,1304,1399246
36061014900,8,27,1,13,9,33,3,3,81,13.947782,0.37957867,4.0254049,40.990444,131895.52,8.0912094,5734,1652292
36061015001,13,4,2,5,3,110,0,0,79.400002,17.358433,0,3.9318256,35.719673,52100,11.244541,559,1454844
36061015002,29,3,2,22,6,178,3,1,75.599998,16.159369,0,3.9253428,36.529179,63854.168,14.682327,1971,1403044
36061015100,10,4,1,1,1,13,4,0,44.299999,14.850357,0,4.013041,38.349972,8488.7217,8.2307692,1905,1644488
36061015200,11,15,0,4,0,31,9,1,18,10.083696,0,3.8622417,25,21974.682,12.697964,1114,1365334
36061015300,47,30,3,23,10,63,19,1,80,14.546082,0,4.0056763,39.343903,101850.74,7.6831684,6651,1602039
36061015400,34,36,2,6,5,42,18,1,76.300003,11.746272,0.07566013,3.8690946,25,32985.293,18.4,1134,1379684
36061015500,20,8,1,8,4,84,4,0,32.599998,12.036926,0,3.9627759,45.392593,12087.5,2.9041431,987,1568171
36061015601,10,4,0,4,2,18,5,0,84.599998,10.507084,0,3.9202621,25,31285.713,10.022909,693,1364817
36061015602,3,1,0,4,0,10,3,0,73.699997,13.333,0.47460845,3.9313333,25,13285.715,11.607142,2795,1355782
36061015700,48,40,5,17,11,113,15,1,79.699997,14.376016,0.1911315,4.0055466,48.70858,64071.43,4.2901292,1890,1552022
36061015801,16,10,0,12,2,85,10,1,81.400002,15.948164,0.18825301,3.919112,28.090044,34448.98,2.7522936,558,1367113
36061015802,3,4,0,2,1,5,5,0,85.800003,16.034857,0,3.9427001,33.605919,18000,8.6907024,210,1365079
36061015900,28,10,3,14,15,71,13,0,50.900002,13.953255,0,3.9745307,44.712879,43970.586,6.2309451,1119,1540850
36061016001,21,10,2,11,6,94,3,0,78.800003,17.188623,0,3.9330914,47.933884,44346.941,6.0435696,1577,1371867
36061016002,6,6,0,3,3,42,7,0,86.199997,16.39057,0,3.9318256,47.933884,27550,7.0291781,307,1366349
36061016100,27,24,2,15,3,26,6,1,79.199997,12.151842,0,4.0074754,50.436749,25383.334,4.7956405,849,1545133
36061016200,5,5,1,2,3,6,13,1,15.7,7.7375526,0,3.9039114,25,5284.4829,13.618567,786,1335184
36061016300,15,8,1,14,7,35,7,0,29.5,15.600589,0,3.9782348,47.742588,33098.039,8.0738182,2243,1533706
36061016400,8,3,0,1,4,2,9,0,69.599998,8.6358509,0,3.9270616,25,14191.176,17.297121,1117,1351334
36061016500,24,38,1,17,4,83,10,1,71.900002,14.039795,0.2780481,3.9922299,48.764496,19278.48,10.955302,1471,1492014
36061016600,9,21,0,0,12,4,20,0,85.300003,13.994295,0,3.9273746,40.662956,11151.516,7.1866779,1294,1342742
36061016700,23,12,2,9,10,62,3,1,42.200001,15.879765,0,3.9614067,44.100933,30644.738,1.9957665,1057,1447149
36061016800,3,3,0,5,2,197,1,2,71.599998,13.168178,0.19022256,3.9436729,48.054436,210038.45,32.096069,18494,1337836
36061016900,24,42,3,3,10,77,15,0,83.699997,14.252343,0,3.9071605,52.607891,31768.117,5.8608847,1140,1450361
36061017000,22,7,3,7,7,17,13,0,77.400002,10.216209,0,3.9130905,21.561356,15014.084,19.928246,1101,1326706
36061017100,32,24,2,7,9,56,4,0,37.900002,15.434229,0,3.8988123,46.711548,42964.285,3.2176285,2285,1398579
36061017200,10,11,1,5,10,6,24,3,82.900002,14.338966,0,3.9356198,35.03809,16275.362,13.960114,838,1315313
36061017300,19,13,0,5,11,56,9,1,75.800003,14.611813,0,3.9001241,53.231178,29565.219,18.089991,1964,1378214
36061017401,2,1,0,2,4,6,6,0,77.400002,12.3505,0,3.9361989,51.330315,6666.6665,11.02248,498,1313471
36061017402,2,2,0,0,1,1,5,0,72.5,14.167,0,3.9512436,27.305923,16750,9.6446705,326,1300355
36061017500,20,12,3,19,7,72,7,0,38.400002,16.438065,0,3.8995268,48.137897,32857.145,7.2444015,1879,1367708
36061017700,8,13,0,5,5,21,10,0,77,13.081365,0,3.9097664,50.944649,27238.805,15.058255,1434,1367300
36061017800,14,9,0,0,6,4,10,0,37.900002,13.476142,0,3.9529088,25.611414,8170,18.792295,469,1291588
36061017900,23,18,0,9,9,40,8,0,34.099998,16.050314,0,3.9120231,48.794773,18771.086,9.4244289,727,1371142
36061018000,9,13,0,1,5,6,14,0,76.199997,8.3705864,0,3.9464784,21.877136,6634.146,15.303868,487,1300762
36061018100,13,13,1,7,9,45,9,0,76.5,13.505132,0,3.9234316,55.094425,26547.17,8.9728451,1035,1347094
36061018200,13,9,1,2,6,2,21,0,78.800003,12.387184,0,3.9585314,29.802124,8338.2344,14.182344,986,1283352
36061018300,25,9,3,9,4,29,10,1,38.5,15.788368,0,3.9274158,46.521255,18279.068,8.7966223,610,1336006
36061018400,8,10,0,6,7,14,15,0,73.199997,11.868361,0,3.9584165,33.870796,3588.2351,11.630516,377,1281632
36061018500,13,5,2,2,5,5,4,1,62.5,10.017458,0,3.9318256,56.86739,19640,12.337165,400,1325004
36061018600,0,2,0,1,2,1,1,0,68,11.313531,0,3.9512436,44.131317,7744.6812,15.013103,401,1296582
36061018700,21,16,0,7,4,18,8,0,34.599998,15.390878,0,3.9352288,43.160664,17809.523,12.808108,771,1323470
36061018800,21,24,2,1,12,8,29,0,88.699997,11.199518,0,3.9612768,28.519114,11105.263,19.838228,464,1252019
36061018900,11,17,0,5,11,4,21,0,74,12.990896,0,3.9673755,45.501926,16529.412,20.796349,2456,1312390
36061019000,2,2,1,3,5,3,10,0,85.5,15,0,3.9553523,37.802418,16875,6.5564089,759,1263457
36061019100,21,20,1,8,5,27,9,1,36.599998,16.812653,0,3.9677217,37.16206,11662.79,5.3641343,485,1294067
36061019200,3,0,0,3,1,1,2,0,38.099998,8.173274,0,3.9129722,31.118881,1828.9474,15.789473,218,1173508
36061019300,9,31,2,0,6,6,11,0,88.099998,13.668221,0,3.9318256,38.929012,17088.234,13.430029,784,1303187
36061019400,17,9,1,2,2,5,18,0,77.599998,9.796319,0.33096144,3.9174533,31.118881,38970.586,7.7284598,1208,1219665
36061019500,14,7,2,4,6,20,6,0,36.5,15.60832,0,3.9468136,31.821636,13619.048,9.445528,586,1279426
36061019600,12,9,3,1,6,6,16,0,87.900002,14.613276,0,3.9233975,30.234705,35191.176,6.9164267,2101,1212132
36061019701,2,11,0,1,6,29,0,0,42.799999,15.833,0,3.9512436,32.407406,4857.1431,15.139442,129,1264923
36061019702,3,4,0,0,0,0,5,0,88.800003,15.333,0,3.9408348,40.776699,6666.667,7.3850789,124,1281228
36061019800,10,3,0,3,11,2,4,0,70.800003,16.320375,0.95739588,3.9111893,33.337727,17712.645,10.067618,1415,1230891
36061019900,13,14,2,7,5,15,7,7,34.599998,15.866114,0,3.942894,29.052601,27727.273,6.0632949,1579,1273667
36061020000,25,14,5,3,17,7,8,1,86,15.886158,0.3235199,3.9094956,36.474388,28220,6.1522422,1077,1227985
36061020101,0,1,0,2,0,19,2,3,84.599998,13.333,0,3.9318256,27.268847,154857.14,4.6647234,3137,1225926
36061020102,3,4,0,4,3,1,4,0,86.400002,11.132642,0,3.9318256,30.001644,3999.9998,10.213675,89,1255087
36061020300,2,1,0,2,1,1,1,2,81.199997,12.984856,0,3.8995774,18.078396,389913.06,3.5714288,29455,1209000
36061020500,3,3,0,16,41,3,2,2,22.799999,16.8988,0,3.9104319,21.669781,30703.703,6.785244,2428,1188241
36061020600,3,1,0,3,11,0,7,0,84.800003,13.927674,0,3.8677051,34.486248,17070.176,10.199556,1240,1118464
36061020701,0,5,0,1,0,5,1,0,91.800003,12.75,0,3.8968172,16.153847,6333.3335,2.2053232,132,1205415
36061020800,6,5,0,1,8,4,8,1,85.5,11.532322,0,3.8657219,34.988575,4245.6143,9.895834,73,1116584
36061020901,7,5,3,2,4,14,5,0,72.699997,15.646642,0,3.8612883,22.674419,8422.2217,10.590278,625,1147347
36061021000,7,0,1,3,1,4,4,0,39.799999,10.599159,0,3.9107771,39.318863,1445.7832,17.221363,133,1002365
36061021100,5,12,1,8,8,8,11,1,32.5,11.132366,0,3.8538089,12.461921,12492.537,9.048667,1356,1132311
36061021200,7,4,2,4,5,19,7,1,76.699997,13.071877,0,3.9030247,40.358021,15338.234,9.2918139,3529,994205
36061021303,8,6,0,3,10,0,10,2,88.699997,14.146646,0,3.8634851,23.521345,16016.949,17.056223,1191,1107207
36061021400,6,0,0,4,2,2,1,0,71.800003,11.82571,0,3.8836114,36.45224,3886.7925,22.309416,278,856182
36061021500,3,2,0,1,2,0,3,0,85,15.398001,0,3.8745427,33.38026,8629.6299,9.1160221,183,1104613
36061021600,10,7,1,2,5,6,6,0,89.599998,14.386559,0,3.9347212,42.420612,6850.7461,8.345499,369,1283644
36061021800,25,15,2,5,15,9,10,2,87.900002,14.813686,0,3.9412909,36.338905,7971.4287,14.022617,609,1268445
36061021900,7,8,0,2,7,1,11,0,48.200001,12.910862,0,3.8518617,19.252674,23363.637,13.98844,1279,1030940
36061022000,5,12,1,8,9,4,5,0,88.199997,11.858752,0,3.9174175,17.494749,5882.3525,15.766738,340,1220773
36061022102,1,4,4,0,6,2,0,0,85.5,14.754595,0,3.8508165,32.242485,4263.1582,16.153269,361,903900
36061022200,40,9,4,9,10,3,3,0,90.199997,17.390863,0,3.8906109,29.961987,35057.145,8.031496,1867,1146408
36061022301,2,8,0,0,1,8,17,1,51.799999,12.86191,0,3.857358,20.765917,4918.9189,19.268532,295,865090
36061022302,1,1,0,0,0,0,1,0,35.5,12.5,0,3.8501475,15.137614,6750,23.673792,199,897207
36061022400,6,10,0,3,14,3,9,0,70.599998,12.995174,0,3.868994,41.837364,6639.9995,18.563686,1081,1118997
36061022500,10,9,0,2,4,10,11,0,51.400002,13.891112,0,3.7934904,13.425462,4090,21.850801,341,816822
36061022600,7,9,0,1,9,1,12,0,85.400002,12.779451,0,3.878603,38.384972,9271.1865,13.784936,976,1042367
36061022700,10,10,1,4,12,3,6,1,83.800003,14.832657,0,3.7679417,14.87391,8137.9312,15.024712,315,823435
36061022800,8,10,2,8,8,5,4,2,84.199997,15.129828,0,3.8902788,37.480164,16142.857,16.090584,1228,987001
36061022900,24,9,2,6,0,8,13,1,48.5,13.84009,0,3.7656879,14.429867,10180.724,18.360571,481,636558
36061023000,7,9,0,3,6,6,19,1,86.300003,12.865375,0,3.8352664,32.936344,5686.5669,17.410715,179,847567
36061023100,11,9,2,4,11,10,11,0,77.699997,14.525305,0,3.7763343,15.12605,4704.2251,11.283944,233,602196
36061023200,6,10,1,2,11,2,16,0,87.5,14.254342,0,3.7951512,33.333332,10328.571,19.524336,600,777683
36061023300,7,7,0,1,5,12,10,1,30.4,12.920597,0,3.7292452,15.12605,2931.8181,14.416874,275,547782
36061023400,7,3,0,2,2,1,5,0,88.699997,14.594968,0,3.8090978,16.142433,3023.8096,19.69824,129,628534
36061023501,8,9,1,7,6,2,5,0,75.599998,13.188059,0,3.732167,15.716595,2855.0725,24.510443,878,462906
36061023502,0,1,0,1,1,0,1,0,88.400002,13,0,3.7612002,15.709455,1937.4999,21.267454,2,475885
36061023600,5,4,0,3,7,1,3,1,49.5,12.16948,0,3.7807505,21.978354,1415.9292,11.60584,402,622119
36061023700,6,6,0,7,9,2,5,0,31.6,12.803996,0,3.713572,15.12605,4400,26.216486,444,433521
36061023801,8,6,1,4,3,21,2,2,27.299999,14.333,1.2283755,4.0859208,24.380936,3036.2319,9.3280468,2558,1772181
36061023802,4,3,0,2,0,2,1,0,27.799999,15.577295,3.5405193,3.8775811,19.573481,3854.3689,9.7931032,389,1506500
36061023900,5,2,0,1,1,0,6,0,79.400002,11.911135,0,3.7012227,18.902439,2720,15.032212,179,376399
36061024000,0,0,0,0,0,0,1,0,42.700001,4.1669998,0,3.8918202,25.656012,3112.6235,47.131149,2011,1221764
36061024100,7,7,0,5,9,12,10,0,41.700001,14.634276,0,3.6590314,18.902439,16128.571,21.619135,1252,331240
36061024200,3,1,0,2,4,0,1,1,61.5,13.711833,0,3.8843372,30.047861,15172.662,16.677156,563,1124656
36061024301,5,5,0,3,4,3,7,1,75.800003,13.64626,0,3.6502383,18.902439,6878.0488,15.042658,327,314245
36061024302,5,0,0,1,0,0,1,0,29,9.4897537,0,3.7205069,18.396948,1681.8182,21.344456,272,379467
36061024500,19,19,0,3,5,26,34,1,91.800003,15.454546,0,3.6435099,18.902439,14646.341,25.167316,1238,309921
36061024700,6,1,1,2,1,2,6,0,25.299999,10.57882,0,3.5996675,18.902439,2171.7173,17.015856,102,298144
36061024900,4,1,0,1,0,1,5,0,87.699997,14.833,0,3.5731587,20.394703,4434.7827,13.518198,964,294481
36061025100,6,7,3,6,3,292,9,3,88.300003,13.971803,0,3.5662904,18.902439,132836.06,18.181818,9645,289150
36061025300,19,15,2,3,6,19,25,0,91.300003,13.636865,0,3.5306809,25.161871,13015.385,20.284643,400,284102
36061025500,2,2,0,0,2,29,2,0,25.6,11.939489,0,3.5299153,21.578897,11645.349,17.236662,2048,270556
36061025700,11,3,1,2,5,4,5,0,88.699997,14.964455,0,3.9064863,16.682281,16482.143,8.0263157,404,1216630
36061025900,4,0,1,1,3,1,3,0,81.400002,13.855623,0,3.782228,20.094084,9413.793,13.244706,90,653961
36061026100,23,9,0,1,1,12,28,2,92,12.713168,0,3.57551,21.881105,8950,28.539328,290,279508
36061026300,15,16,0,1,15,34,12,0,91.5,16.451511,0,3.5579011,18.04265,15721.312,29.068151,643,276426
36061026500,12,9,1,0,4,35,19,0,88.599998,13.348634,1.1138959,3.5672424,15.2,14547.945,26.435152,221,267846
36061026700,1,1,0,0,0,0,2,0,82,12.167,0,3.6537249,17.733713,722.22223,26.42424,14,265143
36061026900,45,14,2,3,13,6,28,0,89.800003,13.579279,0,3.6410787,15.2,46264.703,19.904699,3404,267347
36061027100,33,12,6,2,13,37,8,0,89.900002,15.353283,0,3.6375861,15.198475,21797.297,27.681818,1683,266835
36061027300,4,12,2,3,6,6,7,0,76.300003,15.560881,0,3.6253321,15.165017,8434.7832,14.734774,394,256528
36061027500,2,0,0,1,1,11,0,0,11,9.7985172,0,3.6050084,15.14633,1245.614,22.69821,101,245612
36061027700,8,11,0,2,3,9,23,0,75.699997,12.674396,0,3.6453929,15.269457,17587.301,44.838829,1500,255484
36061027900,13,5,0,3,3,11,8,0,83.800003,12.76825,0,3.6314583,14.658351,7347.8262,21.12676,240,257579
36061028100,4,1,0,2,5,11,0,0,52.900002,13.069607,0,3.6172924,14.615556,7388.8892,22.752295,274,253384
36061028300,12,5,0,2,1,10,10,0,73.699997,12.906262,0,3.6603823,14.545455,7821.4282,21.633728,592,252011
36061028500,12,4,0,1,1,11,13,0,90,12.058943,0.12789359,3.6475267,14.545455,13744.682,34.171009,762,238364
36061028700,13,8,1,1,5,8,6,0,11.6,12.679399,0,3.6375861,14.545455,4368.4209,28.27907,185,226090
36061029100,26,21,2,0,6,15,20,1,89.800003,11.919991,0.0789827,3.6375861,14.545455,8260.2744,30.171543,643,238825
36061029300,26,21,2,0,2,24,21,0,91,16.798952,0.1118318,3.6375861,14.483012,13868.853,25.399813,442,237808
36061029500,8,6,0,3,3,9,7,0,85.400002,13.662531,0.12883278,3.6375861,14.545455,6830.189,27.32707,187,237399
36061029900,3,12,2,3,6,2,10,0,52.200001,11.371061,0.23917723,3.6375861,14.545455,4738.3965,34.654179,829,237544
36061030300,6,8,0,1,7,8,11,1,66.900002,15.090962,0,3.6288571,14.073682,4934.4263,23.150249,423,236678
36061030700,3,8,0,2,1,8,2,0,84.099998,12.430757,0,3.6019373,14.122045,19969.697,32.64637,761,237176
36061030900,13,5,1,1,3,4,7,0,69.400002,11.680048,0.10325245,3.5580103,13.729392,1991.5254,29.28606,603,198423
36061031703,11,12,2,6,3,10,9,0,24.5,16.37681,0,4.1385264,41.886364,68940.172,3.8204749,15887,1645326
36061031704,12,8,6,2,0,17,10,0,23.9,16.287937,0,4.1054411,18.053999,29141.414,9.8403387,1936,1629850
36081000100,23,14,1,4,2,9,18,1,77.800003,15.5,2.5878801,4.1663003,19.385839,17488.688,7.7263579,1004,1791112
36081000200,3,0,0,0,0,0,1,0,82.599998,11.77791,0.93457944,2.5771129,24.596359,868.85248,20.192307,12,207020
36081000400,16,9,1,1,0,6,17,0,84.800003,13.266628,0.40363269,2.5649493,24.57519,2264.3679,36.720455,53,192142
36081000600,2,4,0,1,3,1,5,0,86.5,12.324166,0.79386081,2.5649493,24.538237,3493.9761,34.709557,48,193870
36081000700,21,47,4,5,4,11,30,1,93.099998,17.413712,5.0884956,4.1391807,21.037689,26142.857,8.1088152,2443,1790579
36081000800,3,2,0,1,1,1,7,0,80.800003,11.712396,0.78802206,2.5022135,24.5166,1493.1508,36.619717,119,185475
36081001000,9,7,1,2,2,10,10,0,85.699997,12.413151,0.5733945,2.4983077,24.543913,2903.2258,38.564594,37,199462
36081001200,1,6,1,0,2,6,7,1,80.300003,15.304246,0.68073519,2.5145009,24.569506,2988.6365,35.024632,179,191789
36081001400,3,2,0,1,2,2,2,0,76.300003,14.31762,1.2159533,2.5404766,24.54665,2487.8047,44.341564,91,196477
36081001600,6,1,2,1,3,4,2,0,85.5,13.836226,1.4582574,2.4913921,24.518297,2362.0691,38.46154,53,189708
36081001800,11,6,0,1,1,7,9,0,83.099998,14.609503,2.8301887,2.3918331,24.516251,1588.2352,38.439716,253,186268
36081001900,40,28,12,4,5,10,19,1,93,17.5,39.078156,4.0983863,25.720282,46510.266,3.7234042,8166,1775496
36081002000,2,6,1,1,1,1,9,0,75.199997,16.667,4.1791045,2.3025851,24.512552,3125,43.813385,126,184165
36081002200,0,0,0,0,3,2,2,0,80.599998,15.392098,2.6709402,2.3301654,24.535004,3842.1052,33.557049,181,188126
36081002400,2,1,0,1,0,0,0,0,76.300003,14.299781,0.86095566,2.2827673,24.530241,1636.3636,36.105675,229,183645
36081002500,4,4,1,2,3,0,6,1,52.700001,9.9994822,1.9712757,4.1035018,26.4692,2763.158,23.611782,140,1760783
36081002600,5,2,0,0,1,5,5,0,77.5,13.241982,0.83090985,2.1972246,24.524601,2105.2632,42.286243,72,180586
36081002800,3,3,1,0,5,3,6,0,80.199997,12.401943,1.4863258,2.2061136,24.50952,3418.6045,30.423101,141,178790
36081003000,6,3,0,0,3,3,0,0,77.099998,13.667,0.60790274,2.2789962,24.512522,1744.186,29.523811,0,183434
36081003100,10,4,1,2,9,0,5,0,92.099998,15.053614,5.9676044,3.9610629,27.179487,14218.749,7.4468083,373,1564741
36081003200,3,0,0,0,1,0,4,0,84.5,17.667,3.403676,2.2515674,24.486828,53630.77,28.194994,1074,175522
36081003300,32,8,1,6,2,2,11,1,91.800003,15.844626,3.4752389,4.0103078,27.179487,59142.859,12.398137,1714,1661283
36081003400,7,0,1,1,2,1,0,0,85.400002,13.383128,4.3646945,2.516335,24.498135,4313.2534,35.271317,51,187451
36081003600,1,0,0,2,1,0,0,0,86.900002,13.699063,0,2.4620743,24.478167,1671.4286,46.799255,57,181599
36081003800,0,1,0,1,1,1,3,0,87.199997,15.113991,4.2851578,2.2606235,25.475555,4955.8823,45.752213,498,167126
36081003900,8,2,0,0,1,0,5,0,90.900002,17,3.7831021,3.9701192,27.07407,21421.053,23.439667,266,1543072
36081004001,6,7,4,4,8,19,6,0,88.300003,16.758448,3.8631347,2.2110431,28.025507,3776.1194,41.379311,109,160311
36081004002,5,4,0,1,1,1,2,0,88.599998,18,1.6528926,2.1259615,28.049274,9040,36.744186,152,157742
36081004200,2,0,0,0,1,1,4,0,88.300003,14.071944,0.92102233,2.4870718,24.465918,2259.7402,43.117298,181,183615
36081004300,0,0,0,1,2,0,5,0,73.400002,12.734823,1.8099548,3.955909,27.179487,12757.576,25.356125,504,1545510
36081004401,9,8,0,2,3,12,12,0,86.699997,15.216035,1.7783047,2.4172966,27.997959,2732.6731,27.243591,32,177317
36081004500,2,0,1,2,3,6,4,0,72,14.178079,2.9784066,3.8787584,27.179487,3188.2354,30.283352,558,1457379
36081004700,1,5,1,1,3,3,3,1,65.599998,9.8617973,0.99601594,3.9141388,27.179487,3420.29,20.89994,61,1503761
36081005100,8,9,2,1,0,7,12,0,92.599998,16.254337,2.0502307,3.9142337,27.179487,27264.15,16.783216,686,1550252
36081005200,4,1,0,1,2,3,3,0,88.300003,14.14272,1.0384216,2.3083298,27.836535,1560,36.749397,6,177928
36081005300,10,10,0,3,0,4,12,0,90.400002,15.67519,1.2728044,3.8592036,27.179487,5618.4214,8.3081064,90,1499484
36081005400,8,4,1,1,1,2,10,1,89.800003,14.919003,1.3255065,2.1422079,27.880117,2870.3704,35.579105,329,159531
36081005500,12,7,1,3,1,3,7,0,96,16.667,0.84459459,3.8518231,27.179487,56234.371,25.74468,2183,1500046
36081005700,10,10,0,0,2,3,12,0,93.300003,16.550165,1.1676787,3.8357387,27.179487,15895.349,15.883101,1348,1464527
36081005800,13,2,0,0,1,6,6,0,79.800003,15.080437,2.3313905,2.0439894,27.936583,1536.7965,37.378277,385,150652
36081005900,11,22,4,1,4,7,7,0,91.699997,14.292505,1.6111708,3.8100822,27.179487,8712.3291,14.988199,198,1385927
36081006100,12,19,2,2,1,25,15,0,92.800003,14.841189,1.0351967,3.8139205,25.619949,10106.666,12.134959,271,1384432
36081006201,4,0,1,1,1,17,4,0,75.900002,13.615515,1.4227281,1.9459101,27.996027,934.64056,27.106365,123,140504
36081006202,6,4,5,1,0,16,7,0,58.299999,12.193235,0.98480585,1.9814664,28.400484,1202.2472,34.413441,303,148426
36081006300,12,24,4,1,4,56,33,0,92,14.470083,1.4757425,3.8263397,36.891193,15963.414,11.663418,604,1373453
36081006501,6,8,0,3,1,3,3,0,93.5,12.008159,0.26406126,3.7482693,43.650139,4465.1162,17.90468,837,1351880
36081006502,7,6,0,2,1,8,8,0,90.400002,13.467302,0.71925198,3.767729,42.563965,10440.678,14.318707,525,1348634
36081006900,10,4,0,4,2,7,6,0,88.400002,15.591533,0.96153846,3.7412193,49.337795,10296.296,17.213484,688,1361847
36081007100,8,20,2,0,4,30,17,2,91.199997,14.26133,1.5906681,3.7680142,34.600815,9026.666,10.353642,533,1365709
36081007300,7,6,1,1,3,37,7,0,89,12.700648,0.51374261,3.8440435,28.679699,23709.092,11.831104,1401,1378202
36081007500,7,5,0,3,6,2,6,0,89.199997,12.772383,0.501002,3.8347805,27.179487,7580,16.209263,285,1388540
36081007700,3,6,2,0,2,3,8,0,89.400002,16.5,4.0133779,3.8557045,27.375084,6959.1841,7.4306173,160,1386935
36081007900,3,3,0,2,1,4,4,0,89.699997,14.628313,1.2554928,3.822789,31.247314,5354.8389,13.089888,166,1390093
36081008100,3,5,0,2,0,1,0,0,88.599998,16.5,3.003003,3.81932,47.444889,25488.371,17.737789,8,1390722
36081008300,7,5,0,1,9,2,4,1,81.900002,15.704103,3.6221789,3.7863419,51.687744,5891.8916,18.128273,260,1376201
36081008500,6,8,0,0,7,1,13,0,92.199997,14.990706,5.8195926,4.0029974,27.143942,20838.096,8.5594988,623,1563563
36081008600,7,8,1,1,5,2,4,0,86.900002,16.778561,2.6375283,2.0794415,28.052248,4142.8569,23.476969,388,145026
36081008700,2,0,0,1,2,1,4,0,65.800003,12.638155,1.6912298,3.8279059,40.652866,10901.961,29.095354,1109,1373145
36081008800,4,3,1,2,0,2,2,0,75,13.85611,4.1528239,2.054086,28.114988,1034.8837,41.345604,8,133177
36081009100,0,2,0,2,0,2,1,0,71.699997,11.151953,0.36603221,3.8008845,43.233692,1324.3243,23.827826,29,1357695
36081009400,6,3,0,0,3,0,6,0,91.400002,16.088835,2.3752969,2.0697362,28.149158,2358.209,45.696537,57,146030
36081009500,2,0,0,0,0,4,2,0,86.099998,11.603686,1.754386,3.7835209,50.82106,1812.4999,13.667953,56,1344142
36081009600,14,8,1,0,3,2,6,0,89.5,13.09425,1.4836795,1.9326235,28.200348,1500,32.193455,330,140481
36081009700,8,6,0,2,1,2,4,0,87.800003,13.189547,1.1251758,3.8611317,38.309784,1794.8717,20.220221,62,1315385
36081009800,8,6,4,1,1,2,4,0,91.099998,16.338596,2.3382697,1.9181204,28.228838,3576.9231,43.152454,68,146142
36081010000,13,10,1,0,2,10,13,0,87.599998,13.495005,3.3907884,1.8152618,28.243286,1279.0697,34.90427,46,135712
36081010100,4,7,0,1,1,11,5,0,84,13.498359,2.0424837,3.8781404,32.279514,2462.6865,19.576719,26,1281959
36081010200,1,0,0,0,4,1,2,1,81.199997,14.669514,2.0618557,1.7693568,28.297117,1180.7229,45.284431,211,125887
36081010300,5,4,0,1,3,0,8,0,69.599998,13.006759,1.0755579,3.8649085,32.599209,2554.5454,19.327732,378,1260962
36081010400,9,4,0,0,3,5,5,0,86.099998,12.956347,1.4277556,1.7917595,28.268364,1916.6667,40.558376,33,138026
36081010500,4,2,0,0,1,0,0,0,80.400002,11.984786,0.22391402,3.8585293,29.999844,2552.6316,24.89772,86,1226085
36081010600,12,6,2,0,3,12,8,1,86.800003,14.644307,1.7841213,1.7917595,28.288845,3567.1641,36.243904,178,137354
36081010800,4,1,0,0,4,4,8,0,87.800003,12.618248,1.1277136,2.0171633,28.25297,2016.3934,41.961693,42,153268
36081011000,4,1,0,1,2,1,7,0,90.199997,12.501047,1.2180268,2.1297734,28.20517,2203.125,43.60656,197,155670
36081011100,3,3,0,2,0,3,4,0,89,13.696256,0.32626427,3.7975774,24.063189,4551.7241,27.705881,76,1188508
36081011200,3,1,0,0,2,5,7,0,90.199997,14.718938,1.283148,2.1501226,28.134371,21136.986,38.297874,922,157481
36081011300,11,16,0,2,4,7,12,1,89.099998,14.997044,0.60581583,3.798147,36.147964,6478.2612,14.819278,151,1242419
36081011400,1,0,0,1,0,0,3,0,90.099998,17.167,2.0060181,2.1972246,26.261177,8553.1914,24.307037,234,163837
36081011500,20,27,10,7,2,30,28,0,89.800003,15.798242,0.76834422,3.7473357,40.031067,15000.001,20.680084,480,1295560
36081011600,2,5,0,0,0,1,3,0,85,15.60008,0.90171326,2.1972246,26.174292,2648.1482,39.409283,65,163780
36081011700,12,15,0,1,5,9,7,0,90.5,13.741636,1.1617775,3.6811948,40.479729,5292.6826,16.080402,183,1293948
36081011800,2,3,0,1,1,0,2,0,85.699997,13.257179,3.4722222,2.1017323,25.824432,1645.1614,41.938046,23,161988
36081011900,6,4,1,1,0,2,2,0,91,14.710388,2.3054755,3.6316772,29.171694,9139.5342,23.663254,175,1256737
36081012000,10,8,1,0,1,3,7,0,83.199997,15.534343,1.9260401,2.0530906,26.956228,8000,26,319,151573
36081012100,2,5,0,2,5,7,10,0,89.400002,14.021857,2.4414063,3.6471925,27.327536,3886.7925,22.046652,103,1196188
36081012200,9,7,0,2,1,11,5,0,84.400002,14.820168,2.2683085,2.0794415,24.511787,4625,26.789669,1138,161122
36081012301,11,11,1,0,1,1,5,0,89,16.369036,4.5936396,3.6596186,28.116451,11986.842,27.26684,1648,1049657
36081012400,7,5,1,1,6,3,9,0,80.5,16.58629,1.700102,2.0794415,24.511141,5746.6665,29.725929,875,163050
36081012500,3,3,0,1,0,1,3,0,84.5,13.452328,1.9821606,3.6810532,43.154602,3467.7419,10.041152,41,1312921
36081012601,4,4,0,0,1,4,8,0,81.5,12.956589,2.0668274,2.1820118,24.50844,2000,44.988346,21,166790
36081012602,7,6,0,1,2,7,4,0,82,14.176569,0.77821012,2.1972246,24.509953,2175.4385,44.780876,90,170806
36081012800,2,0,0,1,1,2,2,0,71.599998,13.304073,0.97943193,2.1972246,24.524042,1725.8065,30.798122,228,178570
36081013000,3,1,0,0,4,3,1,0,63.5,15.088426,8.5679315,2.1045377,24.243477,1864.8649,39.096775,161,171566
36081013200,7,2,0,0,14,6,7,1,71.5,14.994391,4.8992923,2.0794415,23.883444,20513.514,32.92683,1439,169971
36081013400,4,6,2,2,3,14,8,0,67.599998,12.094862,0.59928086,2.0794415,23.62756,3602.7397,36.720963,301,178670
36081013500,0,1,0,1,0,2,2,0,84.300003,14,1.2618297,3.5445759,25.310476,692.30768,17.052023,2,1109103
36081013600,3,6,4,3,6,7,6,0,67.400002,16.458071,1.6277808,2.0177319,23.627285,2879.3105,19.003115,624,168980
36081013700,3,9,0,0,1,1,6,0,83.800003,15.5,4.4585987,3.6271574,29.910643,4217.9487,19.977924,49,1258545
36081013800,5,1,0,0,4,5,3,0,76.099998,14.117426,0.53633682,1.9459101,27.960484,4681.8184,30.195177,53,167151
36081014000,6,4,0,2,8,15,6,0,76.300003,15.588059,2.4958403,2.0448198,23.93047,2813.9534,29.988331,116,168487
36081014100,6,7,0,0,1,2,7,0,91.900002,12.248975,3.2341527,3.6880281,37.204281,20803.031,15.384616,161,1287127
36081014201,6,3,0,1,5,1,12,0,84.699997,12.59127,1.0458063,1.9459101,27.331448,1650,27.515635,120,158656
36081014202,8,5,2,0,2,53,12,0,84,13.177706,8.343763,1.9361697,29.157337,19457.982,29.0378,3983,149655
36081014300,9,16,2,2,1,9,12,0,93.800003,14.635846,0.48709206,3.7290299,38.199783,7226.415,16.923077,148,1310157
36081014400,7,4,0,2,3,6,6,1,82.800003,16.167,3.8186158,2.0453646,24.022602,14325.581,18.925831,388,159037
36081014500,2,5,0,1,0,0,4,0,89,10.564253,0,3.7312284,26.998199,5979.5918,26.335876,13,1303456
36081014700,13,16,1,1,3,12,10,0,92.699997,14.431304,2.2539444,3.7903378,26.637411,7105.2632,19.844358,170,1309089
36081014800,3,1,0,0,1,0,2,0,76.099998,13.167,4.6576619,1.8865284,27.958542,587.30157,35.260662,3,149793
36081014900,28,7,2,0,0,10,10,0,94.800003,14.017895,0.95419847,3.7841897,19.284531,8414.6338,14.56693,224,1361888
36081015000,3,1,0,0,1,0,1,0,81.699997,12.717199,1.1560694,1.8043804,29.498547,1192.9824,38.339622,1,141082
36081015100,5,4,0,1,1,2,6,0,91,12.16986,0.75103267,3.7712581,22.228823,1884.6154,13.642054,162,1319058
36081015200,3,4,0,0,3,0,5,0,84.5,12.762531,2.0352782,1.6094379,34.697948,945.20551,37.199436,15,137273
36081015300,3,3,0,3,4,10,5,0,89.5,14.018715,1.4097744,3.7736518,18.651596,4574.4683,14.522822,62,1369201
36081015400,2,2,0,2,2,1,1,0,88.099998,13.42556,2.7803522,1.7651691,29.204765,2603.4482,44.375,108,139591
36081015500,44,16,2,1,2,32,7,0,93.300003,16.301788,3.1978072,3.7866321,17.662161,21877.193,11.276332,573,1377775
36081015600,8,5,0,0,9,7,11,0,88.099998,14.229005,2.3536334,1.7451767,29.187378,2925.926,41.014404,244,136906
36081015700,12,18,2,1,1,11,10,0,96.199997,16.833,5.7877814,3.7738945,21.609123,15140,7.1999998,186,1399306
36081015801,4,7,0,0,6,6,6,0,75,15.115829,3.4893864,1.6094379,35.823006,1577.5863,30.693069,70,130686
36081015802,33,13,1,1,2,18,16,0,88.199997,16.158316,2.7963003,1.7288862,28.698236,5364.4858,37.83205,156,134286
36081015900,8,13,1,2,2,1,19,0,93.199997,13.578354,0.77679959,3.7683022,16.901838,7484.8486,20.035778,34,1383618
36081016100,0,12,0,1,1,3,6,0,93.300003,13.91459,1.7286085,3.741051,18.185003,7095.2383,11.158073,86,1380971
36081016300,3,6,0,0,3,0,3,0,69.800003,9.9280834,1.2379302,3.7308116,26.023674,1357.1428,23.89937,555,1319856
36081016400,2,0,0,0,1,0,0,0,82.699997,12.281924,1.0576415,1.6541312,30.427,662.33765,38.30735,37,126795
36081016600,15,9,0,0,4,9,9,0,84.599998,15.940825,2.3297955,1.7437044,28.383965,11230.769,48.380356,854,127283
36081016800,0,2,0,0,1,0,1,0,80.699997,13.990188,0.6478782,1.6094379,28.647717,609.7561,37.855724,1,121491
36081016900,5,3,0,2,2,1,7,0,62.5,11.6643,0.56796668,3.7264051,18.453907,9595.5059,16.437008,245,1388562
36081017000,0,0,0,0,10,0,0,0,78.800003,11.374088,1.3386881,1.6375662,35.169178,329.41177,49.920761,158,124254
36081017200,1,3,0,1,4,4,10,0,77.199997,13.679413,0.45289855,1.6205535,34.569183,1770.2703,42.563599,12,122813
36081017400,1,0,0,1,4,0,0,0,79.099998,11.884863,0.7301935,1.6287897,35.926117,729.72974,34.380775,54,120143
36081017600,1,1,0,2,2,1,0,0,76.599998,12.394224,0.97751711,1.6290363,34.849754,554.05408,42.55677,119,119147
36081017800,1,0,0,1,2,0,1,0,76.400002,14.252737,1.497006,1.6094379,36.442497,1256.7567,40.32724,9,117876
36081017900,17,10,3,3,0,1,7,1,93.099998,15.864195,12.935323,3.9430451,25.591358,61491.715,10.452962,4832,1698682
36081018000,2,6,0,0,2,0,2,0,78.599998,15.333,6.6722269,1.6094379,38.541157,1381.8182,36.886993,71,112351
36081018101,4,15,1,2,0,4,8,0,91.5,12.476097,0.24055809,3.9209375,25.580498,4605.2632,9.9947948,263,1621610
36081018102,5,8,0,0,0,8,5,0,94.300003,12.952853,0.25980774,3.9004886,17.538374,6891.8916,10.953902,78,1559039
36081018200,2,0,0,1,3,1,2,0,71.199997,13.527306,4.2979943,1.7917595,38.51107,1090.9091,30.78261,113,108647
36081018300,22,16,3,2,8,11,22,0,76.900002,14.338145,0.7082153,3.8353524,17.70039,14409.639,12.477396,918,1504082
36081018401,0,4,0,1,5,0,1,0,78.099998,15.667,2.5157233,1.7917595,38.50898,636.36365,37.713139,112,106316
36081018402,1,0,0,1,3,0,3,0,75.699997,11.596415,1.2886598,1.7917595,38.433994,1500,46.124031,46,109629
36081018501,3,7,0,1,2,10,7,0,82.599998,12.756579,1.459854,3.9297826,18.690271,1947.3685,24.351509,27,1602932
36081018502,5,13,0,3,3,6,9,1,93.800003,13.863516,1.442169,3.9226289,19.862709,3736.8423,9.5388784,114,1599995
36081018600,2,1,0,1,3,0,0,0,70.5,12,0.64226076,1.7917595,38.434784,28.985508,29.642057,0,113244
36081018700,1,3,0,2,4,2,2,0,89,11.681225,2.3825732,3.9697545,19.486303,1478.7235,15.348007,50,1633487
36081018800,2,0,0,1,2,0,1,0,66.900002,11.167,2.2222222,1.7917595,38.397816,102.94117,42.81609,5,116035
36081018900,11,5,0,1,1,1,6,0,91,13.809476,2.4585126,3.9946003,24.378256,13547.619,18.034449,512,1671941
36081019000,4,3,0,0,2,0,7,0,73.099998,12.829887,2.5680534,1.7917595,38.313534,1643.8357,35.654007,70,116192
36081019200,0,0,0,0,1,0,0,1,74.199997,10.928705,1.6968326,1.7917595,38.390121,129.87013,46.915726,4,117231
36081019400,3,1,0,0,6,0,1,0,74.300003,13.730044,2.2065313,1.7917595,38.39735,241.37932,40.872726,19,120106
36081019600,1,5,0,0,7,0,7,0,78.699997,13.672939,1.9230769,1.7917595,38.320286,988.37207,48.07988,150,121355
36081019800,1,3,0,1,5,0,4,0,79.800003,13.914655,3.2490975,1.7917595,38.346291,462.5,39.445801,20,125843
36081019900,26,13,3,1,3,2,14,0,68.300003,13.167,16.420361,4.0784965,19.203371,14282.353,14.09396,1621,1722231
36081020200,3,0,0,1,1,0,0,0,73.5,13.167,1.2787724,1.7917595,38.41275,157.89473,39.228722,5,130041
36081020400,2,3,0,1,3,1,5,0,86.300003,16.057941,6.3819342,1.7917595,38.370766,9675.6758,47.197105,208,132205
36081020500,5,2,1,0,2,1,4,0,87,12.246556,8.3420229,3.9491413,18.340738,21305.676,23.645969,87,1662149
36081020600,3,1,0,1,2,0,2,0,88,17.5,5.9084195,1.7791992,38.411476,796.61017,45.240639,0,135372
36081020800,8,14,0,1,3,2,13,0,88.800003,16.736832,6.3103192,1.7821901,38.389484,5565.8535,47.36446,84,137753
36081021200,11,17,1,3,7,9,22,0,88.699997,18.022511,5.1258155,1.7429298,37.162949,10488.889,45.930775,434,141810
36081021400,9,13,2,2,3,7,18,0,85.800003,17.292841,1.6080043,1.818907,35.492729,6310.3452,48.315285,444,155860
36081021600,8,8,2,5,5,19,11,0,54.400002,15.562942,2.3084026,1.9363101,28.484423,7219.6079,31.124723,2610,167912
36081022001,9,3,0,2,1,7,1,1,63.599998,11.004279,0.16084928,1.8806874,29.275999,1512.9871,31.777063,188,161612
36081022002,8,0,1,1,1,6,6,0,68.900002,11.160925,0.33984707,1.8173363,34.79211,2136.7522,40.597691,135,158462
36081023000,1,1,0,0,1,4,0,0,73.699997,16.158649,1.0649627,1.9459101,36.592358,3000,25.746267,92,154319
36081023200,3,2,0,6,8,3,2,0,72.400002,11.951638,0,1.8937392,36.686085,8272,41.150921,1378,153764
36081023500,13,20,3,3,5,13,14,0,90.699997,15.121772,2.2466301,3.8637581,18.605858,6560,9.0684624,519,1522511
36081023600,7,10,0,0,6,4,6,0,83.400002,14.587661,3.8819876,1.8101956,38.383617,5411.7646,39.598663,308,144383
36081023800,6,13,1,2,7,5,13,0,87.699997,13.291754,0.44612982,1.859089,38.407284,10377.049,40.977112,167,149210
36081024000,14,7,3,2,10,8,14,0,78.099998,15.755713,3.5795026,1.7917595,38.381001,21471.154,39.503147,1944,138937
36081024300,5,6,0,1,0,1,6,0,86.199997,15.268615,1.8825301,3.5758681,15.558797,2765.55,15.286625,151,1242229
36081024500,5,1,0,2,2,7,0,0,77.199997,14.522659,1.0928962,3.6580431,26.859331,11809.524,26.287359,2759,1282683
36081024700,2,1,0,0,2,0,0,0,82.400002,15.167,2.9828486,3.5739911,23.308029,2085.7144,11.497326,18,1214468
36081024900,6,11,1,5,8,3,8,0,89.199997,16.063026,0.67842605,3.6728637,26.0201,9333.333,5.4828153,499,1269182
36081025100,11,10,0,1,6,11,13,0,84.099998,15.133437,0.3327787,3.6966937,28.198198,4021.739,13.399015,394,1336379
36081025301,11,13,1,3,3,16,6,1,82.5,12.667713,1.2942192,3.7645578,18.616411,9265.3066,8.5185184,323,1410677
36081025302,2,13,1,4,3,5,10,0,90.400002,13.708137,0.38910506,3.7177639,19.566298,20307.691,7.5258703,384,1346798
36081025400,8,1,0,1,20,4,14,1,71.400002,13.132521,1.8221574,1.7917595,38.205746,861.78857,44.493271,74,130147
36081025500,8,1,2,0,2,1,3,0,84.699997,17.5,2.2075055,3.7077291,30.228855,12847.059,27.564102,36,1325737
36081025700,2,3,0,2,4,0,7,0,88.5,17.667,4.040404,3.6924779,28.633955,14034.483,9.0797539,214,1275894
36081025800,2,2,0,0,6,0,7,0,74.599998,13.808273,1.1990408,1.7917595,38.043106,1219.5122,37.614677,271,125636
36081025900,5,11,1,1,6,4,9,0,87.800003,17.312748,2.1192855,3.6674559,27.069893,11361.111,12.539582,68,1263962
36081026000,2,2,0,0,6,0,4,0,68.199997,13.478075,0.79302141,1.7917595,38.190178,420.28986,30.126848,112,125715
36081026100,20,23,0,4,7,10,21,0,90.800003,14.833245,0.55983205,3.628963,25.26634,8174.4185,9.0136051,261,1235592
36081026200,0,0,0,0,2,1,0,0,68.699997,12.833,1.3947001,1.7917595,38.161594,781.81818,37.291279,15,120689
36081026300,5,15,1,2,4,8,10,0,87.300003,15.547161,0.5,3.5823295,21.480743,5025.9741,12.82714,128,1169983
36081026400,2,0,1,1,9,0,0,0,72.400002,13.680664,2.0811655,1.7917595,37.974655,500,41.517857,27,122627
36081026500,14,17,1,3,4,13,11,0,79.199997,15.660164,0.9391876,3.4936461,10.106714,4666.667,15.403666,186,1025456
36081026600,0,2,0,2,7,1,0,0,71.699997,16.833,0,1.7917595,37.938267,2522.3879,59.055119,233,119521
36081026700,12,17,1,1,4,48,14,0,89.199997,15.909572,2.1573183,3.346364,10.633974,22395.063,22.983494,6133,757205
36081026901,43,26,1,2,1,28,15,0,88.599998,14.300754,1.3237519,3.13205,11.526011,11772.728,27.635326,231,590738
36081026902,1,6,0,0,1,8,7,0,89.099998,15.126495,0,3.1743431,11.71388,6400,26.738544,110,592496
36081027000,1,2,0,2,4,0,1,0,71.699997,16.667,0.68870523,1.7917595,38.180153,1277.7778,27.741083,25,121694
36081027100,14,11,1,0,3,22,11,0,91,12.398567,0.23769907,3.0707133,12.043165,3870.3704,19.703535,433,488882
36081027200,1,2,0,0,9,2,3,0,82.099998,15.10111,2.4715769,1.7917595,38.295715,2694.9153,45.407639,121,117741
36081027300,30,16,0,0,2,10,19,0,86.5,11.925878,0.51612903,2.7910056,12.116254,9963.4141,17.103825,411,348648
36081027400,0,1,0,0,2,0,0,0,82.199997,12,0,1.7917595,38.216145,18.181818,29.283888,10,118760
36081027500,8,11,0,0,2,35,16,0,90.099998,12.392811,0.1496334,2.7916851,11.72379,5289.855,21.485945,300,382031
36081027600,0,1,0,1,4,1,1,0,75.900002,14,2.7675277,1.7917595,38.098152,6442.623,26.429674,0,119987
36081027700,7,6,1,0,2,9,5,0,84.900002,13.688036,0.7406493,2.9325087,11.322225,5073.5293,21.858179,81,486891
36081027800,1,0,0,0,0,0,0,0,64.699997,11.677852,1.2014417,1.7917595,38.061459,161.76469,45.704468,210,113775
36081027900,10,15,0,0,2,14,14,0,76.800003,13.282036,0.46999843,3.0049837,11.277952,5102.9409,15.60713,122,572834
36081028000,3,0,1,0,3,0,0,0,72.900002,15,0,1.7578579,38.136715,499.99997,45.373135,4,114918
36081028100,14,20,0,0,5,11,6,0,80.099998,15.684571,1.482305,3.0655184,10.516385,6522.3877,25.572372,127,648277
36081028200,1,5,0,0,3,0,2,0,77.800003,16.5,0,1.6094379,38.760231,1521.1267,38.285713,2,107706
36081028300,43,9,6,3,5,35,9,1,88.300003,14.73388,1.2123049,3.20558,10.316966,20811.594,15.876834,1020,682575
36081028400,2,6,1,1,5,3,5,0,75.599998,16.066557,0.86430424,1.6893953,38.402199,1684.8484,35.836693,248,106057
36081028500,8,16,1,2,1,10,10,0,82.599998,13.396793,0.88908646,3.2693422,10.143647,5655.7378,17.008799,538,781666
36081028700,20,15,5,3,3,46,14,0,86.300003,14.691643,0.85353363,3.3527079,9.945632,9723.6846,25.650665,423,891984
36081028800,5,2,0,4,7,1,4,1,50.599998,14.278373,1.5079166,1.7917595,38.357216,353.65854,45.38715,214,107783
36081028900,73,23,3,3,2,22,18,0,82.699997,15.419659,1.362663,3.4408271,13.867658,14015.151,17.459723,842,976502
36081029100,4,16,0,1,3,11,14,1,86.300003,15.012753,0.62169723,3.5610766,22.07729,9089.1084,17.699417,830,1103092
36081029300,4,5,0,0,1,4,4,0,88,17.333,1.38217,3.6427779,26.094635,7457.627,12.190813,306,1200501
36081029400,11,9,1,2,6,3,7,0,72.400002,14.646607,2.5474101,1.7061813,38.678833,3299.27,43.949844,255,102288
36081029500,4,7,2,1,0,3,7,0,77.699997,14.107145,1.5580369,3.7316792,30.275177,3771.4285,21.484579,115,1306402
36081029700,10,1,1,0,3,1,10,0,80.800003,14.638434,1.552795,3.7295961,28.769596,10965.346,20.342613,761,1278322
36081030600,8,7,1,2,7,3,7,0,77.099998,16.225443,2.6397888,1.6094379,39.642994,6025.145,40.154068,301,99410
36081030902,7,7,0,0,3,5,8,0,81.5,12.306431,0.5719515,3.6292412,24.701159,1677.2151,17.177731,126,1122826
36081030903,17,8,2,3,3,15,10,0,86.400002,14.64946,1.6586499,3.3513374,16.199465,4823.5293,21.986383,112,927988
36081030904,4,3,1,0,3,2,4,0,73.800003,15.452629,4.1194645,3.444392,22.014849,11416.666,17.607363,1474,973127
36081031700,10,7,0,2,2,3,7,0,69.400002,14.731787,2.9440628,3.5067089,23.785624,5322.0977,28.874504,6355,986101
36081032000,9,10,0,2,5,5,11,0,75.599998,14.829305,2.6200873,1.6094379,42.75695,12791.98,31.030762,868,93545
36081032700,5,6,0,1,1,4,4,0,86.400002,13.061395,2.0720021,3.1606948,9.7531052,1758.6207,33.838383,119,741384
36081032800,3,1,0,1,3,1,2,0,67.599998,13.319966,0,1.4433596,41.30378,781.69012,50.78125,22,98604
36081032900,4,5,0,3,4,1,3,0,84.099998,16.015535,3.455987,3.0654056,10.406242,7479.29,35.944443,191,625565
36081033000,6,7,0,3,9,0,3,0,71.800003,13.1181,0.29107845,1.6094379,39.659081,544.30377,39.186085,473,99997
36081033401,1,3,0,1,7,0,1,0,60.099998,12.579137,0.30674847,1.6094379,38.901386,990.74072,48.385094,76,103587
36081033402,14,6,2,2,14,12,12,3,64.5,14.354103,0.69113807,1.6094379,38.804985,2116.0408,41.320755,1562,102583
36081033700,8,11,0,1,0,2,4,0,83.5,12.130791,0.29052876,3.0244465,9.9560204,3844.8276,28.09762,38,654633
36081033900,3,2,1,3,3,1,7,0,84.400002,12.890855,1.521684,2.938144,10.394984,6482.7588,30.193237,339,566747
36081034700,3,1,0,2,1,1,2,0,78.900002,15.484151,4.1335453,2.8260667,10.473578,3060.8108,32.237312,103,450285
36081035100,2,8,0,1,2,2,3,0,87.800003,12.19585,0.91282519,2.8255384,10.825346,1481.4814,36.798222,862,448360
36081035200,9,4,2,1,7,2,5,0,77.800003,16.681681,0,1.5111526,38.901836,3459.5745,37.536873,411,104480
36081035300,3,2,1,1,1,1,7,1,83.5,15.247435,4.6413502,2.7227445,11.168606,2633.3335,33.107452,323,373977
36081035700,2,6,0,1,4,1,3,1,72.400002,15.341103,2.7920962,2.7010078,10.730666,4968.3257,32.600258,1452,344602
36081035800,6,5,1,3,8,7,8,0,71.099998,16.226128,0,1.3862944,39.535198,1407.9602,42.342342,203,99736
36081036100,3,3,0,1,2,4,7,0,84,14.629412,1.9245574,2.6738589,11.220567,3622.9507,30.748898,38,348235
36081036300,1,2,0,6,10,1,2,3,81.599998,12.311542,1.3550136,2.6517017,11.581077,3615.3845,37.373737,50,329532
36081036500,5,4,0,0,5,1,4,0,82.300003,13.168474,2.8460543,2.4230516,11.790174,1593.7499,34.196186,6,314134
36081036600,5,7,1,1,7,3,2,1,74,15.590838,0.40453074,1.6094379,38.933323,2295.7747,37.812042,290,107774
36081036700,3,3,0,1,1,0,1,0,82,14.259019,1.9615536,2.5455947,11.246988,1040,40.525837,175,326488
36081036800,2,0,0,0,1,1,4,0,80.599998,12.754712,0,1.6094379,38.910912,386.36365,44.416458,15,107114
36081037100,2,0,0,0,1,0,0,0,73.300003,12,2.9865605,2.3711395,11.417856,215.38463,33.92857,4,308201
36081037300,3,3,0,0,2,1,3,0,79.300003,14.667012,2.1359915,2.1057813,11.998414,4053.1917,42.348755,94,280502
36081037500,44,14,5,0,3,11,12,0,86.900002,18.402901,1.8975332,2.7787986,12.357366,9633.334,32.944607,146,309214
36081037600,5,7,1,0,20,5,6,0,71.099998,10.207176,0,1.3943772,38.939655,149.15254,40.67524,8,115258
36081037700,5,5,0,1,9,0,6,0,78.400002,13.125219,1.2318305,2.7397919,12.012088,1385.965,38.075314,152,322456
36081037900,5,5,0,1,6,2,6,0,81.599998,10.858246,1.0507355,2.5551379,12.330051,1763.158,34.675007,67,288780
36081038100,0,6,0,2,1,1,4,0,75,13.168839,0.32299742,2.1733027,12.483113,1962.9629,38.716885,136,242517
36081038400,4,3,2,2,8,2,3,0,77.300003,9.2259007,0,1.603304,39.184288,3356.5217,42.437725,198,121297
36081039400,1,3,0,2,7,1,8,1,74.199997,12.036483,0,1.4288234,38.954903,649.25372,41.910736,131,116887
36081039800,3,0,0,0,5,1,0,0,70.599998,13.901225,0,1.5780367,39.021439,743.58972,36.242302,35,123128
36081039900,7,6,0,1,1,0,4,0,79.599998,13.544696,0,2.1754882,13.122699,5651.5151,46.079548,37,232408
36081040000,1,1,0,0,3,2,3,0,68.699997,8.1308155,0,1.4676014,38.540024,1210.5264,22.893259,11,123624
36081040100,5,8,0,1,3,2,16,0,87.400002,12.879051,0.12983641,2.2653863,13.112814,3134.1462,26.086956,66,243321
36081040200,2,0,0,1,2,0,0,0,66.199997,10.73835,0,1.5583218,38.196278,357.14285,49.497208,4,126954
36081040300,6,10,0,0,9,12,6,1,85.099998,14.085848,0.4621784,2.4875653,13.09192,2610.3896,37.351669,427,255201
36081040400,2,1,0,1,8,1,6,0,74.800003,13.302777,0,1.5029469,38.010712,1000,33.139225,188,133913
36081040500,25,27,3,0,7,12,31,0,86.699997,16.546616,1.3484358,2.6079791,12.979081,12960,31.552483,147,277359
36081040700,7,8,1,2,5,3,8,0,88.900002,12.863209,0,2.7109959,12.818061,2779.2207,33.553757,302,289293
36081040900,10,9,0,1,6,2,12,0,86.900002,12.418992,0,2.7740936,12.646677,2271.1865,34.933559,132,294766
36081041100,1,5,0,0,2,0,8,0,89.300003,13.403437,2.1551724,2.6127276,13.032313,698.11322,23.239437,3,281171
36081041300,4,4,0,1,0,1,6,0,86.099998,16.341761,0.65274151,2.5229146,13.260948,2573.7705,28.447809,17,249564
36081041400,1,1,0,1,3,1,3,1,77.199997,15.408304,0,1.7147436,37.904392,4324.1758,48.280804,160,135805
36081041500,4,2,0,3,3,1,10,0,87.800003,14.815116,0.78740157,2.373342,13.494416,4787.8789,44.827587,157,244323
36081042400,0,1,0,3,4,2,3,0,60.299999,12.185594,0,1.6094379,38.277035,325,40.037773,22,124324
36081042700,3,6,1,2,5,6,7,0,89,14.199749,0.86318515,2.2856295,13.790486,3060.606,32.547863,57,238132
36081043200,1,3,0,1,5,3,3,0,67.699997,16.167,0,1.6094379,38.421684,1197.8022,35.818714,132,118706
36081043400,3,0,0,0,3,0,0,0,71.699997,15.5,0,1.6702833,37.895798,1101.2657,49.88345,9,124331
36081043701,4,1,0,0,0,0,0,0,86.599998,14.385023,2.7915633,2.3889153,14.049513,11775.862,41.438625,873,232490
36081043702,7,3,0,0,3,3,7,0,88.599998,12.03095,1.0309278,2.4363172,13.805186,1763.8889,35.200531,27,241475
36081043900,8,15,0,0,1,7,9,0,89.099998,16.008387,2.228164,2.3805745,13.688458,3124.9998,38.16156,352,240154
36081044000,2,1,0,0,6,0,5,0,76.400002,14.173784,0,1.7530915,38.063705,1342.4658,33.631714,43,138160
36081044301,2,0,0,0,3,0,4,0,79.300003,14.242025,0.28719127,2.434567,13.543941,1352.9412,18.074478,24,247033
36081044302,4,8,0,0,3,0,5,0,89.400002,14.013103,2.2492128,2.6734526,13.276204,6364.4858,34.589195,447,266131
36081044400,54,13,0,3,3,10,7,0,86.599998,17.100018,5.7937428,1.7828069,38.187088,6612.0693,43.295292,650,138776
36081044601,62,12,3,10,11,17,13,1,91.400002,15.859036,5.0951087,1.7917595,38.312599,36093.023,47.002651,1651,137335
36081044602,11,14,0,3,7,17,9,0,86.800003,16.353966,0.90211998,1.7917595,38.338509,9227.2725,29.173508,402,143496
36081044800,4,2,0,0,1,2,3,0,71.5,13.483871,2.4479804,1.8203202,38.246666,1362.5,42.334633,836,143827
36081045000,3,4,0,1,0,1,7,0,79.400002,14.63545,3.1230481,1.9357293,36.966553,1363.6364,42.181816,17,151534
36081045200,0,0,0,1,0,1,0,0,54.900002,13.667,0.77942323,1.8139635,38.183002,7096.3857,42.857143,1331,145526
36081045400,6,2,0,4,1,13,8,0,72.800003,14.238869,0,1.7917595,38.356407,3898.8762,36.661701,244,142060
36081045500,5,6,1,2,2,9,7,2,84.5,11.881331,0.24036536,2.6276176,13.553561,4949.1523,29.669472,169,250378
36081045600,1,0,0,0,2,3,0,0,68.199997,13.333,0,1.7917595,38.388008,548.38708,33.163265,169,147976
36081045700,2,3,0,0,2,1,1,0,84.300003,10.568433,1.1915401,2.9079235,13.04467,948.27588,32.406948,589,294951
36081045800,6,6,0,5,4,10,5,0,58.099998,16.333,0,1.7858874,38.333271,3574.4683,45.980392,133,147927
36081045900,1,1,0,0,2,1,1,0,83.400002,12.22143,0.72586499,2.8856933,12.893688,377.35849,22.632521,8,296210
36081046000,79,11,3,3,7,12,22,8,91.900002,15.731024,1.5603329,1.7917595,38.289833,18541.176,36.161228,1984,136575
36081046100,7,16,0,0,5,5,19,0,89.199997,16.833,3.0313237,2.9010444,12.802444,4022.7273,30.42017,395,303072
36081046200,10,7,2,1,2,24,8,0,87,15.312671,0.67658999,1.7917595,38.259106,42979.379,43.337097,403,142354
36081046300,6,3,1,1,4,0,8,0,83,13.102174,0.58771672,2.8806868,12.66529,1983.6066,28.617365,254,301985
36081046400,2,0,0,3,1,5,1,0,47.700001,15.167,0,1.7462534,38.344238,293.47827,37.5,37,146304
36081046500,22,15,1,1,0,11,15,0,86.300003,16.021231,0.54990377,2.8491344,12.626652,4160,28.739002,928,302599
36081046600,4,4,2,6,11,20,2,0,60.200001,14.200971,0,1.6924933,38.306797,7695.6523,35.333332,602,145640
36081046700,5,1,0,0,6,7,4,0,85.199997,12.180135,0.47702337,2.9227514,12.408672,4436.3638,28.270945,166,348087
36081046800,6,8,1,1,4,2,10,0,86.699997,13.682889,1.0669512,1.6260757,38.22015,1640.4495,53.212994,271,139615
36081046900,6,11,1,1,4,22,16,0,84.300003,13.703459,0.35227806,3.0421677,12.226323,4206.8965,24.350365,136,407328
36081047000,9,5,0,0,9,2,9,0,87.199997,13.65775,0.88731145,1.5756843,38.210979,1382.0225,40.835411,296,141556
36081047100,2,25,0,1,5,8,15,1,81.300003,17.631702,1.5814444,3.0631583,12.500546,4196.7212,24.558823,76,365226
36081047200,7,0,1,1,4,8,5,0,45,14.878588,0,1.4677302,37.778782,2864.3215,43.863049,579,145034
36081047300,14,11,4,3,1,53,12,0,88.400002,14.187925,2.3296447,3.067584,12.785914,26357.143,15.830116,493,345057
36081047500,9,12,0,3,4,21,10,0,86,14.059538,2.7825342,3.1191678,12.999148,4578.5122,22.111464,820,323125
36081047600,0,1,0,1,3,3,1,0,38.200001,11.718646,0,1.3862944,28.855133,485.71429,15.406977,95,128550
36081047800,9,4,2,3,7,38,8,1,60,15.296428,0,1.3862944,31.102327,3333.3333,35.031185,540,130110
36081047900,5,11,0,3,4,9,15,0,81.900002,14.988074,1.038961,3.284678,12.582386,2686.6665,28.211695,357,522560
36081048000,4,4,1,1,2,8,4,0,81.300003,14.048576,0.37807183,1.3862944,38.264862,64404.492,42.763771,5696,145828
36081048100,6,11,0,0,2,13,9,0,85,11.612707,0,3.3365409,11.748745,5444.4443,17.083509,206,648977
36081048200,4,5,0,2,8,6,5,0,66.599998,17.5,1.8541409,1.3862944,38.347069,2574.7126,45.371777,300,143899
36081048300,5,9,0,0,10,6,7,0,76,14.32608,0.77579519,3.4735472,10.742635,3287.3564,14.265537,301,956510
36081048400,6,1,0,1,5,1,6,0,80.599998,12.014776,1.0040161,1.4739434,34.269428,788.81989,47.180511,142,137323
36081048500,12,19,1,3,1,5,8,0,86.300003,16.177082,1.0626993,3.2921922,12.013638,5227.2729,25.679117,372,599112
36081048900,9,3,1,1,6,0,6,0,83.900002,17.248619,6.8376068,3.4478476,11.483866,7626.8657,14.771242,2110,869574
36081049200,2,3,0,2,5,24,5,0,58.099998,11.662457,0,1.5311689,27.024982,705.88232,31.204769,268,130193
36081049301,2,3,1,0,0,0,2,0,85.599998,14.680802,3.2509753,3.5188851,11.476676,2079.365,29.566093,29,850184
36081049302,11,10,3,2,4,14,13,1,88.800003,16.991936,3.6883356,3.4442363,11.831043,8528.3018,32.893719,1122,697991
36081049500,1,2,0,1,0,0,1,0,88,12.333,1.2586532,3.3528237,12.348193,208.33333,25.040388,0,579223
36081049600,4,3,0,0,6,1,2,0,82.900002,13.02408,0.67773636,1.6094379,28.897736,1009.5239,26.29228,95,113296
36081049700,2,0,0,0,3,1,2,0,88.5,13.707636,1.3614704,3.3930495,11.939792,2896.104,27.898327,288,721178
36081049900,7,4,1,1,3,8,7,0,81.900002,14.411608,3.5552044,3.279196,12.87933,4377.0493,26.489227,312,433101
36081050000,6,3,0,1,6,4,8,0,72.300003,14.591971,2.0477816,1.3862944,38.295368,3899.2251,40.64801,527,139106
36081050201,2,0,0,0,5,0,0,0,68,13.167,0,1.3862944,38.218349,92.307693,30.087391,0,138550
36081050202,0,0,0,1,1,0,0,0,65.199997,12.5,0,1.452453,38.382191,220.33899,41.597794,16,134116
36081050400,0,2,0,4,4,1,1,1,70,11.7127,0,1.3862944,38.088554,180.7229,33.679832,106,134491
36081050500,1,0,0,1,0,0,1,0,79.5,10.833,0.61312078,2.9938142,13.443338,318.18182,35.777496,9,314219
36081050600,2,3,0,0,2,0,5,0,63.200001,11.146199,0,1.3862944,38.237457,387.5,34.788361,7,129076
36081050700,2,0,0,0,1,3,2,0,78,12.345517,1.1514105,3.1869652,13.157646,1021.4286,31.655035,46,347125
36081050800,2,0,0,1,9,1,3,1,74.400002,12.388207,0,1.5561376,38.411072,788.23529,38.200935,308,126231
36081051000,0,0,0,1,3,1,3,0,72.199997,13.079463,0,1.6094379,38.525188,1774.6478,56.976742,11,124680
36081051100,1,2,1,1,0,2,2,0,82.800003,14.652124,5.5359839,3.6294279,11.279064,1792.4529,25.024927,204,1138774
36081051200,2,2,0,0,3,1,3,0,68.900002,14.446083,1.0026738,1.6094379,38.640259,1296.5518,46.921795,92,126914
36081051300,3,1,0,0,0,1,1,0,83.800003,13.046937,2.5471218,3.5887005,11.174766,933.33331,32.917038,262,1078181
36081051500,2,3,0,0,1,4,4,0,80.800003,14.358432,1.8853695,3.6017864,10.919044,7057.4717,26.741732,28,1198060
36081051600,2,0,0,1,3,0,0,0,74.699997,7.3330002,0,1.6094379,38.7938,28.169014,33.48365,0,120307
36081051700,1,2,2,2,4,10,8,0,84.199997,17.232294,5.7603687,3.6754756,11.804033,4041.2371,25.550661,122,945166
36081051800,1,0,0,2,2,0,0,0,76.199997,7.3994837,0,1.6094379,38.576874,15.151515,37.340622,16,120847
36081052000,4,2,0,1,4,2,1,0,79.300003,7.6669998,0,1.5256499,38.614651,2045.4546,35.657143,267,125426
36081052100,2,1,1,0,1,5,11,0,90.800003,15.004218,11.404134,3.6875949,11.510573,7891.8916,37.664783,33,1005636
36081052400,1,2,0,0,4,1,1,0,73.599998,7.5000005,0,1.3862944,38.366108,315.78949,51.605503,1,129320
36081052500,6,3,0,0,0,1,2,0,89.699997,13.825306,4.2735043,3.7962739,11.542759,2769.2307,35.868542,22,1261409
36081052600,5,4,0,1,7,0,1,0,71.800003,11.080796,0,1.3862944,38.990227,414.28571,49.21875,8,120565
36081052800,3,3,0,0,3,0,0,0,72.5,10.667,0,1.3862944,39.22506,971.42859,50.384617,53,116677
36081053000,4,1,0,1,4,0,3,0,73.5,7.3600693,0,1.4972334,39.212914,842.69659,48.55442,43,118976
36081053100,7,5,0,0,0,3,12,0,90.800003,15.39094,3.7278658,3.8113816,11.367625,11036.585,36.974262,80,1309824
36081053200,1,1,0,0,3,5,0,0,81.199997,7.9757414,0,1.6094379,38.826683,1205.4795,51.063831,204,119701
36081053401,0,2,0,2,4,0,5,0,72.599998,9.0210276,0,1.6094379,39.07283,690,42.43354,226,117580
36081053500,14,9,0,1,0,1,9,0,90.599998,13.333,11.217949,3.8810248,11.493201,17532.996,30.261139,267,1512054
36081053601,3,1,0,0,1,0,1,0,71.599998,9.7067327,0,1.6094379,38.79776,94.594597,42.508324,1,119259
36081053800,0,0,0,0,3,0,0,0,69,10.72093,0,1.6094379,38.911503,602.73975,36.017899,134,118792
36081053900,21,5,2,2,1,5,19,0,75.300003,13.277578,4.9893086,3.9281361,11.627336,5435.8975,16.470009,373,1467570
36081054000,4,4,0,2,5,4,4,0,71,16.661873,1.3590034,1.600652,31.192801,2801.98,36.95332,85,121535
36081054200,6,7,3,2,6,9,7,0,77.599998,14.052591,0.36390102,1.6094379,26.828363,1559.8086,45.407139,304,121186
36081054500,2,2,0,0,2,0,6,0,92.199997,12.066886,0.99453008,3.8066199,11.671925,4636.3638,14.053803,166,1055726
36081054700,1,4,0,1,7,1,8,0,90.599998,11.666487,1.5237266,3.6624367,11.671925,1760,13.154962,14,789430
36081054800,4,1,0,1,0,1,1,0,76.199997,12.046358,0,1.6094379,25.549442,4620.6899,32.06522,1,126797
36081054900,4,14,0,0,2,7,18,0,92,13.887285,2.8849621,3.5659931,11.671925,6241.9355,18.533468,99,651460
36081055100,18,11,1,2,4,12,12,0,92.800003,13.601261,3.2553408,3.462801,11.671925,8983.334,14.311351,207,446381
36081055200,3,3,0,1,3,12,4,0,65.099998,15.176967,0,1.7380152,23.175303,1925,44.077671,125,148314
36081055300,31,11,1,1,4,12,6,0,93,15.660327,3.021148,3.4323456,11.671925,7745.4546,10.70579,207,459801
36081055400,1,1,1,1,2,3,9,0,77.599998,12.862231,0,1.7917595,20.505829,705.88232,35.371178,44,141288
36081055500,5,4,0,0,2,2,2,0,93,14.078313,0.42900043,3.3396986,11.671925,6068.9658,14.358539,279,382897
36081055600,3,0,0,1,2,0,3,0,77.5,11.657517,0,1.7019236,23.158451,193.18182,31.554737,6,148315
36081055700,27,13,5,3,1,6,18,0,83,15.799727,3.6215482,3.3157399,11.706451,9097.8262,26.717144,476,374860
36081055800,0,1,0,0,2,0,1,0,78.199997,10.954203,0,1.6094379,24.152765,81.081078,36.800785,0,146398
36081055900,4,4,0,0,0,1,2,0,85.400002,15.167,2.6064292,3.3319848,11.671925,5126.9839,16.150082,25,363602
36081056000,0,4,0,1,5,1,1,0,73.800003,15.085679,0,1.7125101,21.42824,1795.1808,38.92128,966,140749
36081056100,0,0,0,2,1,14,0,0,32.599998,13.167,62.937063,2.862201,18.859592,249.08087,32.55814,0,251486
36081056200,1,0,0,0,1,0,0,0,71.099998,13.167,0,1.6966944,21.20993,1645.1614,16.27907,0,139612
36081056400,3,0,2,1,4,7,2,0,74,17.5,0,1.6094379,23.250721,4643.8354,25.075527,261,142783
36081056500,1,0,0,0,0,0,1,0,80,12.833,0,3.1462619,13.878934,1755.5555,13.008129,42,354629
36081056600,5,8,2,0,3,5,2,1,70.699997,16.907883,0,1.5815066,25.029821,2213.3333,39.717224,125,116266
36081056700,4,2,0,2,2,1,3,0,85.199997,13.035739,1.8939394,3.0839694,14.056709,885.24591,15.756914,10,296698
36081056800,11,15,1,4,14,10,12,0,76.599998,17.622791,2.2394137,1.5460372,26.706879,3865.8535,33.65897,922,118619
36081057700,9,7,0,0,3,11,9,0,92.5,14.600038,2.9651594,3.0542853,11.880788,7152.7783,14.565678,420,302484
36081057900,0,3,0,1,0,0,0,0,87.400002,10.758824,0,3.0001345,11.618028,1230.7692,33.027523,4,299987
36081058000,1,1,0,1,2,0,1,0,68,12.507354,0.24539877,1.4062951,35.490734,163.79311,39.424614,24,108762
36081058100,1,2,2,3,4,12,7,0,86.400002,15.677313,1.9516003,3.2071407,11.605838,3836.3638,18.281654,911,366850
36081058200,5,2,0,0,10,2,3,0,69.199997,12.50877,0,1.5994834,38.251408,775.22937,35.947712,186,119412
36081058300,6,7,1,2,5,12,7,0,90.699997,16.42078,2.6026605,3.241467,11.705099,5181.8184,27.315083,156,375501
36081058500,2,8,0,0,3,7,11,0,92.300003,12.407408,1.3904983,3.3635325,11.646325,1666.6666,24.494949,205,448964
36081058700,7,6,1,1,3,3,3,0,91.599998,14.787353,2.0249747,3.4503007,11.57552,4767.8569,17.062395,62,526338
36081058900,3,4,0,2,2,4,5,2,90.099998,13.170872,2.9850746,3.6358461,11.631033,2421.875,16.984644,256,680243
36081059000,1,1,0,0,2,1,0,0,70.400002,7.3330002,0,1.6094379,39.202801,114.7541,36.321484,0,118396
36081059100,5,2,0,2,1,0,11,0,90.900002,10.881636,0.18274854,3.7546258,11.622339,1782.0513,15.254833,1,1029929
36081059300,8,2,0,0,6,4,2,0,89.800003,14.991072,3.3731188,3.6600783,11.54654,4061.8555,23.416237,60,734453
36081059400,0,0,0,1,3,0,0,0,72.599998,7.3884535,0,1.4692607,39.406059,139.53488,27.726217,1,117298
36081059500,3,9,0,0,1,9,6,0,88,14.59942,1.8450185,3.7921202,11.512743,3361.8423,20.770176,662,1058713
36081059600,4,3,0,2,5,0,4,0,74.699997,8.6958065,0,1.6094379,39.480659,1586.6666,33.285301,157,113370
36081059800,2,3,0,0,1,0,0,1,77.300003,8.8769741,0,1.6094379,39.301216,1512.5,36.576786,137,115442
36081059900,3,1,1,0,1,0,3,0,86.699997,11.5,2.853067,3.7056761,11.554372,653.06122,23.06163,262,972301
36081060000,4,0,0,0,3,2,1,0,75.099998,9.6669998,0,1.5945914,39.590992,338.23529,35.314686,1,116290
36081060100,2,3,0,0,1,6,5,0,87.400002,15.228674,2.5497195,3.7020631,11.550683,2783.3335,25.112919,45,943148
36081060300,1,1,0,0,1,1,4,0,90.400002,18.167,5.7581574,3.5636353,11.569573,6642.8569,39.23278,34,674347
36081060600,7,2,0,1,2,8,3,0,75.300003,7.5905757,0,1.6094379,39.846527,1144.5784,37.642048,64,111792
36081060800,0,1,0,0,2,4,4,0,75.199997,9.1669998,0,1.6094379,39.67128,2719.5122,34.270416,56,115371
36081061000,4,0,0,2,3,0,2,0,69.699997,7.3330002,0,1.6094379,39.221172,423.91306,31.921825,0,112945
36081061200,0,0,0,1,6,0,0,0,76,7.2526264,0,1.6094379,39.953278,207.92079,29.502264,7,109998
36081061301,17,11,3,1,0,7,21,0,80.099998,14.291779,3.5573863,3.320013,11.587313,7076.0869,23.412443,1230,351572
36081061400,1,1,0,1,1,0,0,0,68.599998,11.167,0,1.4478099,39.946419,100,41.638226,30,107443
36081061601,0,1,0,1,2,3,0,0,72.5,12.130647,0,1.4970458,41.245369,61.643837,39.846416,3,100724
36081061602,2,4,0,2,1,3,1,0,58.200001,14.075271,0,1.3862944,43.810234,5036.8096,35.84,73,92598
36081061800,3,2,0,1,2,4,2,0,69.300003,14.538045,0,1.5577428,43.256004,1031.9149,46.916302,143,94043
36081061900,10,10,0,0,2,11,5,0,82.400002,14.939234,0.9596929,2.9183624,17.083107,3490,41.259323,78,272158
36081062000,4,0,0,0,1,1,0,0,70.900002,11.333,0,1.6094379,39.751404,204.81929,40.909092,15,102652
36081062100,2,3,2,1,0,9,4,0,90.199997,12.847132,2.3264831,2.8441446,18.418295,4166.6665,27.506426,313,266200
36081062200,4,0,0,2,6,0,2,0,69.800003,13.442931,0,1.3951608,39.700218,514.79291,33.333336,163,113661
36081062300,1,2,0,2,2,0,0,0,87.199997,16.007982,1.5982952,2.8991487,18.713779,4433.3335,20.545277,33,267296
36081062500,2,0,0,0,1,1,3,0,86.699997,14.689898,1.8173557,2.9326742,17.490974,2545.4546,16.40625,44,264525
36081062600,6,1,0,6,7,1,0,1,72.699997,13.692917,0,1.3862944,38.968292,634.73053,39.402767,94,101782
36081062700,0,1,1,0,1,2,4,0,88.599998,14.197155,1.0791367,2.9444389,13.896858,1655.7377,25.367647,209,293002
36081062900,9,9,2,2,5,12,17,0,88.099998,16.139864,2.3648649,2.9266846,17.487343,6388.0596,18.234028,226,262878
36081063000,2,3,0,3,2,4,0,1,78.900002,12.054144,0,1.4339982,39.374485,945.94592,48.698883,45,98750
36081063200,7,10,2,3,7,7,11,0,70.599998,14.473943,0,1.3862944,41.812111,2156.5217,42.392075,699,96755
36081063301,1,0,0,0,1,2,0,1,83.699997,14.667,1.7513135,2.8903718,18.80895,3384.6152,24.965134,237,259449
36081063302,2,2,0,1,0,2,3,0,81.699997,14.781457,1.285347,2.8519306,18.73914,3730.769,8.9665651,41,259644
36081063500,2,3,0,2,5,2,3,0,87.400002,15.449567,3.5211268,2.6819613,20.517523,2506.8494,21.547934,57,226072
36081063700,33,7,4,0,1,4,4,0,82.5,15.289626,3.0070164,2.7195868,21.04394,9880.1504,17.203043,438,220855
36081063800,7,5,0,1,8,3,2,0,67,15.028181,0,1.2174928,43.190056,471.91013,35.767883,240,90486
36081063900,3,4,0,3,2,7,1,0,72.800003,16.441095,3.5335689,2.6714926,24.712631,2775.5103,22.832561,138,200794
36081064101,0,0,0,0,0,2,0,0,78,9.6669998,0.51813472,2.4849067,24.548445,857.14288,43.457031,25,198845
36081064500,10,15,2,2,1,8,11,0,75.099998,16.513479,6.6953611,2.5398157,24.709791,2336.1345,26.119402,173,208727
36081064600,3,0,0,1,7,1,0,0,69.400002,11.667,0,1.3862944,43.275158,187.09677,40.323715,90,94033
36081065000,6,0,0,0,4,2,0,0,65.900002,11.323749,0,1.3862944,43.67905,51.948051,33.355392,8,92463
36081065400,4,6,2,0,2,4,8,1,53.200001,14.007535,0.34083163,1.2551739,42.856583,731.51752,38.483795,173,83349
36081065600,3,3,0,1,4,2,0,0,75.5,15.369564,0.79888157,1.0171688,43.183548,402.71494,37.517101,26,78412
36081065702,2,0,0,1,1,1,5,1,83.400002,13.333,3.992016,3.0194011,15.454124,4125,33.421753,28,294242
36081065703,3,1,2,0,2,8,5,0,85.599998,15.257883,2.2641509,2.8977156,14.646117,2932.0388,21.61269,236,267419
36081065900,1,2,0,0,0,0,0,0,84.099998,14.413907,4.7086521,3.0183229,14.725995,1466.6666,23.814899,273,290175
36081066000,6,1,0,0,5,1,1,0,74.900002,13.318586,1.9001086,1.0986123,43.102646,40,36.542553,132,76703
36081066100,0,2,0,0,1,0,0,0,84.400002,12,0,3.0179713,13.28606,1078.4314,26.330936,90,312163
36081066300,3,2,0,1,2,1,3,0,60.400002,15.033217,5.5335968,2.965728,14.354445,1310.3448,25.162336,289,309017
36081066400,21,8,1,0,8,9,2,0,38,12.517883,1.0717156,1.0380979,43.198891,1430.0568,40.593845,189,70711
36081066501,1,3,1,0,1,11,2,0,79.300003,13.890736,2.5832377,3.2593892,12.684472,1472.4409,33.463905,138,373380
36081066701,1,2,0,0,0,2,6,0,83,14.179569,3.2561505,3.3755174,13.26047,938.77551,30.434782,9,516784
36081066900,2,0,0,0,0,1,0,0,80.800003,11.667,2.1175225,3.2691097,13.540856,677.41937,19.595646,19,377514
36081067100,5,3,1,0,3,11,4,0,83.5,15.911744,4.1512915,3.051789,13.700923,2375,36.354057,66,314076
36081067700,0,3,0,2,0,1,3,0,82,13.084365,6.1521253,2.8524053,14.340734,1263.8889,25.798815,18,266815
36081067900,4,12,0,1,6,13,10,0,78.800003,12.853287,1.9166267,2.8485796,14.084903,7051.5464,21.432632,517,258169
36081068000,6,1,0,2,2,1,3,0,71.5,12.730418,0,1.4057813,42.731731,4414.1416,46.88269,64,89826
36081068200,0,0,0,1,3,1,0,0,70.599998,14.201923,0.79365079,1.3862944,43.827663,3000,42.987247,26,93078
36081068300,83,14,5,1,1,57,9,0,86.5,15.349715,3.0016163,2.7996559,13.311962,52178.949,32.351395,966,291369
36081068700,8,1,0,5,2,17,2,0,81.300003,12.800643,0.82798592,2.8903718,13.599409,7843.1372,30.471531,514,255041
36081069000,2,1,0,1,6,0,0,0,79.900002,14.52163,1.3989927,1.4705665,42.560467,1183.8235,40.440166,229,90409
36081069300,14,12,3,1,0,14,12,0,88.5,17.34643,2.4183797,2.6802874,13.932929,33653.844,31.366209,1983,249285
36081069400,3,0,0,1,3,4,3,0,54.099998,14.723952,3.9184953,1.4062192,42.853676,417.91043,32.851021,93,78363
36081069500,8,6,0,1,1,4,2,0,78.300003,17.452518,2.8887819,2.8226535,13.928171,2879.5181,25.579241,96,256479
36081069701,4,12,2,1,1,8,3,1,79.199997,14.688467,0,2.6889825,14.193354,4820,28.129831,65,245138
36081069702,7,6,1,1,1,21,4,0,71.099998,16.60829,1.2830382,2.7200286,14.598923,2713.4502,38.322937,277,253318
36081070300,2,2,0,0,0,5,1,0,71.5,14.772486,4.3620502,2.7687881,18.047321,1956.9893,24.563446,16,223595
36081070700,4,2,0,0,0,3,2,1,73.099998,13.7493,1.1627907,2.7055838,20.70085,1400,28.640778,56,211901
36081070900,4,3,0,1,1,4,5,0,67.300003,16.073307,1.6299919,2.6678042,19.340338,3023.5293,34.53355,88,218209
36081071100,38,30,3,3,9,52,6,0,70.599998,13.84415,2.7462468,2.6214979,17.112831,35296.555,27.118099,11252,212478
36081071303,8,15,3,0,2,16,9,0,87.5,16.273376,1.216545,2.4667275,14.154705,7071.4282,28.081781,222,207001
36081071304,9,4,1,2,4,46,4,0,70.599998,14.895447,0.16297262,2.516211,14.35029,29984.127,21.028849,2107,229052
36081071305,12,5,2,1,2,37,4,0,80.199997,15.581656,0.6129955,2.5108113,14.046503,8137.2549,23.913979,542,214701
36081071306,7,9,2,1,1,29,12,1,86.300003,12.554813,0.48979592,2.6091492,14.360214,5530.3032,24.609951,184,232311
36081071701,18,13,5,1,3,61,10,0,79.599998,15.211874,1.6051364,2.5280347,13.957719,59756.41,30.249804,3052,241439
36081071702,16,5,0,1,4,34,1,0,79.800003,14.589014,2.6392188,2.5512424,13.778666,5192.7715,34.010696,304,245776
36081071900,1,0,0,0,4,2,0,0,75.199997,15.059899,1.3157895,2.4849067,14.016707,754.09833,37.100948,17,228320
36081072100,9,1,0,0,1,14,3,0,80.599998,13.271434,0.83734561,2.4849067,14.242664,2015.1515,26.450512,562,229537
36081072300,4,2,0,2,3,13,0,0,45,12.377752,1.369863,2.4314179,21.162367,983.42542,24.469275,220,204694
36081072900,6,8,1,2,2,0,0,1,67.199997,16.227222,6.0240964,2.5881968,23.131546,3000,35.901638,329,207156
36081073100,2,1,0,0,0,5,3,0,64.599998,15.655534,3.4083163,2.3680162,24.688349,2657.5342,23.00885,72,197114
36081073700,41,13,10,2,5,30,13,0,58.400002,18.436268,1.9792182,2.1972246,20.330181,20271.605,22.017458,715,200317
36081073900,4,0,2,4,2,142,5,1,76.800003,15.745043,3.2882012,2.3488088,16.367153,8643.6787,19.317406,734,202766
36081074100,4,0,0,2,9,17,0,0,66.300003,13.739474,2.0668274,2.3978953,14.174543,7878.7881,20.208845,99,205760
36081074300,10,11,3,0,0,25,20,0,79.699997,14.752889,1.7801513,2.420758,14.388456,8373.333,21.628767,195,213927
36081074500,4,1,0,0,1,5,1,0,76.800003,14.910208,1.5392509,2.4347219,14.241148,2861.5386,34.428303,304,212344
36081074700,4,0,0,0,1,5,2,0,64.400002,14.897493,0,2.3976097,14.209503,2087.7192,29.919907,915,202188
36081074900,2,2,0,1,4,16,2,0,30.9,13.155017,0,2.1972246,23.113626,2478.261,18.389057,68,181096
36081075701,14,8,1,0,3,85,5,0,80.599998,15.267057,0.63317856,2.194798,19.389881,60671.055,20.784609,2587,175677
36081075702,5,0,0,3,7,48,0,0,67.099998,14.173644,0.84566596,2.2156327,18.60183,3131.387,26.20525,618,197498
36081076901,12,17,1,1,1,15,10,0,66.199997,13.685741,0.759686,2.1972246,19.377949,5657.1431,24.633821,268,179117
36081076902,4,4,1,2,0,34,4,0,77.599998,18.5,1.3879251,2.1843212,19.323555,16850,23.25926,625,174521
36081077300,3,1,0,0,1,18,1,0,35.900002,14.475296,4.8245614,2.0794415,24.324652,10357.799,27.506214,1529,167933
36081077500,9,2,0,2,1,9,6,0,50.400002,16.38343,4.3227666,2.0665829,23.623005,3413.7932,17.935871,233,175245
36081077902,22,5,2,4,33,35,10,0,68.699997,13.877094,0.80808081,1.9212313,23.30864,4118.7217,24.80916,930,167448
36081077903,5,4,0,1,4,5,1,0,51.799999,14.262412,0.37355248,1.8224434,24.259438,4134.6152,43.584785,492,155670
36081077904,8,11,1,4,4,12,6,0,77.400002,13.785276,0.50701369,1.8128276,30.753775,2425.6755,34.426231,115,154705
36081077905,2,4,3,1,3,9,3,0,52.099998,11.986846,2.3743569,1.9087445,36.072338,1924.5283,45.917545,155,144445
36081077906,6,6,2,1,11,13,2,0,73.199997,15.129778,1.9953442,1.8218784,23.624767,4387.3872,36.054867,508,161025
36081077907,4,2,2,0,9,5,6,1,77,14.040049,0,1.7917595,23.985329,2951.2195,20.034691,176,158033
36081077908,1,0,0,0,1,6,1,0,71.900002,12.010197,1.0778766,1.7917595,24.727472,641.02563,30.749521,265,153174
36081078800,0,1,0,0,2,0,4,0,78.699997,14.231176,3.2938076,1.7917595,38.614624,783.78375,45.560749,67,102677
36081079000,2,3,0,0,10,0,1,0,77.099998,14.260208,3.4752389,1.7917595,38.573013,1336.6337,52.014656,50,105349
36081079200,2,0,0,1,1,0,0,0,76.300003,13.667001,1.9714145,1.7449529,38.622864,3129.4963,49.904396,11,101854
36081079701,3,9,1,0,1,24,7,0,77.199997,9.188961,0.29931158,1.6094379,12.346078,6023.2554,45.353012,317,165267
36081079702,13,14,0,0,1,12,4,0,58.599998,15.009113,0.51975052,1.7183746,12.44511,8607.1426,23.223909,551,168349
36081079900,5,4,1,2,1,31,5,1,82.5,11.816616,0,1.7801286,12.690922,44432.434,30.023094,4930,163267
36081080301,7,18,1,1,1,14,6,1,85.099998,7.6422534,0.45055193,1.9090303,12.890402,2624,34.161819,239,171471
36081080302,1,1,0,3,2,2,2,0,71.800003,9.507369,0,1.8104413,13.535323,828.40234,35.10067,54,163195
36081080900,10,6,0,9,7,18,10,1,69.300003,13.802849,1.6685206,1.9570975,20.2409,2647.8149,29.037172,2131,163381
36081081400,1,3,0,2,8,1,4,0,72.099998,14.223071,0.90826521,1.6094379,38.600357,802.81689,44.233128,8,106944
36081081800,0,3,0,1,2,6,7,2,80.199997,15.164952,2.3820867,1.6094379,35.292255,1365.5173,38.067818,115,107247
36081083700,5,12,0,2,3,26,3,0,56.299999,12.368797,0.5495512,1.7241775,14.460992,1003.3445,29.28656,380,159531
36081083800,4,3,1,1,4,7,11,0,83.400002,14.008884,2.2433132,1.6466103,28.596354,523.56018,42.81525,33,113877
36081084000,8,11,0,3,3,3,8,0,86.900002,15.48495,1.6467066,1.6463062,29.016188,2113.6365,29.562044,351,115821
36081084500,8,10,0,2,4,12,6,0,71.400002,12.849078,1.0493179,1.6094379,12.382057,2945.2056,18.366518,462,159151
36081084601,0,0,0,0,0,1,0,0,82.099998,12.758788,0.63351283,1.6469176,28.360638,507.81247,40.402683,14,116330
36081084602,0,0,0,0,0,0,1,0,74.099998,15.167,8.9730808,1.6094379,31.536894,2746.4285,25.9009,259,106234
36081084900,22,25,5,5,5,67,15,0,89.699997,13.639637,0.84447572,1.7917595,12.380393,35931.625,17.553558,6399,178201
36081085300,38,35,13,5,8,92,27,1,88.800003,15.187361,0.6860279,1.704748,12.287581,47160,28.922817,2445,162780
36081085500,7,7,1,0,2,25,9,1,78.199997,13.354682,0.15015015,1.6094379,12.093196,5320,19.626486,418,156558
36081085700,5,8,0,0,7,28,5,0,83.300003,15.390782,0.59506099,1.6094379,12.211224,6274.5098,29.21007,185,158641
36081085900,4,10,2,1,7,15,5,0,77.5,13.839291,0.72766964,1.6094379,12.249653,5821.4282,15.682362,178,162882
36081086100,1,2,0,1,4,6,1,1,76.400002,13.889311,0.77429346,1.6094379,12.120079,5070.1753,36.610878,73,156539
36081086300,6,5,0,2,5,11,3,0,83.900002,10.733858,0,1.5660059,12.006314,6357.1426,29.156839,554,156513
36081086400,5,3,0,0,1,1,2,0,76.599998,11.796338,4.4788274,1.9839342,28.16678,7455.189,42.589928,2148,130619
36081086500,9,4,2,2,2,27,2,0,76.900002,14.651374,0,1.468163,11.993809,12229.508,32.809986,1374,157475
36081086900,55,46,4,9,20,29,22,0,91.5,18.860106,4.8543689,1.6777512,11.941512,13426.009,18.377089,840,176048
36081087100,101,87,16,13,12,106,35,0,85.699997,17.235653,2.4390244,1.7917594,12.25401,36296.297,23.981482,3353,171798
36081088400,8,6,3,3,5,14,11,0,76.400002,13.00656,5.4922974,1.5896944,28.39356,936.66663,30.008749,308,110684
36081088901,11,21,2,3,4,11,11,0,75.800003,14.61833,2.1082221,1.6414406,15.358906,4008.3335,32.596581,937,160002
36081089200,21,23,3,4,4,38,20,1,49,15.486901,3.2660679,1.8463792,28.409452,1639.4188,27.946428,782,115921
36081090700,11,3,2,1,3,2,5,0,72.300003,12.667,15.665796,1.6741855,15.980101,8515.6445,35.897438,2351,175483
36081091601,5,4,1,2,2,4,2,0,34.200001,8.2856159,0,-13.815511,52.044891,369.25516,36.815922,491,33379
36081091900,8,4,0,3,6,0,4,0,82.699997,15.27657,1.9588639,1.7953144,15.109789,5060.9756,27.41136,544,208352
36081092200,2,1,0,1,1,6,1,0,67.099998,12.689573,8.8495575,-13.815511,43.666599,222.22221,27.837515,24,13614
36081092500,12,7,1,2,6,5,7,0,84.699997,17.201199,2.3738872,1.7970128,22.7908,8057.8511,28.523033,300,190970
36081092800,4,1,0,0,5,8,2,0,67.199997,11.769413,6.5769806,-13.815511,58.462322,391.89188,23.440453,121,10598
36081092900,12,14,2,2,4,1,11,1,25.4,14.512504,1.951952,2.4964499,58.671711,9912.6768,24.362698,1340,249593
36081093401,4,2,1,1,4,6,6,0,78.599998,14.720235,3.291794,-13.815511,63.272213,774.03845,26.291079,309,12542
36081093402,5,6,2,2,2,11,4,1,69.199997,15.046339,2.9585799,-13.815511,66.375412,1489.9329,42.193676,190,9297
36081093800,6,4,3,2,3,22,10,0,73.199997,13.028241,3.4240061,-13.815511,65.410248,3087.5,47.286819,1034,12670
36081093900,7,8,1,2,0,0,1,0,30.5,14.072649,2.3671186,2.3522789,25.261866,434.26297,33.102814,15,186189
36081094201,6,7,0,0,4,0,4,0,76,16.5,2.1857923,-13.815511,57.741844,1604.1667,43.567051,405,26409
36081094202,3,3,0,4,3,3,0,1,66.099998,15.442924,2.2316447,-13.815511,59.587402,905.72394,46.747719,939,27139
36081094203,5,4,0,2,5,8,8,0,58.5,12.65756,1.5854142,-13.815511,59.24345,1142.0765,56.972736,132,23872
36081094500,18,10,5,4,6,9,12,0,43.099998,16.008965,0.24606299,1.7913432,25.130844,7006.7681,28.763771,1666,166174
36081094700,15,4,1,2,2,1,3,0,83.699997,16.304943,1.3351135,1.9251853,25.227306,6076.1904,30.704224,170,184288
36081095400,3,5,2,2,7,1,4,0,67.599998,14.007418,1.7621145,-13.815511,62.46257,1493.5897,47.707317,303,31472
36081096400,7,2,1,1,6,3,2,0,53.400002,13.732905,1.7106549,-13.815511,64.21814,1242.7747,56.202652,476,32751
36081097202,0,0,0,1,1,0,2,0,25,12.167,0,-13.815511,64.790512,363.18408,60.913704,69,30051
36081097203,3,0,0,1,0,0,1,0,31.6,8.1625471,1.4723598,-13.815511,67.435265,104.811,56.399582,177,35850
36081097204,4,3,0,0,7,8,4,1,75.199997,14.94603,1.9679505,-13.815511,66.81781,1927.1525,42.462311,598,31451
36081097300,4,2,0,0,0,3,6,0,50.5,14.116196,0,1.4114447,24.944155,1064.6766,20.838795,53,145160
36081098100,9,8,1,6,9,8,8,0,30,12.283521,0,1.1822826,24.888597,3725.8064,24.54805,432,131840
36081098700,19,16,3,1,6,15,15,1,36.099998,16.17926,0.3868472,0.80580318,24.896372,5462.4507,23.834198,388,119699
36081099100,7,11,3,1,2,16,2,0,43.200001,14.398466,0.87310827,0.69314718,24.905628,1190.4762,43.866749,148,112179
36081099200,2,0,0,1,1,0,3,0,54.200001,14.076083,1.9403347,-13.815511,62.603695,678.26086,44.920994,168,33202
36081099701,4,3,0,1,0,4,3,0,43.400002,13.662735,3.5238841,0.89748758,16.662868,663.95667,34.142521,61,129981
36081099703,6,3,2,2,0,37,3,0,62.799999,14.883878,0.21838829,0.61968762,16.950106,2129.0322,37.424988,330,112427
36081099704,29,7,2,2,3,12,5,1,70.599998,12.967835,1.6333197,0.69314718,17.179264,4121.2119,30.010874,562,120932
36081099705,7,5,1,0,3,6,5,0,50.200001,14.333,1.1273957,0.83161688,18.275318,387.87878,30.100853,32,113399
36081099801,5,8,1,4,5,16,11,0,80.599998,14.559806,1.0111223,-13.815511,58.453754,4135.5933,43.623775,2326,38113
36081099802,0,1,0,1,2,1,0,0,50.200001,13.14089,0.58765916,-13.815511,57.797955,6475.6758,46.815289,251,35197
36081100801,4,1,0,0,3,1,2,0,52.200001,6.0749474,0,-13.815511,66.450989,199.2032,27.155172,133,41081
36081100802,11,8,1,3,12,2,4,0,61.099998,13.700831,0.85407516,-13.815511,62.490471,879.17737,39.456524,429,37028
36081101001,31,11,0,3,12,26,9,0,69,14.682825,1.4399539,-13.815511,53.474224,5732.0264,29.587904,1194,38115
36081101002,6,1,0,4,30,11,1,0,64.699997,14.855447,0.91596061,-13.815511,47.10989,2390.6978,35.48896,482,37407
36081101700,4,12,4,1,4,12,6,1,76,14.865056,2.0682523,1.0112298,20.328852,2353.4031,39.961903,1335,133007
36081102900,5,1,0,2,2,11,5,0,76.300003,15.864098,0.269179,0.87777334,24.998516,2046.6321,25.549047,533,141921
36081103201,7,2,0,0,9,0,5,0,66.699997,12.664849,0.83528233,-13.815511,62.493542,658.22784,42.560978,140,44605
36081103202,16,3,5,1,24,23,10,1,73,13.864056,1.201562,-13.815511,57.506081,4846.7153,32.957561,2044,45268
36081103300,5,4,0,1,1,3,4,0,75.199997,13.497217,0.47709924,1.1842088,25.866096,576.9231,32.280018,46,142019
36081103900,12,5,0,6,2,5,5,0,70.699997,13.865262,1.2596442,1.4124253,25.045128,1482.2485,29.417042,242,153607
36081104700,12,10,2,2,5,13,10,0,70.300003,13.776104,1.7654848,1.4934433,20.464384,1049.2308,27.163282,662,147920
36081105900,4,1,2,0,5,3,2,0,71.400002,13.798829,0,1.5741155,20.041899,1258.9642,25.061729,117,145355
36081107201,3,1,0,4,3,0,4,1,44.099998,14.333,3.3783784,-0.018248653,70.188309,680.89056,43.083004,324,37000
36081108500,6,4,0,0,1,4,6,0,72.5,16.546034,0.40469446,1.0986123,12.889942,1431.0345,30.000002,146,140994
36081109300,6,3,0,2,8,18,4,0,49.299999,13.213796,0,0.80004871,12.765354,1782.9099,32.084469,689,122311
36081109700,1,1,0,2,5,12,2,0,60.099998,14.525306,0,1.0986123,11.376159,1011.7647,36.245571,615,140476
36081109900,9,20,2,4,4,6,5,0,83,15.088383,0,1.0986123,12.364305,3952.7026,25.162434,442,140956
36081111300,5,2,0,1,3,3,5,0,48.299999,13.391044,0,1.3806071,16.979179,940.52045,27.296362,91,123997
36081112300,20,33,1,3,8,28,6,0,73.5,18.494017,0,1.3423653,15.721181,10268.519,23.43298,694,133789
36081112900,1,1,0,1,0,7,7,0,63.299999,14.744404,0,1.2467085,14.560101,1642.3358,26.971764,171,142064
36081113300,2,1,0,1,1,2,3,0,65.300003,13.164836,0,1.0986124,13.717522,948.45355,31.46944,14,156796
36081113900,4,7,2,3,2,6,6,0,66.300003,16.165707,0.26723677,1.0986123,12.550534,2297.2974,26.836157,306,126570
36081114100,5,4,0,2,0,7,2,0,58.299999,15.574935,0,1.160459,13.411741,1959.5376,36.823425,328,129960
36081114700,2,1,0,0,1,7,1,0,51.5,12.267731,0,1.3862944,13.685522,504.20166,19.872612,5,142938
36081115100,1,2,0,1,2,3,1,0,46.299999,11.667,0,1.3989048,17.285919,394.49542,22.200392,29,157789
36081115500,5,9,0,2,1,7,4,0,69.5,14.774869,0,1.5354073,17.244968,1972.2223,30.9921,67,153760
36081115700,16,7,2,0,3,15,7,0,70.599998,16.389318,0.28893383,1.6622493,17.216358,3380.1653,28.452465,441,157238
36081115900,7,5,2,1,12,3,4,0,64.099998,14.23375,0,1.7917595,17.163273,1176.4706,22.296947,108,155461
36081116100,6,10,0,0,10,21,5,1,74,15.338364,0.18860807,1.5860007,14.000826,10101.449,34.352077,1036,160986
36081116300,10,12,3,0,2,13,13,0,82.099998,12.861982,0.22489599,1.6621031,14.571203,15175.257,25.465254,1271,156088
36081116700,4,20,0,3,10,4,3,0,74.099998,18.333,0.53050398,1.5634191,14.510934,3031.2498,19.20694,214,155933
36081117100,40,53,8,8,10,27,18,0,71.300003,18.387585,0.99304866,1.3862944,12.219675,8785.7139,22.519413,724,150590
36081117500,8,4,0,0,10,12,8,0,69.400002,15.678535,0.59171598,1.303792,10.838404,2589.8618,32.807709,205,136090
36081118100,2,5,4,3,1,1,2,0,74.300003,17.597618,0.5192108,1.1301255,17.641275,4400,32.741119,154,128469
36081118500,5,4,0,0,7,5,1,0,75.599998,14.6665,0.91869545,1.6094379,11.471143,2733.3335,23.258097,60,146210
36081118700,2,3,0,0,9,0,0,0,66.599998,13.667,0,1.7071272,11.953805,791.66669,27.715736,52,156697
36081118900,3,2,0,0,6,6,2,0,72.099998,15.213297,0.71149057,1.7269466,12.075167,2756.4102,30.25732,136,147857
36081119100,5,4,0,0,7,2,7,0,80.300003,16.192133,1.2004802,1.6094379,11.627938,2773.8096,20.29735,64,147169
36081119300,6,8,0,2,6,0,4,0,72.300003,13.741491,0,1.6094379,11.132441,3012.1951,41.551544,115,144817
36081119500,2,2,0,0,1,2,0,0,63.099998,10.667,0,1.6094379,11.111527,287.67123,29.037519,177,140697
36081119900,1,2,0,1,0,7,1,0,67.099998,14.833,1.1594203,1.5968124,11.929223,774.64789,33.558865,62,155135
36081120100,6,6,0,3,4,39,3,0,75.699997,14,0.69686411,1.6094379,12.186823,34777.777,29.11227,2251,149430
36081120300,0,3,0,0,4,2,0,0,67.599998,14.163334,1.2040939,1.5120724,12.253252,577.46478,26.00671,10,150428
36081120500,5,9,0,2,8,9,2,0,78.199997,17.667,1.079525,1.6094379,12.294231,4397.436,19.418484,215,152707
36081120700,6,2,0,1,9,2,4,1,48.900002,15.742512,1.9607843,1.6216705,13.759289,524.3446,31.29645,84,145054
36081121500,14,0,0,2,2,13,4,0,59.900002,15.637428,1.2080213,1.4334432,22.814722,1909.465,36.48241,238,150145
36081122300,9,4,0,0,4,7,4,0,68.800003,15.008863,0,1.6194521,22.858984,1281.25,31.886477,201,152517
36081122701,7,10,4,2,3,13,12,1,69.800003,12.13565,1.6168918,1.7309027,24.998787,3863.9705,36.070164,1595,155712
36081122702,11,5,3,3,5,3,12,0,67.900002,10.789824,2.0618557,1.7086166,23.844627,3379.3105,29.945982,169,153530
36081124100,6,2,0,0,7,12,4,0,71.900002,15.950703,2.6548673,1.9204443,33.988976,1544.0414,20.047733,211,147508
36081124700,7,1,1,2,7,7,3,0,72.199997,14.382814,0.26546323,1.6549866,28.358788,682.79565,33.381924,88,143055
36081125700,7,2,0,4,4,6,10,0,72.5,15.136336,2.2392834,1.9377601,34.734291,5687.4995,35.949764,812,148230
36081126500,4,9,1,1,2,13,4,0,77.5,15.574666,2.528445,1.9459101,36.45285,14512.82,23.349438,995,139887
36081126700,4,2,0,3,2,6,5,0,69.599998,12.754659,1.2242899,1.8942357,36.968575,10561.462,32,5894,135748
36081127700,23,8,4,2,9,34,9,0,41.099998,15.351766,0.2854696,1.398936,29.161407,1597.0874,44.738895,497,132135
36081129102,3,4,1,0,5,23,1,0,45.400002,14.370466,0.93574548,1.7429323,22.384701,943.29895,37.507637,413,148176
36081129103,3,9,2,2,3,13,9,1,57.799999,13.231333,1.4788524,1.607223,22.08919,2011.3636,31.484594,172,151051
36081129104,5,4,0,2,6,6,4,0,56.5,12.162646,0.46739892,1.6931458,18.4191,692.59259,33.022221,85,141015
36081130100,6,9,3,5,3,0,5,0,64.099998,15.321996,0.23707918,1.7917595,17.21426,2413.2842,30.54348,661,137924
36081133300,12,8,0,1,5,28,8,1,61.099998,14.022927,2.3746702,1.5036111,26.690744,1175.373,48.266838,171,140745
36081133900,3,13,0,0,1,4,2,0,67.800003,15.5,0,1.3862944,28.39566,1287.3563,36.46833,42,137112
36081134100,10,13,1,3,5,4,10,0,69,14.172772,0,1.4473373,23.337553,7219.2983,38.210861,617,137881
36081134700,19,10,4,0,7,20,7,1,53.400002,13.053271,0.71647902,1.5906042,25.725672,6386.8613,34.792923,2348,133929
36081136700,8,14,2,3,6,9,13,1,62.599998,14.515687,0.99585062,1.4268953,19.785553,1909.0909,40.989948,587,145352
36081137700,8,10,1,1,2,9,8,0,67.300003,14.145054,1.0399643,1.7432706,16.308973,920.41522,35.444332,197,136360
36081138501,10,2,0,1,7,6,2,0,59.799999,12.88672,0.22346369,1.6090709,16.93812,1305.483,38.718792,1109,136939
36081139900,3,2,0,0,3,4,1,0,68.699997,14.417496,0,1.3862944,20.076641,1014.2857,33.597286,80,142129
36081140300,1,1,0,0,2,2,3,0,72,8.0845623,0,1.5059199,22.024866,585.034,32.35849,50,151394
36081140901,2,1,0,0,0,11,0,0,70.699997,10.667,0,1.6094379,22.745636,978.49463,42.482098,148,154878
36081140902,1,2,0,2,1,8,2,0,67.900002,13.786912,0,1.6094379,21.028751,2701.4219,39.850559,67,132373
36081141700,8,4,0,2,2,26,6,0,70.900002,13.307655,0,1.6709175,21.274862,829.4798,39.663788,872,141580
36081142900,6,5,0,2,4,7,6,0,71.5,14.267107,0,1.5930889,19.973734,1121.3593,32.476635,84,134868
36081143500,6,8,0,3,3,2,4,0,66.800003,11.989777,0,1.3862944,21.084742,661.76465,34.029591,21,148219
36081144100,6,1,0,1,1,8,4,0,68,12.909226,0,1.3862944,20.08548,763.35876,48.885979,56,138769
36081144700,9,8,2,0,5,14,5,0,71.5,16.840477,0.34270048,1.3862944,18.757055,4797.4683,31.759655,410,149431
36081145101,3,6,2,0,7,10,3,1,76.400002,18.5,1.3726836,1.4700894,19.721617,3268.0413,28.045326,216,133408
36081145102,3,4,0,0,4,1,1,0,72,14.104844,0,1.4642438,19.082603,1370.3704,26.892111,29,155161
36081145900,5,5,1,0,2,4,5,0,76,16.83215,0.31959092,1.5507126,19.831327,2664.3354,31.095678,142,133999
36081146300,1,1,0,0,4,28,1,0,74.199997,16.946697,0.35211268,1.3694141,19.092495,11444.444,24.097221,965,159758
36081146700,7,12,9,4,5,21,10,0,67.599998,18.132574,0.99502488,1.3862944,18.01088,7874.9995,20.754717,730,147082
36081147100,6,14,2,4,6,11,4,1,74.199997,17.167,2.2428709,1.3862944,18.981466,5333.3335,23.231197,1307,132825
36081147900,8,18,0,2,2,15,3,0,43,16.066906,0.66386369,1.5597154,16.326014,2104.2253,33.133915,387,117355
36081148300,2,3,1,4,3,13,6,0,30.1,12.476766,0.65487885,1.468986,15.636652,452.10727,31.994047,157,117877
36081150701,6,7,1,2,3,10,3,1,49.599998,15.948387,1.0471204,1.6333407,14.449223,1313.6095,24.20607,303,121431
36081150702,22,17,3,4,9,32,11,0,52.099998,16.464256,1.5629884,1.7723657,14.727176,2877.2456,28.459734,667,120246
36081152901,8,8,0,2,4,8,7,2,46.200001,13.299388,0.74096028,1.748885,12.885217,1731.1234,38.259323,513,133655
36081152902,14,7,2,0,2,11,7,0,59.900002,14.016982,1.9105846,1.6964493,12.290404,1194.5138,38.171066,108,118034
36081155101,2,1,0,2,0,9,2,0,23.799999,11.833,1.0188487,1.7917595,14.193152,1604.3956,35.682819,219,134366
36081155102,13,10,3,1,0,137,9,2,66.300003,12.724075,1.5934139,1.6094379,13.037444,20333.934,22.141823,10257,135385
36081156700,0,0,0,1,1,4,1,0,43.700001,10,2.3566379,1.7562637,14.577178,6071.168,27.333334,2673,134637
36081157101,10,6,1,3,5,27,9,1,71.5,14.039264,0.38595137,1.7435235,13.958365,700,35.137844,252,143337
36081157102,3,2,0,0,1,2,5,0,63.200001,14.113884,0,1.7917595,14.913717,793.38843,26.652893,5,137139
36081157901,6,8,1,2,8,6,4,0,69.400002,14.050679,0.18611576,1.6094379,15.56443,867.60565,24.428398,63,137079
36081157902,7,7,0,0,8,12,7,2,72.699997,14.315321,0.26990553,1.6094379,13.465304,1759.8566,27.710842,656,139294
36081157903,9,11,1,2,1,13,11,0,74.699997,15.653145,0,1.6094379,16.472704,1218.868,25.305292,147,143215
36081161700,11,6,1,3,3,4,7,0,72.900002,15.434218,0,1.7614912,17.358425,2531.1355,27.828503,211,147159
36081162100,8,6,0,6,7,1,6,0,73,13.476501,0,1.7726061,18.128365,1650.9091,27.255461,158,140120
36085000300,6,19,3,2,3,8,10,2,74.300003,14.978476,0,2.6390574,30.008068,6818.584,41.625858,1378,89130
36085000600,8,13,1,2,0,3,7,0,50.099998,12.342165,0,2.0904005,34.553379,1844.0593,43.16013,267,87494
36085000700,4,6,0,2,5,1,6,0,57.599998,7.5969467,0,2.6003122,29.213877,586.06555,47.243423,1167,90481
36085000800,10,8,0,0,4,5,12,0,68.199997,10.894597,0,2.0714519,40.465736,1511.3269,34.583015,421,81188
36085000900,0,0,0,2,1,1,1,0,55.599998,8.1803932,0,2.5927196,29.289845,188.88889,35.07653,173,88421
36085001100,4,3,0,1,5,1,12,0,64.900002,11.961548,0,2.5804451,30.339119,1000,38.842976,203,80289
36085001700,3,12,0,1,3,4,10,0,35.599998,12.888587,0,2.4849067,30.500471,1068.3761,31.733746,88,79564
36085001800,0,0,0,0,1,1,0,0,41.200001,7.5,0,1.8462284,56.568199,342.43176,9.1872787,96,82063
36085002001,4,2,0,4,1,0,0,0,55.900002,6.9563322,0,2.0794415,48.479252,226.3158,26.258713,24,76105
36085002002,6,1,0,1,2,5,5,0,57.400002,9.2498617,0,1.9838662,56.668152,1257.329,36.546185,380,73461
36085002100,13,17,4,2,14,7,18,0,68.400002,16.055141,0,2.3063905,30.624794,2378.3784,34.293194,592,83669
36085002700,2,4,0,1,7,12,5,1,66.900002,14,0,2.1972246,30.718815,8474.2266,36.713287,644,81196
36085002900,3,6,0,3,9,2,11,0,61.299999,9.623909,0,2.1484344,30.7805,1285.7144,25.652929,422,74363
36085003300,3,0,1,4,8,6,3,0,28.700001,9.5496025,0,2.2859838,30.648457,366.66666,41.722256,63,73448
36085003600,3,4,0,0,4,2,2,0,62.599998,7.4960918,0,2.0794415,32.29248,664.55695,33.831631,10,75113
36085003900,4,1,0,1,0,3,2,0,28.1,6.8417072,0,2.1680679,30.72661,791.11115,41.394928,217,63970
36085004000,8,6,0,1,7,4,13,0,59.299999,9.8646011,0,2.0794415,31.793579,1379.9126,45.939575,326,76647
36085004700,4,2,1,2,0,25,4,1,32,7.875948,0,2.010072,30.818756,3282.4207,36.43235,1218,58625
36085005000,4,5,0,3,5,75,7,0,54.200001,14.823348,0,2.022212,45.087376,1693.0693,34.010151,691,56998
36085005900,3,5,0,2,1,18,3,0,22.799999,7.8780041,0,2.2331247,30.653921,293.45792,38.932949,99,70199
36085006400,9,7,4,2,1,14,10,0,59.799999,15.834154,0,1.8747238,56.684448,2339.4163,27.905199,400,58748
36085006700,6,0,4,0,5,34,5,0,38.299999,9.9949808,0,2.5032411,30.540562,6765.6675,24.838188,2667,69227
36085007000,13,8,0,3,2,92,10,0,38.700001,10.944562,0,1.8258041,56.646717,7522.77,36.917561,4599,54459
36085007400,5,10,1,0,2,6,9,1,58.400002,9.9133968,0,1.9459101,56.592121,1031.3726,34.130211,213,70292
36085007500,1,4,0,0,3,2,2,0,53.799999,10.298396,0,2.4849067,30.532434,3521.5054,29.52183,677,80167
36085007700,3,0,0,0,5,0,4,0,40,7.1669998,0,2.54248,30.468365,250,32.057415,96,84738
36085008100,2,7,0,2,8,2,8,0,48.5,8.0181665,0,2.5795805,29.254686,2056.7822,36.968086,505,80050
36085009601,3,6,2,1,0,15,8,0,59.5,15.690329,0,1.8664042,56.738689,5786.6665,37.338264,1324,51987
36085009602,6,5,2,0,4,27,3,1,63,15.614837,0,1.6094379,56.729362,1941.1764,35.709698,302,42736
36085009700,3,2,0,3,4,3,3,0,40.799999,7.7105083,0,2.4313323,28.011097,1862.6125,30.322239,166,78078
36085010500,13,3,1,4,10,5,7,1,59.900002,9.378149,0,2.3077719,30.260643,3196.8254,18.660812,689,62677
36085011201,9,15,3,2,1,13,10,0,39.400002,12.192986,0,1.5204829,56.667439,685.48389,26.724138,245,38999
36085011202,17,12,3,1,3,9,10,0,38.599998,10.803171,0,1.1258594,56.6745,1231.3726,30.793365,1387,32369
36085011401,6,10,4,2,2,19,7,0,50.5,15.32389,0,1.4678673,56.734287,2477.8325,35.470085,221,37849
36085011402,4,4,0,0,1,24,4,0,61.400002,15.364554,0,1.0996068,56.733318,2125,36.419754,201,37414
36085012100,9,10,3,4,0,23,8,0,55.599998,9.9816389,0,2.2059836,30.642342,1881.1188,31.514326,311,62700
36085012200,15,18,1,1,2,37,10,1,56.400002,15.535528,0,0.71149635,56.740803,2643.75,40.526615,861,33175
36085012500,0,4,1,2,3,11,2,0,54.799999,6.6376948,0,1.9032212,30.605129,1276.8362,34.70116,297,55863
36085012804,22,7,2,2,2,1,4,0,57.299999,7.9656916,0,0.62824428,56.691017,2410.4048,29.132116,213,25052
36085012805,3,0,0,2,1,4,1,0,33.799999,7.6669998,0,0,56.731667,210.79692,39.591835,42,20747
36085012806,14,2,6,0,4,3,5,0,40.900002,7.0234108,0,0,56.712944,1190.5697,35.453373,114,21650
36085013201,0,2,0,1,3,14,0,0,48.799999,14.73138,0,0,56.751091,734.80664,41.618496,151,28782
36085013203,11,7,2,5,4,23,5,0,54.900002,12.58259,0,0,56.782703,916.87653,32.622604,395,26934
36085013204,2,6,3,0,5,22,5,0,53.200001,14.766879,0,0,56.766174,678.21777,35.905441,278,25512
36085013301,1,0,0,0,0,0,1,0,59.299999,6.3330002,0,1.9459101,30.541067,500,18.487396,1,72871
36085013302,6,7,2,1,14,2,11,0,65.099998,10.122877,0,1.7455609,28.407698,3284.4038,19.024857,644,71775
36085013400,26,14,4,11,3,54,8,0,61.099998,16.865637,0,0.001274727,56.746944,3682.9268,31.290134,796,31188
36085013800,3,1,0,5,3,24,6,0,56.5,12.084118,0,0,56.785374,484.34625,42.68985,194,32618
36085014100,2,1,0,0,1,2,1,0,65.5,9.7681799,0,1.3862944,30.612976,1925.6199,35.99641,217,55595
36085014604,7,7,2,4,4,19,9,1,67.300003,13.294195,0,0.2477795,56.821896,1522.9358,38.598259,222,24155
36085014605,3,4,0,0,0,4,5,0,50.099998,11.201537,0,0,56.812256,508.87573,35.868927,91,29495
36085014606,5,7,1,2,0,6,6,1,35.200001,9.421093,0,0,56.801216,1551.9766,36.944218,1860,31253
36085014607,9,6,1,2,4,11,10,0,69.5,10.13559,0,0,56.837597,2309.1604,33.739407,184,26831
36085014608,1,2,0,4,1,2,2,0,71,9.8927784,0,0,56.825413,184.9711,36.182335,95,28945
36085014700,4,3,1,3,6,26,1,0,30.799999,9.3473186,0,1.6063844,30.724815,857.14288,26.827795,545,55237
36085015100,11,8,2,3,5,9,3,0,57.299999,9.5014334,0,1.1828444,30.694567,1247.4226,38.30135,295,51488
36085015601,17,15,4,5,5,34,12,0,56,12.921832,0,0.36454421,56.802338,1840.5797,43.230404,578,19796
36085015602,5,7,1,5,1,19,5,0,58.099998,12.00249,0,0.34854108,56.813431,661.76471,35.572311,211,18558
36085015603,18,15,4,1,1,24,12,0,53.900002,10.485662,0,-0.046743102,56.786896,1138.6138,44.580345,190,19713
36085016901,7,7,1,2,4,90,8,0,56.099998,10.146515,0,1.8922695,30.810909,2207.7922,30.689207,516,47171
36085017005,5,11,2,1,3,4,7,0,47.599998,15.943289,0,0.67599052,56.843918,1013.8408,38.350834,381,25010
36085017007,4,8,0,1,4,3,5,0,19.799999,7.3647747,0,0.62885427,47.833229,188.61211,44.585724,67,32712
36085017008,4,2,0,1,2,6,3,0,66.5,7.4559879,0,0.53025585,55.898865,395.52237,28.776566,42,27918
36085017009,2,0,0,0,1,11,3,0,50.400002,9.1388006,0,0.94220603,56.864452,477.10843,33.529411,55,30889
36085017010,11,10,2,3,0,8,4,0,63.299999,8.658658,0,1.2236819,54.85199,603.72961,37.925926,370,36154
36085017011,4,3,0,0,0,10,6,0,66.099998,14.928486,0,0.69314718,56.836315,712.23022,36.071766,127,24651
36085017012,1,3,0,1,0,9,4,0,59,8.5141602,0,0.60322487,56.848404,239.69072,44.576172,269,26289
36085017300,6,1,1,0,0,8,6,0,57,6.9722071,0,1.3457395,36.211021,789.47369,25.452351,24,44853
36085017600,10,7,0,5,3,32,9,0,24.9,10.420475,0,0.37939051,56.829987,322.94833,44.527802,345,16835
36085017700,5,9,0,3,6,41,10,0,31.9,10.952439,0,1.8287406,44.725185,349.89044,25.550343,460,46931
36085018100,7,0,3,2,9,17,2,0,12.6,7.9984798,0,0.66957045,53.818489,362.50623,22.108845,1574,37982
36085018701,9,11,4,0,1,6,9,1,56.400002,10.022762,0,1.1757296,30.779606,1857.1428,29.071171,112,51382
36085018702,12,8,0,0,4,5,4,0,63.700001,9.0800972,0,1.1562669,40.367867,3681.1226,32.163555,1308,42069
36085018901,8,8,0,1,8,40,12,1,60.799999,11.580461,0,1.0986123,30.749475,1658.7112,29.645803,302,55335
36085018902,5,5,0,3,7,12,9,0,65.099998,10.410852,0,1.0986123,39.39307,876.2215,34.873074,92,53630
36085019700,1,1,0,2,0,0,0,0,65.800003,9.0294733,0,1.0986123,30.715687,500,25.526642,20,55221
36085019800,13,9,3,3,8,27,12,0,20.6,9.291687,0,1.0849321,56.865341,827.24841,30.502939,1275,21431
36085020100,10,14,6,3,3,8,8,0,63.599998,10.242314,0,1.2328287,30.651796,2193.4155,22.622747,267,54287
36085020700,18,9,1,2,10,2,14,2,65.5,9.7048149,0,1.7414873,26.176853,5870.27,26.609442,487,74948
36085020801,11,10,1,2,0,9,23,0,41.099998,8.8546553,0,1.1566494,50.496185,602.79443,38.326397,372,42507
36085020803,7,1,0,4,3,12,7,0,37.5,6.6901474,0,1.0986123,56.884773,161.72839,41.130169,79,29059
36085020804,10,1,0,2,2,8,7,1,53.5,9.8038454,0,1.0986123,56.873184,354.0856,36.924892,135,29618
36085021300,10,11,1,6,4,2,17,0,66.300003,9.5998001,0,1.5621636,27.616476,709.57092,30.395779,614,77039
36085022300,5,0,0,0,3,2,5,0,55.700001,9.970068,0,1.6096625,26.153294,1876.2543,34.879406,315,77992
36085022600,43,24,9,4,6,19,20,1,33.599998,9.0216131,0,1.0989496,56.311306,1278.5784,32.356823,815,37907
36085023100,2,4,0,1,4,4,6,0,62.900002,9.6669998,0,1.412204,26.43288,1759.8253,34.381901,336,77695
36085023900,3,4,0,3,3,3,7,0,66.900002,10.794028,0,1.4175884,28.391012,4401.9609,40.742924,564,80472
36085024401,8,8,1,1,9,9,9,1,35.200001,10.604053,0,1.0986123,56.902855,450.06165,43.287128,559,29573
36085024402,7,3,0,1,1,6,4,0,27.5,6.8656254,0,1.0986123,56.9002,140.07782,34.872761,48,28604
36085024700,13,6,0,1,4,0,8,0,72.599998,10.036525,0,1.2357603,30.489479,3534.7593,33.30658,79,76134
36085024800,20,7,2,3,5,4,14,0,50.099998,13.253362,0,1.0986123,56.908432,1223.0653,38.424126,669,32668
36085025100,12,6,2,5,1,12,3,0,62.400002,10.111768,0,1.0986123,30.699455,819.38324,35.964069,293,60821
36085027301,8,5,1,2,6,22,2,0,28.1,7.5264068,0,0.83297276,40.270374,2064.7358,37.244286,1977,59177
36085027302,5,2,0,6,10,6,2,0,32.200001,8.1777935,0,1.0278151,43.047062,887.46802,33.194733,315,42573
36085027702,108,14,9,1,0,9,10,0,75.699997,7.7180681,0,0.21024737,43.419758,8512.5,36.544193,755,39835
36085027704,6,2,0,0,0,10,3,0,59.400002,8.739481,0,0.42373046,43.36095,725.49023,33.695652,120,42021
36085027705,9,3,0,1,3,9,3,0,77,8.2508268,0,0.65960479,43.251377,439.02438,33.172886,157,41611
36085027706,10,7,1,1,4,3,10,0,76.199997,9.9234571,0,0.69314718,43.157379,2053.2544,41.355289,246,43928
36085027900,5,1,1,1,1,3,2,0,6.4000001,8.0897083,0,0,55.614491,440.4938,27.140785,898,38035
36085029102,10,10,2,6,4,13,11,0,20.5,8.5,0,1.0986123,42.983364,1297.4187,32.273083,1176,68978
36085029103,12,6,2,3,7,28,6,0,51.599998,8.8997307,0,0.8074472,37.99297,1505.7324,39.958649,968,61723
36085029104,8,12,4,3,6,23,10,0,49.700001,7.7940526,0,1.1889772,30.72032,1952.8621,34.135201,965,65665
36085030301,12,6,0,1,1,8,8,0,69.400002,7.8915434,0,1.1968982,30.687727,2452.8987,34.123436,243,65790
36085030302,12,8,3,2,3,4,12,0,58.299999,8.985075,0,1.3862944,30.500734,886.36365,36.387531,800,66565
36085031901,5,1,0,1,1,1,2,0,63.599998,9.0128479,0,1.5975026,26.211452,3413.3333,30.600292,28,79127
36085031902,3,2,0,1,4,1,2,0,55.099998,8.2730923,0,1.6094379,26.155293,1970.0375,39.205219,134,78161
36085032300,6,2,0,1,0,2,6,0,37.299999,7.8330002,0,1.6094379,26.19595,1048.2897,42.830883,595,85233
39041011561,16,6,2,1,5,7,2,0,16.9,8.7514534,0.41416442,0.86407518,4.2245169,729.57544,0.70474774,731,50991
39041012400,132,68,11,5,15,38,17,1,42,10.152494,3.8253825,0.50883806,3.8946047,8266.3086,1.2951807,19435,58064
39045032701,10,7,5,1,3,11,4,0,24.1,6.3175602,0,0.44685745,4.8213882,1088.5416,3.2779098,301,15181
39045032702,27,11,3,4,8,3,5,0,29.6,6.9363766,0,0.69418877,4.2347279,1211.333,2.2777915,605,15710
39049000110,18,6,0,0,4,8,4,0,38.599998,13.542898,4.3561122,2.428689,21.328009,494.05545,1.6762452,90,70726
39049000120,14,8,5,5,10,17,3,1,32.900002,14.570724,5.483871,2.4537756,20.297194,1223.8267,1.459854,764,67581
39049000210,9,1,0,2,2,7,3,0,31.4,11.024084,1.9286403,2.4849067,20.051788,335.3566,2.6974008,81,81022
39049000220,16,5,1,4,4,11,5,0,46.700001,14.40688,3.3739943,2.4849067,16.160101,1901.4647,0.88207984,721,109106
39049000310,8,3,0,1,1,1,5,0,49.900002,11.312601,3.3255737,2.483896,23.651711,1097.7654,5.490438,385,117334
39049000320,3,5,0,0,3,2,6,0,39.099998,13.528516,4.9239033,2.4849067,26.644979,425.9635,0.96818817,48,120267
39049000330,2,0,0,0,2,1,3,0,46.400002,12.212135,2.9635902,2.6010544,25.824636,166.12378,2.9850745,7,137624
39049000410,8,2,1,0,0,2,2,0,46.5,15.016916,3.1936128,2.5329449,17.466139,1662.2074,6.967742,118,103867
39049000420,15,5,3,2,9,7,4,0,41.900002,14.844977,6.2597809,2.542028,16.170635,1833.6283,1.0436432,284,137750
39049000500,12,8,1,1,2,0,6,0,47.700001,14.817376,2.417795,2.5466323,17.50161,1100.823,4.8993874,70,135974
39049000600,12,13,0,0,5,3,7,0,56.299999,13.575543,3.4213099,2.6045158,19.200291,2325.397,0.88282508,261,136619
39049000710,5,4,0,1,2,1,2,0,51.400002,11.950577,3.1217482,2.6705313,16.563921,1138.34,3.5953178,7,147746
39049000720,3,1,0,1,9,1,2,0,55.099998,12.44311,4.0526849,2.7155728,22.071835,1317.5355,3.5982008,812,147688
39049000730,2,0,0,0,11,1,1,0,54.700001,13.415258,4.8594238,2.8015726,28.597258,205.95534,2.9339855,0,159563
39049000810,1,3,0,1,3,2,2,0,44.099998,13.949347,3.1237798,2.6360183,27.974054,598.95831,2.2015243,139,141235
39049000820,2,1,1,0,9,4,4,1,49.299999,13.718578,3.6483035,2.7004158,31.421661,459.74954,1.2028869,80,144783
39049000910,0,3,0,1,7,0,4,0,47.599998,13.644015,2.4265301,2.7367036,18.577717,385.85858,8.0583267,182,152740
39049000920,1,3,0,1,7,2,2,1,50.200001,13.431847,5.8651026,2.8178818,27.751204,409.60452,3.782506,105,150012
39049001000,7,7,0,0,5,3,3,0,59.200001,11.416218,1.6870519,2.7060103,21.96677,397.10144,1.5615108,44,138238
39049001110,0,4,0,0,3,3,2,0,53.400002,13.697667,2.0718232,2.527209,22.516901,2145.6311,0,28,142035
39049001121,4,4,1,5,3,1,1,11,67.099998,15.222389,1.4564874,2.5985661,29.874546,66140.805,2.110626,25064,140206
39049001122,10,5,4,6,3,135,3,5,43.700001,13.428144,5.7034221,2.5293152,22.626476,1517.5098,0.86410058,2336,141449
39049001200,4,16,0,6,5,1,4,0,59.700001,12.452917,1.057306,2.6957526,28.992901,1980.6949,0,86,136428
39049001300,11,12,7,28,9,2,2,2,69.300003,10.969713,0.86296168,2.7356381,29.134073,4875,2.7045076,163,136752
39049001400,1,1,1,2,8,6,2,0,72,17.447147,17.660044,2.8396595,35.81694,2632.6814,12.612613,386,138335
39049001500,0,1,0,0,8,0,3,0,58.700001,14.744974,4.6865847,2.8643227,42.639038,1552.2682,0,118,157656
39049001600,5,0,0,1,1,0,2,0,68.800003,15.320071,10.011123,2.7695923,31.287062,1132.2751,1.5625,144,139444
39049001700,10,11,0,1,2,0,1,0,73.900002,17.533297,6.0437006,2.7080503,31.508976,5398.9897,5.574913,396,138482
39049001810,3,2,0,0,5,1,1,1,74.900002,12.752637,1.6643551,2.6855774,29.090733,1091.5033,0,1,140659
39049001820,6,7,0,0,11,9,4,0,67,15.635,7.4377092,2.6769407,32.279877,9293.7686,4.0992451,2905,140896
39049001901,15,18,2,2,6,40,7,1,73.199997,17.465773,12.539185,2.2786448,27.12274,8297.6748,3.0839231,2735,139121
39049001902,20,26,9,3,2,15,12,0,62.700001,16.104149,6.4763026,2.194617,22.087917,7589.9282,2.2551091,842,144489
39049002000,4,4,0,0,6,5,0,0,64.300003,15.265921,1.8126888,2.5695238,33.438656,795.53906,3.4696407,103,142016
39049002100,20,10,2,3,3,10,5,1,58.799999,19,3.5928144,2.6130066,33.724796,6681.5918,0.70298773,445,140956
39049002200,10,18,0,3,3,5,5,1,73,19.333,6.5753425,2.6998229,33.747414,4003.7036,5,463,140075
39049002300,5,4,0,2,12,5,2,0,63.099998,14.111027,17.147311,2.847357,54.571712,1921.4502,8.7719297,49,138385
39049002510,7,0,0,1,31,1,8,1,42.5,14.210812,9.0702948,2.7829113,32.167259,704.09235,3.0213706,157,151831
39049002520,5,2,0,2,9,23,2,1,44.5,14.563476,7.9586152,2.7225671,51.991272,1404.2904,7.4850297,707,137829
39049002600,10,3,0,1,8,1,8,0,46.900002,14.384259,6.7114094,2.5668564,21.858856,1619.6674,7.2299652,613,144853
39049002710,3,1,0,0,6,0,1,0,46.599998,11.981132,5.4794521,2.591269,21.522282,524.39026,7.3113213,110,123770
39049002730,2,1,0,1,1,3,2,0,57.599998,15.392699,5.7651992,2.6034672,26.923077,967.21313,1.6605166,143,106463
39049002740,6,5,2,1,8,19,1,0,38.200001,13.509569,3.9952058,2.6504612,26.077648,659.92645,1.5715467,178,109207
39049002750,2,2,0,0,4,2,0,0,47.900002,14.320313,2.9168692,2.5761049,25.518326,517.42627,7.1204185,113,107496
39049002760,8,5,3,2,5,9,2,0,48.700001,15.321516,4.1903622,2.5254054,22.994812,1258,6.2975025,361,106541
39049002770,1,2,0,0,3,2,3,0,46.5,14.952695,3.0456853,2.4403536,22.368509,639.88922,11.733616,150,108302
39049002780,4,2,1,2,12,8,2,0,37.099998,14.019761,3.4393809,2.414289,21.339359,2493.9578,8.1896553,1538,107725
39049002800,1,1,1,4,21,1,5,1,56,14.046665,9.9079972,2.8494337,52.4389,653.06122,7.3721757,262,144583
39049002900,1,1,1,1,8,0,5,0,54.400002,15.906698,2.4509804,2.8432984,59.648617,721.00311,12.292359,174,139136
39049003000,44,80,11,30,20,34,33,2,77.199997,17.061434,26.573427,2.7589226,46.520428,29509.148,5.9950042,40507,133480
39049003200,4,4,3,1,2,1,5,0,65.099998,16.167,3.4782609,2.5797958,33.058887,5986.3252,3.1154239,1771,135066
39049003600,5,3,0,2,12,2,3,0,61.5,18,11.485452,2.7939181,51.372364,5105.2632,2.5069637,1451,133485
39049003700,7,2,0,1,14,2,7,0,43.900002,16.280235,9.3739538,2.6242945,38.635227,1159.8513,4.4202437,731,136593
39049003800,3,9,0,3,10,17,2,0,65.199997,16.863237,8.370261,2.6904356,42.652603,4231.3169,3.1278749,826,132623
39049004000,37,36,21,36,21,93,6,7,78.400002,17.675833,24.517685,2.5491557,25.213213,36926.27,2.8882575,28133,132297
39049004200,1,2,1,5,4,8,0,0,58.5,19,14.067995,2.2115252,30.929119,2126.3857,8.383234,994,133138
39049004300,11,9,1,8,4,23,6,1,42.900002,14.634489,5.240027,2.2037392,24.767754,3738.7527,1.0995724,2771,136843
39049004500,3,1,1,0,7,8,4,1,42.400002,12.805339,2.1766733,1.4493525,30.373856,1825.332,0.99164927,1247,137257
39049004610,8,4,1,1,8,7,3,0,44.599998,14.480454,2.0473823,0.52105349,21.932171,433.04349,0,247,108892
39049004620,4,0,0,0,5,5,4,1,52.700001,12.254102,2.3346304,1.2022822,22.238886,1944.0559,2.0408163,531,128151
39049004700,2,2,0,0,13,1,7,0,50.299999,11.64862,1.9371502,1.3966818,26.886185,286.54971,4.4134727,169,135184
39049004810,2,1,0,0,4,0,1,0,51.099998,12.363968,2.5236593,1.0913209,18.268034,291.80328,1.7738359,3,105247
39049004820,0,2,0,0,5,0,4,0,47.099998,11.854815,4.2426814,1.0986123,23.814089,226.2997,11.922141,48,132778
39049004900,4,0,1,1,8,3,3,0,43.900002,13.370325,5.0344956,1.5865897,28.92375,698.93616,4.7200875,456,135773
39049005000,9,4,1,5,21,59,15,2,59.599998,14.351604,8.2482325,2.1929615,26.25289,4971.9854,3.3829498,3489,135402
39049005100,2,5,0,0,1,1,8,0,34.400002,15.9795,5.3050398,2.0039303,33.597828,941.02399,5.1987767,750,136321
39049005200,13,20,4,5,4,3,13,0,76.599998,18.197716,4.4390638,2.3536713,21.760433,14244.838,1.7387427,1977,131729
39049005300,9,6,1,1,20,36,6,1,60.099998,15.217515,10.665686,2.5692477,37.668522,18323.322,2.9456193,12031,134455
39049005410,0,4,0,2,16,2,3,1,54.400002,14.5,7.6923077,2.5981877,36.074924,1231.9587,9.5145626,227,135284
39049005420,4,1,0,0,7,1,1,0,56.599998,14.110869,3.0837004,2.5966597,36.434032,711.53845,5.13834,73,135935
39049005500,10,1,0,6,14,5,8,1,51.799999,12.978678,4.8973881,2.4698598,37.074051,183.56642,2.8993435,71,127076
39049005610,4,3,0,0,2,1,6,0,62.400002,15.34528,4.8491379,2.3898888,32.564842,2688.5247,16.191904,40,131531
39049005620,2,1,0,3,3,0,1,0,62.200001,15.332406,2.5044723,2.2431226,19.345543,657.14288,5.7458563,101,126970
39049005700,14,19,7,7,2,15,4,1,56.599998,17.724571,6.1439438,2.2095492,17.35997,3332.0754,0.8740564,1751,130850
39049005810,9,9,0,0,4,15,4,0,61.700001,15.199875,2.9017048,2.1893814,8.7583094,3353.9326,1.4410706,324,130205
39049005820,7,0,2,1,6,14,6,0,66.199997,14.75404,4.3859649,2.0463576,7.2291579,3724.4897,4.8616929,871,129060
39049005900,3,0,0,1,4,2,2,0,53.299999,13.742922,4.5286126,2.3272123,28.452641,451.82724,7.2375126,75,126598
39049006000,1,0,0,2,3,2,1,0,70,12.810679,5.7609217,2.0873621,10.745398,756.68445,9.6038418,45,106419
39049006100,2,2,0,1,16,1,3,0,68.599998,14.92022,3.0268634,1.8734112,6.9816384,1312.0393,2.2271714,34,109010
39049006220,108,45,8,7,5,99,19,3,37.900002,14.228892,5.0957168,1.2828921,9.3960009,6382.0161,2.2610483,14170,47122
39049006230,31,12,7,5,13,29,8,0,17.9,9.820961,0.90103619,1.0597988,11.914307,1155.3176,4.1170998,8325,42707
39049006321,13,14,3,0,9,18,9,0,28.200001,12.184028,2.3212628,2.0805545,9.0183897,835.72278,2.6490066,971,88753
39049006351,13,9,3,2,16,25,3,0,39.299999,12.714087,1.8802041,2.0969932,16.907761,935.30084,1.3763645,638,60718
39049006352,2,2,0,3,1,6,1,0,60.400002,15.124179,2.9027576,2.1239681,16.787382,2135.2202,2.477596,283,83157
39049006353,19,14,9,2,9,35,8,1,50.200001,15.711568,3.9072039,1.9697562,17.016689,2840.2366,1.1459386,1193,59091
39049006371,28,16,5,3,7,19,8,0,37.400002,12.63717,0.58590889,1.6408056,10.465978,2117.4805,3.4531162,1057,59646
39049006372,8,6,0,2,2,17,5,0,44.299999,12.888477,1.2521521,1.8122307,13.634244,2199.3088,2.1164021,1429,63606
39049006383,14,22,1,3,8,33,9,0,26.700001,11.798153,1.4543692,1.5236763,16.704554,599.71307,3.7388723,1250,44812
39049006384,13,12,5,5,7,5,3,1,40.599998,14.172637,1.5928178,1.5206777,16.640379,761.65253,2.1321962,385,50872
39049006386,41,21,5,4,7,8,12,0,52.599998,11.469802,3.4834536,1.6003881,14.493688,4489.54,2.8181043,2352,62724
39049006387,12,1,1,1,5,7,4,0,28.299999,10.987782,1.0375238,1.7368548,17.818735,276.9953,0.36889026,411,57817
39049006391,14,2,1,4,2,22,1,0,21.200001,7.8687773,0,1.4495794,15.503532,717.23596,1.6687016,917,65079
39049006392,10,2,0,2,6,14,1,0,31.700001,12.187085,1.6305614,1.9273962,18.18218,397.61307,1.0152284,622,75442
39049006393,10,7,0,2,7,3,7,0,33.799999,12.709986,2.1048939,1.5590439,17.664368,216.48351,0.87997186,123,44421
39049006394,5,1,0,0,1,1,2,0,37,11.278765,1.4280614,1.3123875,13.967504,78.48101,1.5721122,14,65927
39049006395,11,7,2,1,5,13,1,0,44.400002,15.152094,3.2590983,2.0631437,17.732046,1405.9406,0.95693779,338,68591
39049006396,26,27,3,4,4,29,8,0,24.5,12.54962,1.6722408,2.0188737,17.574497,1087.7139,0.94948727,1009,61422
39049006410,5,4,0,6,0,5,4,0,26.9,10.293891,0.34818942,2.0075934,7.0661931,188.38863,4.2216358,70,82593
39049006500,6,7,4,3,0,11,2,0,29.299999,12.950496,3.4722222,2.229538,6.5432267,694.77057,2.6121902,387,138383
39049006600,9,5,0,4,4,12,2,1,38.400002,13.771431,5.80222,2.234226,8.915863,1255.675,1.3771187,814,139945
39049006821,21,8,4,0,1,0,3,0,40.900002,13.203217,3.5714286,2.1206374,19.00807,2294.0139,3.1055901,507,66527
39049006822,5,5,0,0,4,2,2,0,36.299999,11.906406,1.0183299,2.2542114,17.813772,874.15729,1.240458,224,54842
39049006921,13,3,0,0,6,4,3,1,48.299999,11.35294,3.3871808,2.0683899,19.394722,1978.7664,3.2023289,903,80117
39049006923,2,3,1,9,5,6,3,0,45.299999,13.09274,1.8570102,2.1139057,19.025465,1192.9078,1.3350286,824,82208
39049006924,15,5,3,0,6,1,5,0,54,13.968152,2.1810251,2.4385769,19.706579,1073.7833,2.190171,574,87359
39049006931,12,16,2,3,9,10,9,1,55,15.047516,2.0703934,1.8958441,20.684107,3103.8462,4.2504306,1444,81974
39049006932,4,7,0,3,8,1,5,0,39.799999,12.775822,0.87108014,2.2854619,24.233984,390.07092,0,335,71062
39049006933,20,4,2,2,1,5,4,1,63,15.685944,4.2498938,2.5202124,25.608459,2123.2876,2.6851852,435,70226
39049006942,1,2,0,0,1,4,1,0,48.700001,14.833,3.539823,1.6094379,28.440729,741.0072,0,2,61749
39049006943,4,5,1,1,7,1,2,0,48.200001,11.933544,2.3778642,1.7405502,25.118896,341.22562,5.5932207,178,82334
39049006944,8,3,0,1,6,3,2,1,39.200001,12.394046,2.1935169,1.6200383,27.307095,1331.9839,1.048951,353,74287
39049006945,5,10,5,3,12,16,3,0,47.200001,15.44002,1.8897097,1.6222451,25.256302,1640.7896,0,1005,78112
39049006950,10,15,1,1,9,15,1,0,26.1,12.80691,3.8744673,2.1196432,17.572441,273.18295,3.0372057,137,60614
39049006990,9,3,3,5,1,63,5,0,21.299999,11.872547,2.777324,1.2674712,8.6200542,1712.2302,2.4416711,4558,62490
39049007041,5,2,5,4,7,31,3,0,17,8,0,1.2690793,18.961414,1330.1304,1.2927054,2268,57715
39049007043,11,24,7,0,4,19,0,0,52.700001,10.737156,3.5852179,1.2396284,25.006262,5740.2983,1.915432,2966,62394
39049007044,11,5,0,2,3,9,4,0,40.900002,7.7035074,0.6667778,0.96158463,24.236387,1303.6343,0.54909557,547,58259
39049007047,9,3,0,0,2,2,3,0,47.799999,13.422923,0,1.092474,25.792522,3323.3665,1.2156686,309,62830
39049007048,18,8,1,3,6,9,3,0,44.400002,15.221283,0.50234427,0.81840968,25.660336,2241.3794,0.37614188,1403,61027
39049007112,19,11,1,2,15,5,6,1,28.5,12.259273,3.2148598,2.2013855,23.791948,706.80627,1.5254917,983,62514
39049007113,6,4,0,0,5,2,3,0,40,10.834574,3.7348273,2.1854029,23.419851,2347.4409,4.0399833,1228,55709
39049007114,12,15,9,4,9,57,3,1,48.900002,12.357543,1.54833,1.2189609,23.296167,5321.918,6.4644279,6629,76203
39049007115,8,12,4,1,6,12,8,0,48.5,13.079233,1.7595308,1.5415974,23.176117,2122.2708,3.9065223,1142,76189
39049007120,8,5,0,2,12,1,6,0,40,11.621808,0.18681113,1.2094587,11.565475,761.94147,5.1854806,147,68593
39049007132,10,12,3,3,10,2,7,0,22.6,11.115785,0.50897061,1.7149988,13.812694,460.52051,2.3288636,533,54310
39049007199,21,6,2,0,10,5,2,0,37.700001,12.779376,2.999625,1.9342154,18.846371,1400.5891,2.6737967,275,50696
39049007202,4,0,0,3,0,0,3,0,24.700001,7.4136982,0.91883614,1.9192929,16.053583,586.11304,2.7762656,218,48974
39049007205,11,9,4,1,2,6,4,0,25.9,11.746113,1.0851872,0,33.022114,2482.2117,0.78399563,3134,13580
39049007207,11,1,0,0,6,6,2,0,16.299999,4.537425,0,0.27661961,23.497082,125.12785,2.4543738,55,28217
39049007209,17,15,5,2,3,13,4,0,25,6.7824402,0.52807604,1.2070078,11.621511,660.01813,4.1643834,638,38379
39049007210,12,18,4,7,19,50,12,2,10.9,8.8551378,0,0.98948735,9.7662582,262.4523,5.1326661,1584,13532
39049007395,18,8,5,3,9,49,7,0,37.099998,10.835327,1.0816658,1.3967304,24.622334,1684.4082,4.3706951,2861,31384
39049007396,22,8,1,2,11,14,4,0,14.7,7.2612839,0.10824854,0.90334016,18.077297,609.00116,3.4643691,1848,27800
39049007424,9,3,1,4,5,2,3,1,33.299999,11.947045,2.364532,2.4916151,31.503593,520.73462,1.0677344,332,55982
39049007492,36,13,3,5,17,33,7,0,23.4,12.063432,2.4275773,2.1326058,27.191406,1019.2549,1.8357488,1201,49764
39049007494,17,5,0,0,6,1,1,0,39,9.8531847,1.3074744,2.3395214,29.976913,6178.1196,3.8376708,1607,54003
39049007511,1,2,0,0,8,0,5,0,47.099998,13.16317,10.075567,2.8574667,25.419113,1466.7673,1.9332161,154,155392
39049007512,3,4,0,1,14,1,2,1,32.5,12.554873,2.5,2.7802646,27.409714,161.20576,4.9454079,150,144302
39049007520,3,2,0,0,5,1,2,0,24.1,12.198236,7.8690589,2.817986,29.961761,97.959183,2.1651964,53,141412
39049007531,12,1,0,1,6,1,3,0,41.400002,13.481632,3.4617049,2.5168183,19.87969,689.60864,5.964654,256,86803
39049007532,4,1,0,0,5,0,0,0,30.9,12.167,1.4513788,2.3978953,19.742884,1111.1111,3.6496348,112,61543
39049007533,4,4,0,1,5,0,2,0,15.7,5.0920405,1.3183916,2.6092484,22.602694,195.59901,2.2099447,98,74439
39049007534,5,6,0,2,10,1,2,0,30.799999,12.098294,1.460707,2.6823597,29.380865,350.5618,0.95735425,242,117231
39049007550,15,1,2,3,14,5,3,0,29.1,13.536057,7.1623465,2.5498297,19.604851,3817.4839,1.2958963,6852,116677
39049007551,9,5,0,1,12,6,8,0,35.099998,13.132704,1.1225864,2.4594977,20.665857,365.45453,1.9491735,420,56702
39049007710,32,10,4,3,9,2,14,0,57.200001,13.735687,3.9129371,2.5338588,26.471621,1884.2239,5.3313403,308,118207
39049007721,15,14,2,0,6,4,13,1,57.599998,13.052075,2.9639763,2.5534687,23.205471,2974.699,1.5413533,2192,90080
39049007722,6,9,0,0,5,4,6,0,39.400002,13.060178,2.8198802,2.5137103,23.206991,540.46246,5.5188961,176,82139
39049007730,8,2,1,1,5,4,3,0,49.599998,13.958731,3.8718761,2.4354584,21.224321,1053.6672,5.9807072,341,89112
39049007740,1,0,0,0,4,1,1,0,29.299999,11.667,4.9019608,2.4645457,21.592354,202.06491,1.2765957,78,91923
39049007811,7,6,0,1,3,19,3,0,37.900002,13.259995,1.0723861,2.2938876,20.395021,1008.5262,2.4020889,627,76450
39049007812,13,9,4,2,5,151,4,1,42.299999,10.670922,3.6740869,2.3381717,16.678476,6844.0024,1.5556442,11187,73317
39049007820,4,15,2,1,2,20,3,1,44.400002,15.071518,3.3252721,2.5932899,23.760061,1937.3401,2.0856819,657,128802
39049007830,9,4,2,3,1,3,3,0,68.300003,13.634029,3.8284839,2.2851405,21.639498,3142.8572,0.66740823,237,141172
39049007921,15,9,3,8,9,8,4,1,21.6,11.332499,0.24134186,0.92841679,11.630007,434.06158,1.6285303,1136,41941
39049007933,11,6,0,6,12,8,10,0,48.200001,10.093225,0.72446269,0.39695185,9.5667477,1401.5933,0.41281697,406,34347
39049007941,9,3,0,0,2,6,5,0,30.1,11.167,1.8615041,1.6478891,27.175739,1634.6418,1.4593909,1014,74685
39049007951,12,5,0,3,5,11,2,0,26.200001,6.9115562,0,1.5829831,12.482323,92.783501,2.2727273,100,62811
39049007952,23,27,2,4,5,52,5,0,33.5,10.15532,1.3262599,1.7980629,11.920194,1381.0273,1.8714011,2946,66891
39049007953,7,0,0,0,1,2,4,0,17.1,5.9574933,0.28752156,-13.815511,14.262417,61.018658,3.6016948,116,26338
39049007954,45,34,9,2,4,21,12,0,53.299999,10.98025,2.7365129,-7.070724,10.227078,2875.0405,5.2619991,1295,37418
39049008120,3,7,1,0,9,20,2,0,43,13.738813,2.3065095,0,24.187063,1032.1337,4.5533142,240,32156
39049008132,8,2,0,4,7,3,3,0,40.599998,10.230585,2.7773492,-1.81617,11.533825,889.54059,1.9828352,672,24597
39049008141,11,4,4,1,9,2,4,0,18.4,8.7981243,0.37960268,-1.988247,15.794687,178.9019,2.2687986,64,22427
39049008142,11,7,1,0,9,2,4,0,43.200001,8.2509937,1.5089784,-1.4411676,18.72015,1913.8207,0.99513495,425,34018
39049008161,17,16,4,0,2,4,3,0,17.200001,6.4193096,1.6681637,-1.5512142,16.07859,666.4704,2.1954675,1178,17464
39049008162,8,5,0,1,8,9,2,0,5.0999999,6.4436526,0.70232939,-5.6962543,20.082697,27.70525,3.2045059,244,8022
39049008163,3,3,0,1,2,0,3,0,39.200001,12.723658,1.6185595,0,19.25601,121.81303,0.24154589,21,27818
39049008164,2,1,0,0,0,0,1,0,36.799999,9.2965508,0.50012503,-0.053846575,25.70553,155.68863,2.55019,47,26330
39049008210,35,18,3,3,5,8,7,0,62.299999,14.350362,9.2797172,0.71325314,32.962337,4143.3032,4.1825094,3516,50286
39049008241,7,2,0,2,5,0,1,0,35.599998,10.233829,1.9600157,1.5962406,32.367928,1144.7791,0.67502409,316,127674
39049008242,11,4,0,2,16,2,4,1,31.799999,8.8857536,1.6329197,1.2474935,30.818346,770.93359,1.1190817,333,67425
39049008311,7,9,1,1,3,2,7,0,44.400002,14.690516,2.9356259,0,26.971161,1167.3596,0,611,44599
39049008312,2,4,1,2,5,0,7,0,44.099998,11.835658,1.9334049,0,25.785786,778.53491,3.2637074,330,45914
39049008321,2,0,0,2,6,3,7,0,43.400002,11.258204,3.160806,0.55584931,27.826468,246.47887,3.9965987,82,73503
39049008322,4,2,0,0,2,0,2,0,42.099998,11.813073,0.52069773,1.1112278,21.215591,170.01546,2.465234,100,112515
39049008330,8,0,0,1,5,2,3,1,36.599998,15.826091,9.1480846,1.540445,37.642521,832.51227,0.71556348,83,130449
39049008340,14,8,1,1,7,2,6,0,40.5,12.022177,1.5767897,1.4480282,33.073128,998.10187,0,1068,113050
39049008350,9,4,0,2,1,10,3,0,26,8.1524649,1.8863179,0,32.997921,479.44412,0.5515486,255,34525
39049008360,4,2,1,5,7,1,3,0,28.1,6.5007763,0.630219,0.50239861,28.790182,648.79852,2.0468802,904,43759
39049008370,6,3,0,3,10,0,1,0,29.4,5.8448629,1.605566,0.77347678,26.177429,169.11765,5.1604619,67,34570
39049008380,8,1,0,0,2,0,2,0,25.200001,6.5851068,0,1.379048,34.442223,417.20654,6.2448978,116,61457
39049008400,12,15,2,4,3,14,3,2,45.900002,14.684382,7.2916667,2.1012142,11.232325,4308.9429,0.7432819,2685,145957
39049008710,4,2,0,1,4,2,3,0,43,11.399735,6.6347217,2.3013246,28.323755,889.80267,7.9527559,24,103694
39049008720,9,3,3,2,4,4,12,0,55.299999,12.894307,4.1949016,2.0423093,19.008673,1535.9418,6.3407183,334,101488
39049008730,13,2,0,2,3,0,0,0,53.799999,12.772454,9.6200096,2.1298723,20.885126,2071.1111,10.488246,1160,104465
39049008811,3,0,0,2,16,0,1,0,44.5,10.21816,4.8387097,1.6469051,22.89698,903.32178,3.787879,132,97097
39049008812,12,0,0,3,19,0,3,0,44,11.358962,10.514866,1.8045739,32.66283,778.11829,3.6752138,138,61706
39049008813,1,1,0,3,2,1,0,0,55.5,12.870271,5.6967572,1.5797687,35.254673,38.007862,3.192585,12,59231
39049008821,3,2,0,1,6,3,1,0,38,12.97058,6.284658,1.6886531,13.335138,1233.7828,0,438,101014
39049008822,21,11,5,3,11,8,8,1,29.5,13.993954,6.5998533,0.92278123,14.411442,2438.1338,4.1641521,2914,58685
39049008825,0,0,0,0,18,2,1,0,28.9,7.2959943,0.95087163,1.0126619,14.888318,76.696159,0.5032351,52,35615
39049009210,26,4,5,3,2,8,2,0,53.799999,14.20851,4.9409237,2.2886889,18.212284,3356.1475,1.7454545,4694,59387
39049009311,6,3,0,3,1,0,2,0,30.299999,11.805225,0.71428571,2.0429571,24.414864,701.39966,10.61008,331,36851
39049009312,1,1,0,2,3,2,0,0,33.900002,10.459137,1.083815,1.6655985,25.617332,162.25166,3.0534351,116,36111
39049009321,5,0,1,1,0,0,2,0,42.799999,12.358106,1.9900498,2.1997511,39.739986,536.26941,2.4955437,53,49020
39049009322,5,4,1,0,8,1,3,0,42.900002,12.014999,2.9638411,1.9629077,35.40279,301.72415,6.9807038,133,38599
39049009323,2,3,0,0,1,5,1,0,46,12.169589,2.0184544,2.0481229,46.624454,741.78406,5.8894234,86,43119
39049009325,61,15,5,0,10,9,5,0,47,14.600622,5.4774946,2.0080113,23.050003,2085.4146,6.236403,1355,35700
39049009326,2,1,0,0,3,1,0,0,23.9,13.833,2.2883295,1.9040231,31.131647,866.19714,0,124,27568
39049009331,3,2,0,0,1,1,2,2,56.599998,14.333,6.743738,2.4006188,30.93861,762.33185,7.2139301,88,74263
39049009332,4,4,0,3,7,0,1,0,41.5,6.5909333,0.3471017,2.2208097,21.009069,241.4734,2.6360543,121,108162
39049009333,2,1,0,2,6,3,2,0,47.700001,12.481707,1.2992638,2.298049,19.064669,990.099,5.7747831,429,71193
39049009334,8,3,0,2,11,0,2,0,40.700001,12.323091,1.6605779,2.1685116,26.518784,567.66254,9.6260939,51,48972
39049009336,4,1,0,2,2,0,0,0,33.700001,5.5986238,0,2.0794415,19.822975,218.84499,2.001291,51,97402
39049009337,8,3,0,1,5,1,3,0,34.799999,10.024698,2.7707809,2.0927048,17.594063,746.0733,2.59887,173,41775
39049009361,5,8,0,2,11,46,1,0,25.9,10.400991,2.4928775,1.9128561,24.636112,1408.3507,0.61430454,3366,35342
39049009362,9,5,0,2,15,45,7,0,34.700001,12.551591,2.1328458,1.8644378,19.682331,833.43695,1.2991573,1083,33691
39049009371,16,12,4,2,6,12,9,0,39,13.322402,3.2662885,1.7123209,26.014334,2014.2643,6.247889,1182,32623
39049009372,10,0,0,4,4,0,2,0,37.400002,6.7050338,0,1.5059884,30.090942,165.30849,3.4848485,11,25891
39049009373,4,4,0,1,7,1,2,0,27,11.086639,1.8829437,1.4041033,20.804497,169.00247,5.5510859,179,22114
39049009374,29,13,0,2,11,4,4,0,50.400002,12.448561,1.5321155,0.95215547,10.065804,1876.8925,2.9130633,1063,21706
39049009381,9,9,3,1,7,6,7,0,32.200001,13.069405,0.89349535,1.5727429,17.060917,1038.3333,3.0740275,409,33273
39049009390,23,8,2,2,7,5,1,0,23.299999,7.9559269,1.9786308,1.3073776,19.652224,207.93651,2.8926816,209,23205
39049009410,2,2,0,1,1,0,1,0,37,12.351616,1.0344828,1.4228945,11.096714,491.96786,3.4134989,182,22254
39049009420,9,3,1,2,9,3,9,0,27,12.64205,1.2653651,1.4856465,8.1915731,431.72952,3.4860153,222,21585
39049009430,17,6,1,4,14,4,8,2,21.4,7.5559855,2.2714367,1.617757,16.674358,381.47906,2.1302347,620,21972
39049009450,27,12,8,9,15,12,5,1,18.799999,9.0607538,0,0.33572766,10.713861,432.44949,4.0093837,942,4229
39049009495,12,6,0,1,13,6,4,1,23.1,11.382355,8.5751979,0.93505472,23.820417,871.9342,1.6074038,859,20318
39049009520,5,1,0,1,5,1,2,0,38.599998,11.138126,0.67919402,0.86909026,18.529697,841.9552,0.15113351,173,23911
39049009590,14,3,0,5,16,0,1,0,13.2,5.8988371,1.3516123,0.50295967,13.725219,344.76199,4.7269387,476,14555
39049009740,47,18,4,4,16,15,6,0,13,5.7785573,0.29259015,-1.8235081,21.59951,251.31441,4.0938592,894,11835
39049009752,5,3,0,0,9,0,1,0,18.9,6.1669998,0,-0.75764817,15.581453,533.50348,2.2803116,243,12045
39049009800,13,7,0,2,11,0,4,2,1.9,4.3507533,0,-13.815511,25.52343,10.890424,3.2365396,231,3376
39049009900,9,8,1,0,4,4,3,0,59.599998,14.333,1.5037594,1.7575486,22.169441,5512.5674,2.4201355,3653,70632
39049010000,11,6,1,0,8,5,2,0,9.5,9.6586447,0,1.0377774,8.70084,101.35635,1.7025378,222,48039
39049010100,105,35,14,4,8,16,7,0,40.200001,9.5,35.580524,2.4283192,22.858274,9392.5898,4.0435457,13120,56989
39049010200,22,9,4,3,12,8,9,1,14.3,6.506175,0.68608495,0.8001821,15.847795,158.96559,1.6789304,495,14188
39049010300,8,0,0,1,6,0,0,0,27.6,10,3.1141869,-6.3421216,17.290995,535.76624,1.2562814,350,9798
39049010601,3,1,0,1,2,5,2,0,23.4,5.9598331,0,-1.1039456,6.8776226,127.40214,1.5895443,106,28765
39049010602,8,7,0,3,5,16,3,0,34.400002,10.651567,0.99262621,-0.8248409,6.6758566,606.72516,2.3270056,417,30687
39049010700,5,2,2,1,1,0,3,0,27.6,13.333,5.9656972,2.3286877,20.583584,1074.3495,6.045949,300,72152
42101000100,55,87,12,13,16,26,22,3,82.199997,17.69664,13.823437,3.3447137,26.935808,59761.027,6.6620879,11697,293914
42101000200,21,84,4,5,8,59,36,0,94.599998,19.667,11.448482,3.3855195,29.315317,93331.078,11.792087,11824,311803
42101000300,13,26,1,18,24,49,7,5,82.300003,18.201672,10.259333,3.4038701,17.800457,110198.12,4.2649274,18704,312225
42101000401,7,10,8,5,6,10,7,1,84.400002,18.5,7.8705728,3.3557351,17.465122,133807.23,11.670161,11250,309487
42101000402,67,50,53,34,8,46,21,1,85.599998,17.177561,11.254551,3.3714252,19.064869,521752.16,4.5045042,49385,309846
42101000500,95,75,17,12,6,61,52,5,92.5,19.667,22.789426,3.379282,24.751345,127469.88,11.525424,18424,302782
42101000600,125,46,6,14,3,181,16,5,92.900002,17,12.140575,3.3322046,9.2273989,196686.56,5.8321481,13339,302597
42101000700,116,106,11,5,14,94,17,1,88.199997,18.60779,10.943396,3.3336132,17.614664,114715.79,9.5635118,5323,308096
42101000801,2,4,0,1,2,2,1,0,79.199997,18,1.7513135,3.2958369,16.935484,4897.436,9.4384708,114,306925
42101000803,19,19,4,8,6,37,5,0,76.099998,17.422434,2.9891304,3.328542,17.212475,26661.018,3.9354839,348,307833
42101000804,51,38,5,21,7,145,14,2,85.800003,18.357786,3.7220844,3.3459787,23.639738,166892.86,7.1910114,6170,308270
42101000901,28,59,2,28,2,26,8,4,94.5,18.625,4.7120419,3.3322046,20.147058,48560.973,2.1209741,925,299494
42101000902,13,18,3,5,2,135,5,1,87.199997,17.553926,5.0697085,3.3153973,6.381536,145316.67,12.575889,6346,298928
42101001001,14,8,4,9,4,64,3,1,69.599998,18.857477,6.6889632,3.2583256,8.4349689,68269.664,5.8049536,3592,297468
42101001002,23,45,6,7,10,30,9,1,67.900002,17.833805,9.3627303,3.2279634,10.204082,33175.824,10.098665,3927,298867
42101001101,14,27,1,3,6,13,5,2,86.300003,16.631466,4.482869,3.2975783,20.041788,8895.5225,8.3790522,327,299180
42101001102,11,6,0,5,2,95,2,0,82.199997,16.068913,6.8465566,3.2790296,7.0810533,43050.633,10.217113,3286,298554
42101001201,11,11,1,6,3,25,4,1,70.099998,16.708391,3.5753575,3.2976246,16.906754,4785.7144,6.2474647,297,304343
42101001202,22,13,6,10,5,39,11,1,89.199997,17.337318,4.1584158,3.3023663,26.029068,42773.109,8.3582087,2766,294179
42101001300,16,18,0,1,9,3,6,0,75,16.200933,6.4659154,3.256464,16.792215,1626.3346,7.5992122,98,302863
42101001400,10,17,3,4,11,14,4,0,82,15.319395,4.3181818,3.2702646,23.267244,3565.5737,8.1898203,283,292969
42101001500,27,29,0,1,7,19,13,0,84,17.935549,8.0262678,3.2718334,12.173498,5217.3911,14.003388,173,293193
42101001600,70,48,0,3,1,16,9,0,88.800003,16.861658,4.4444444,3.2188759,10.299094,13736.843,6.9320521,373,294009
42101001700,10,19,0,2,4,8,4,0,83.300003,17.264992,2.373686,3.2188759,11.152562,2581.3953,5.1188302,208,292923
42101001800,7,18,2,1,5,9,6,1,88,18.32917,4.290311,3.2571805,15.652531,6074.4683,6.3409567,261,291668
42101001900,9,11,0,7,8,5,4,0,82.900002,17.460785,8.7209302,3.2555945,31.331566,4834.6455,4.3026004,219,290731
42101002000,6,1,0,0,9,0,3,1,78.099998,14.297057,4.4994376,3.2620676,17.93025,1419.6428,11.911111,29,293338
42101002100,3,9,0,3,15,1,2,0,80.199997,14.756204,7.7390824,3.242069,15.13381,1347.826,18.566494,60,291902
42101002200,7,3,0,0,7,0,14,0,84.5,15.99198,6.5261044,3.2288032,25.85041,3397.7273,12.452253,285,288363
42101002300,6,15,1,2,7,5,4,0,88.099998,17.466167,4.0584416,3.2063882,13.00516,3939.0242,9.6428576,209,290536
42101002400,31,49,0,4,7,16,44,2,92.400002,18.496832,8.8158208,3.2275481,13.978945,7077.2944,10.08618,727,290398
42101002500,7,11,0,0,4,8,13,0,79.099998,17.280088,6.1659193,3.2188759,12.059055,2577.9221,5.5208335,212,292469
42101002701,2,0,1,1,7,3,8,0,79.5,12.905593,1.0484928,3.2188759,11.368258,1160.9196,11.880688,118,283716
42101002702,1,8,1,4,6,6,7,0,81,16.472431,6.2930776,3.2188759,10.909776,3232.3943,5.5959964,154,283310
42101002801,6,10,0,2,6,3,16,0,91.300003,15.963339,2.5400051,3.2068033,11.004774,2755.814,10.973452,150,284196
42101002802,29,30,2,2,5,3,22,0,95.400002,15.260231,5.4621849,3.1870489,12.227352,4321.4287,8.4642515,239,283293
42101002900,16,13,2,1,9,52,10,1,92.800003,17.23794,4.6557216,3.1811419,12.87518,5000,11.663285,482,282500
42101003001,2,9,0,2,3,0,10,0,91.699997,14.746664,3.3710571,3.2023644,12.614958,2632.1841,10.854403,106,280330
42101003002,5,2,0,1,2,2,9,0,83.599998,14.48425,4.0322581,3.1978331,16.662985,2306.8181,15.218952,97,286660
42101003100,6,6,1,1,20,2,11,0,80.900002,14.679288,6.3413289,3.2045417,16.625349,594.77124,10.166667,84,281628
42101003200,5,3,0,1,10,1,6,0,77.900002,14.065287,3.2467532,3.2421455,25.573481,1273.6842,15.166163,124,285710
42101003300,7,2,0,1,11,1,11,0,74.300003,14.27873,6.2812047,3.2706668,30.850342,3529.2683,9.6034403,246,293874
42101003600,2,5,0,1,5,0,8,0,73.800003,14.810505,2.5846472,3.2070518,26.547153,1051.0752,15.765141,307,279995
42101003701,3,4,0,1,5,1,9,0,87.199997,14.956709,2.6934012,3.1787088,19.158249,1328.4672,17.32852,189,282493
42101003702,5,6,2,2,7,2,13,0,91.599998,17.409132,6.773399,3.1780539,16.765152,8729.167,6.7941957,162,280795
42101003800,23,12,4,0,6,21,10,1,84,14.553879,12.268266,3.1672635,13.671235,4453.6816,2.4570024,355,281099
42101003901,20,21,0,4,7,22,18,0,92.099998,17.020947,4.5209275,3.1869817,13.359442,7555.5557,7.0736432,857,279513
42101003902,6,8,0,1,2,6,7,0,80.900002,15.168262,4.4922188,3.1420305,14.270865,3560,6.4367814,739,280743
42101004001,18,17,7,2,6,15,12,0,92.599998,16.430519,4.9640109,3.1932249,8.0435772,7459.0161,4.1686406,330,281798
42101004002,14,9,3,0,4,57,8,1,91.300003,16.01825,4.5693397,3.2140212,17.856606,10586.466,3.1263959,1333,279901
42101004101,5,6,2,1,6,4,22,0,79.099998,15.235887,3.8800705,3.1788452,7.1819663,2784.7224,8.8551855,272,281558
42101004102,5,6,0,0,5,5,20,0,79,17.324738,2.344232,3.1872337,16.777676,1178.808,14.840047,51,277717
42101004201,5,4,0,2,1,6,10,1,82.5,13.755395,3.3732501,3.205143,4.2432723,1085.7142,2.8018942,80,279146
42101004202,4,4,0,1,3,5,6,0,82.099998,15.560001,2.7418723,3.1807356,3.3795171,9588.5713,8.036952,489,279062
42101005400,2,0,0,0,2,1,1,0,9.6999998,10.667,5.5096419,2.3025851,14.401155,119.21458,5.5706525,84,57676
42101005500,5,1,0,1,9,1,2,1,46.299999,14.963345,4.4560541,2.6543748,17.506964,829.26831,13.122761,192,120664
42101005600,8,1,2,0,1,0,1,0,35.799999,14.333,10.385757,2.4846447,8.8220491,1370.3704,21.830986,77,104493
42101006000,7,3,0,2,11,11,9,0,61.700001,15.490911,5.8419244,2.8927474,18.582235,1353.9192,18.072289,363,211821
42101006100,2,2,0,1,3,0,4,0,63.700001,14.561516,4.156276,3.1100805,15.330631,815.534,16.827696,38,248479
42101006200,5,7,0,1,4,1,7,0,83.599998,13.712984,4.4747496,3.0956814,16.032675,1284.264,30.794886,187,251669
42101006300,1,6,1,2,18,2,18,1,71.599998,15.700811,6.539367,3.0468969,18.529192,1176.7441,21.119999,173,246670
42101006400,1,0,0,0,9,1,8,0,56.700001,15.585166,5.0691244,3.0349398,20.834145,1180.7229,23.19688,154,247281
42101006500,6,3,0,0,10,3,3,1,37.5,12.990192,4.8574446,3.2957475,30.596178,282.0513,25.448719,137,270129
42101006600,34,11,2,4,4,2,25,0,76.800003,15.204432,6.6085118,3.1686788,14.498061,2143.4265,19.458897,170,262495
42101006700,3,3,0,2,10,4,10,0,66.5,14.045031,6.266786,3.1362467,16.479296,813.95349,19.255928,174,265157
42101006900,1,5,0,0,2,0,6,0,43.400002,12.442226,2.8985507,3.2358353,14.94847,1540.441,13.548388,164,276121
42101007000,2,4,0,1,5,0,7,0,83.5,15.383307,3.4623218,3.2822227,32.635517,2077.3481,17.825022,260,283666
42101007101,3,5,0,0,8,3,7,0,81.800003,16.354279,5.7568574,3.3294697,37.175285,3765.3062,9.6433287,271,280641
42101007102,5,3,0,2,10,1,8,0,83.599998,13.787019,1.8618122,3.353843,38.460445,540.37268,19.399401,126,278212
42101007200,6,6,0,3,8,2,8,0,76,14.119732,3.1305903,3.3674796,36.219551,2520.6184,6.0407567,113,271142
42101007300,2,5,0,0,15,3,4,0,78.099998,13.485723,2.9135643,3.3608117,37.782986,510.06711,7.5085325,65,288212
42101007400,4,8,0,3,16,3,7,1,72.300003,14.605893,8.3872514,3.3464091,34.34309,969.34863,8.089098,157,286623
42101007700,4,4,0,1,2,1,2,0,56.400002,15.833,7.1548822,3.438153,11.564871,30532.258,9.5823097,3697,302628
42101007800,7,16,0,4,12,3,13,0,67,15.659328,6.097561,3.40979,23.538446,2466.6665,15.361953,394,287308
42101007900,2,2,0,4,7,8,5,0,68.800003,14.581629,3.1665611,3.4002805,12.585551,1458.9042,9.5873785,70,291489
42101008000,8,8,1,1,7,16,7,0,71.900002,14.509402,2.8417164,3.3544395,26.446749,6301.2051,16.526611,1229,279834
42101008101,1,1,0,0,3,0,6,0,79.900002,14.940989,4.7909408,3.3731689,32.498348,1436.1703,22.748814,115,272773
42101008102,5,3,0,3,7,0,6,0,80.699997,12.983895,1.1709602,3.3582716,31.246923,392.85715,22.559652,105,277540
42101008200,4,5,0,2,20,3,6,1,59.700001,13.29789,1.789549,3.3007569,23.701946,308.41119,30.449018,129,255296
42101008301,2,2,0,4,10,1,3,0,57.799999,14.421887,4.3558001,3.1764214,23.430849,2517.7666,23.63077,487,250611
42101008302,15,10,0,2,15,3,16,0,76.400002,15.933997,5.8726803,3.2800777,30.175329,1207.317,24.721735,180,255079
42101008400,4,5,0,1,20,7,8,0,81.400002,14.782568,6.205158,3.3128865,29.990622,3561.8555,8.8016253,421,278322
42101008500,39,14,3,2,21,10,16,1,76.900002,14.629499,5.4969544,3.3623979,20.371399,2587.5,13.772895,231,285504
42101008601,8,7,0,1,7,3,3,1,74.5,16.132776,4.778157,3.4305897,9.3865337,3309.2783,7.0104284,232,294550
42101008602,4,1,0,1,6,0,4,0,84.099998,15.894172,8.1993062,3.4172282,10.002255,3629.3704,12.611879,329,293406
42101008701,2,14,0,0,1,6,7,0,74.900002,14.81995,1.8102824,3.4666395,8.5946159,4300,8.4542065,97,306878
42101008702,2,9,0,0,3,4,6,0,74.699997,16.553913,5.2742616,3.4224913,8.4929972,5963.3027,6.199461,574,307008
42101008801,0,13,0,4,9,16,1,1,80.400002,16.333,7.3691968,3.4011974,9.0719929,16098.591,1.2681159,576,308048
42101008802,14,24,4,10,7,4,6,3,73.900002,13.243048,2.7037988,3.3785121,6.6409521,10350.994,2.1978023,1327,306422
42101009000,2,5,1,9,1,17,4,0,69.5,16.640337,4.5798487,3.4439671,14.553762,5380.9526,11.046512,340,312774
42101009100,5,6,3,1,10,26,1,1,74,17.313465,9.6364433,3.3795276,18.508045,21664.633,9.3069305,12945,301499
42101009200,6,1,0,1,8,2,2,0,60.900002,13.718903,5.6802045,3.4314415,8.1227798,1328.2828,16.711349,212,304331
42101009300,8,10,0,2,3,1,18,0,70.900002,13.892147,4.0355125,3.392519,26.038919,703.22583,17.686171,62,291173
42101009400,4,1,3,0,10,1,10,0,72.900002,13.689984,3.7248572,3.3397021,38.349014,992.9577,10.911925,179,282017
42101009500,5,3,0,1,5,1,9,0,77.599998,14.333544,3.7111048,3.2296598,41.125881,1000,22.162161,138,276842
42101009600,6,7,0,1,11,2,11,0,74.800003,13.606206,4.3698252,3.1110649,34.923744,858.97437,26.554893,83,253879
42101009801,6,11,0,1,10,8,11,1,71.300003,17.257071,7.6164875,2.8058279,14.614333,5443.478,13.059033,251,107903
42101009802,18,6,2,4,5,3,5,0,58.700001,14.756802,3.5714286,2.8269596,12.847898,1690.678,19.545767,113,106660
42101010000,7,8,2,5,11,2,9,0,74,14.34304,2.9761905,3.0307665,11.012935,3072.9167,16.830601,309,197005
42101010100,9,11,0,1,14,3,19,0,71.699997,13.961375,5.9926542,3.1296175,23.262815,724.13794,34.405144,82,248243
42101010200,4,1,0,0,9,4,7,1,70.699997,14.357593,4.0788579,3.3488224,41.918892,1726.6188,19.282051,119,286806
42101010300,3,1,0,1,7,0,3,0,69.400002,13.463102,4.7942469,3.4001813,36.318302,678.89911,23.314608,63,289815
42101010400,1,1,0,2,3,44,5,0,64.099998,15.247251,3.7998733,3.4061294,15.768837,3741.7583,36.126225,780,292459
42101010500,4,11,0,1,6,1,2,0,65.300003,17.034187,11.037528,3.394664,12.958747,4066.929,25.651302,859,295125
42101010600,7,9,0,0,12,1,8,0,66.900002,15.799619,9.9220411,3.3966687,10.734828,1539.2157,14.177216,90,300996
42101010700,9,8,1,2,20,3,11,0,69.699997,16.433233,5.8910162,3.4299269,18.853868,1275.2809,11.393806,220,294270
42101010800,2,2,0,2,23,0,3,0,66.599998,14.197413,8.7006961,3.434185,18.936304,477.87613,26.920315,117,308389
42101010900,2,0,0,0,3,0,3,1,72.400002,14.795554,6.088993,3.4657359,19.151487,2250,14.730538,198,308613
42101011000,2,2,0,1,14,5,9,0,67.800003,13.823539,6.6512435,3.4436257,43.362434,1032.7869,17.145422,171,284303
42101011100,15,14,2,5,24,8,12,0,61.299999,16.006678,12.614679,3.4123297,36.053829,4247.0122,20.07435,1068,280729
42101011200,0,5,0,1,16,2,19,0,69.300003,13.599754,2.9373967,3.3052409,34.572002,1381.4432,18.089888,246,274340
42101011300,2,2,0,2,2,0,3,0,73.199997,13.49394,5.5788006,3.289546,22.900179,2480.6204,20.478327,120,262422
42101011400,7,7,2,2,27,2,6,0,60.5,13.525191,4.7443332,3.1115477,15.637668,1691.4894,16.37392,269,234363
42101011500,4,2,0,0,2,3,4,0,73,14.137506,4.0160643,3.0184486,13.274837,881.11884,16.086548,86,196295
42101011700,4,1,0,1,8,0,2,1,37.099998,13.333,7.7352815,3.1469817,25,5687.7471,12.424242,1814,208523
42101011800,5,3,0,4,11,2,3,0,69.400002,13.071824,3.6244391,3.2854211,24.641464,453.25781,21.617163,80,254388
42101011900,5,7,0,2,24,4,8,0,57.099998,13.389226,3.7537538,3.3943391,27.555002,876.40454,19.927755,333,272266
42101012000,5,3,0,4,8,10,1,1,33.799999,16.54586,8.719346,3.256501,24.4944,1728.4484,11.881188,196,248833
42101012100,7,10,2,2,4,6,2,1,29.6,13.234949,5.6347365,3.3220453,24.259254,3353.9824,12.954333,1124,263345
42101012201,2,4,0,0,0,4,4,0,47.700001,11.118612,3.4626039,3.3672957,12.837891,1931.9728,10.590137,290,276659
42101012203,1,3,0,3,0,8,0,0,60.5,13.667,3.1372549,3.3322046,11.069997,6459.7705,14.655172,239,257600
42101012204,8,12,3,4,4,41,4,0,47.900002,14.161808,8.9011664,3.368191,24.13426,9564.0244,17.165005,2879,276790
42101012500,13,18,4,4,9,36,8,6,65,17.129467,10.714286,3.4430623,11.063536,33856.289,5.2702703,6350,313305
42101013100,1,0,0,6,9,0,4,0,70.300003,17.248205,5.4384772,3.4225311,31.924007,1274.1936,7.121212,143,302523
42101013200,3,6,0,2,10,1,5,0,76.900002,16.5,8.6013463,3.43887,38.614525,3424.2422,13.636364,536,304316
42101013300,5,21,2,5,14,4,6,0,83.699997,16.942411,8.8828152,3.4838068,25.887636,33630.438,8.1345568,1455,301108
42101013401,5,14,2,6,5,22,3,0,81.900002,17.538692,4.2625746,3.4681368,15.053763,8507.9365,6.1068702,253,307517
42101013402,6,6,1,0,7,3,5,0,78.5,15.900524,4.6511628,3.4783173,10.294588,6043.478,12.93723,163,297676
42101013500,2,4,0,3,3,3,5,0,73.599998,14.968497,3.5874439,3.5061719,21.750132,2141.0256,6.3610849,226,302058
42101013601,1,7,0,3,1,9,0,0,87.400002,17.066414,7.4738416,3.4799883,15.422307,7800.0005,12.166003,556,303005
42101013602,3,4,0,1,4,3,3,0,88.5,12.424639,2.7314941,3.4965076,20.796661,1087.9121,10.922113,82,303856
42101013700,9,11,1,1,9,2,11,0,76.400002,13.833519,5.4794521,3.4963131,21.371563,1223.6842,7.150259,244,300384
42101013800,4,5,0,0,7,1,4,0,73.099998,15.645745,2.9615005,3.4965076,22.831556,1250,19.025875,103,303982
42101013900,1,3,0,2,11,0,4,0,65.300003,14.359451,6.0186578,3.5030453,36.27454,3539.1707,20.200752,685,301732
42101014000,4,3,0,5,20,9,7,0,72.099998,15.043843,10.97561,3.525666,41.885895,3335.2942,9.2805758,656,304479
42101014100,10,6,1,2,9,2,10,0,73.800003,17.126919,13.353878,3.4489861,36.726246,4451.6133,8.9179544,1101,305782
42101014200,22,33,5,7,4,7,7,0,57.700001,18.055973,7.0921986,3.4090941,37.610394,10478.688,7.2535439,1859,295026
42101014300,5,14,2,1,3,6,7,0,52.900002,17.205193,8.1855389,3.3788462,24.793285,4150,10.357471,500,297107
42101014400,10,11,0,2,8,3,11,0,80.5,17.246506,6.6645509,3.4211874,25.101341,4293.6172,5.2057514,456,305098
42101014500,0,1,0,0,5,1,3,0,68.5,16.497786,9.9812851,3.465795,22.890299,4548.3872,13.404255,481,306446
42101014600,6,4,4,2,9,4,2,0,73.300003,15.377643,6.6889632,3.4965076,40.670216,2552.3254,6.0109291,230,304895
42101014700,10,6,0,3,10,2,8,0,74.599998,15.755608,5.8713638,3.5402031,52.197701,6415.3848,23.902895,525,303970
42101014800,4,0,0,0,6,0,6,0,66.300003,15.167,19.178082,3.5039368,65.546219,445.94595,9.5588236,45,298884
42101014900,3,5,1,1,16,2,7,2,72.400002,14.435276,9.6663548,3.4935749,24.326366,731.42859,21.297297,164,300049
42101015101,1,1,0,1,8,0,0,0,74.900002,14.097528,2.582867,3.4657359,12.747629,173.33333,22.359156,73,300726
42101015102,4,6,0,1,10,2,4,0,69.300003,14.239617,5.7142857,3.4842966,15.306176,1697.6744,25.318066,237,298278
42101015200,2,4,0,0,12,6,7,0,72.099998,14.579951,1.5913431,3.4974182,55.483322,2220.9304,22.25633,625,298022
42101015300,8,2,0,2,10,0,6,0,72.400002,13.447265,3.5714286,3.5363722,50.139015,1320.442,8,221,300602
42101015600,1,2,0,0,5,2,5,0,81.300003,16.949261,7.5921909,3.4657359,17.619556,2921.6868,15.800001,44,305213
42101015700,4,11,0,1,7,1,9,0,85.599998,15.631577,7.5,3.4371028,15.932502,3887.7004,8.2429495,276,296694
42101015800,13,17,1,4,7,7,6,1,80.300003,14.668328,4.1049438,3.3929615,13.178402,2522.3213,14.730353,402,299993
42101016000,7,16,4,2,7,5,7,0,84.5,16.777044,7.4385965,3.353174,11.870856,2640.2878,9.5657272,211,294452
42101016100,27,16,0,1,15,6,14,0,84.5,16.300106,8.1397657,3.3947959,12.163239,2853.4797,8.3015995,400,293791
42101016200,3,6,0,0,12,0,8,1,75.599998,17.15147,12.820513,3.4840868,17.605783,4787.2339,12.676056,236,300876
42101016300,3,5,0,0,12,19,11,0,83,16.361916,5.7979017,3.427978,15.737528,8429.8643,17.8934,1580,303076
42101016400,14,11,1,1,9,3,9,0,79.599998,14.075499,3.6032217,3.5133374,20.610746,1604.2781,7.5027995,366,299672
42101016500,3,5,1,1,11,1,4,0,71.300003,15.951095,11.512297,3.5271358,26.442213,703.94739,23.529411,74,301591
42101016600,3,8,0,4,7,12,3,0,77.800003,15.837372,10.281014,3.5246491,20.642319,3970.2969,22.294022,482,300266
42101016701,4,1,0,0,7,0,4,0,71.699997,13.080417,4.3196544,3.5200615,39.753883,91.836739,26.567163,42,300491
42101016702,1,3,1,0,13,0,9,0,77.300003,14.82945,7.222587,3.5231137,30.967854,2379.5623,17.917677,170,299909
42101016800,3,9,0,2,13,0,13,0,69.900002,13.233902,5.1353875,3.4979637,39.041008,1178.5714,19.351669,187,298600
42101016901,9,4,0,0,22,2,8,2,74.900002,15.564726,5.8062813,3.4781651,18.345299,1484.8485,25.522041,152,298297
42101016902,1,6,0,0,13,1,7,2,73.699997,14.476669,6.4435296,3.469938,11.266573,981.65143,33.029045,195,300079
42101017000,5,4,0,1,8,6,5,0,59.299999,14.939032,15.721121,3.4027491,15.913576,3391.0891,16.987741,1371,287348
42101017100,1,4,1,0,6,0,11,0,55.5,14.565285,10.815308,3.481132,19.493347,1511.3636,19.854401,329,287196
42101017201,1,8,0,1,7,0,4,0,78.900002,16.423038,2.8176951,3.4767661,20.033503,2813.7256,19.749517,240,297319
42101017202,2,5,0,2,5,4,6,0,73.800003,13.542007,2.3061401,3.4697573,16.598682,910.71423,11.413749,126,296286
42101017300,11,5,1,2,15,8,8,0,78.900002,15.687834,8.3597579,3.496676,28.738226,3180.4734,14.802631,394,296672
42101017400,5,2,1,2,12,0,4,0,71.699997,16.68745,5.2256532,3.5281324,31.573814,2883.2119,7.7405853,395,297692
42101017500,10,10,0,1,14,3,29,1,76.800003,14.654469,3.4008576,3.4602959,32.805847,1464.0288,24.950624,361,295491
42101017601,7,12,1,1,9,9,23,0,82.199997,16.120468,3.8476337,3.3814669,23.623508,5361.6069,21.128107,969,298501
42101017602,2,8,1,0,8,5,12,0,78.300003,14.055222,2.9498525,3.3357937,15.626456,2529.0322,21.475258,287,298186
42101017701,7,9,0,0,2,9,14,1,81.400002,14.492313,4.2579075,3.3063633,21.010857,4333.333,31.165918,323,254465
42101017702,1,7,0,0,6,0,18,0,83.199997,14.350205,1.9017433,3.3218868,15.078828,8201.0586,9.1644201,231,289415
42101017800,17,12,1,1,11,4,28,0,85.900002,15.869475,4.8997091,3.2641485,14.431904,3749.9998,23.672131,502,288724
42101017900,4,9,1,0,4,13,15,0,78,16.769289,3.1796502,3.198169,11.922945,1753.6233,16.463737,192,290123
42101018001,1,3,0,4,0,0,3,0,72.800003,15.830749,7.4039796,3.221297,11.990364,1453.3333,5.1244507,101,290222
42101018002,7,7,2,2,1,7,6,2,87.099998,15.753538,2.4549918,3.1697619,11.587971,2194.1177,15.663141,175,251950
42101018300,6,1,0,6,3,7,4,0,57.799999,14.142236,5.6455572,2.4383471,24.690329,1790.9604,7.705008,261,105927
42101018400,2,0,2,3,3,1,1,0,43.5,13.395579,4.5167118,2.3978953,21.621622,514.11292,11.698113,72,93243
42101018800,5,10,2,2,7,6,23,0,87.5,14.275899,3.0175015,3.1275403,28.89826,2277.3438,7.587822,294,242881
42101019000,5,12,3,5,7,4,18,0,80.900002,15.518508,2.54842,2.9755101,18.587776,2458.4717,9.0632401,336,105794
42101019100,6,9,3,0,7,11,7,0,73.5,14.832334,3.3007658,3.0249927,17.63537,2379.4963,16.864344,973,160178
42101019200,2,2,0,2,5,3,14,0,83.800003,14.192091,1.5078083,3.2780845,20.683392,1279.5275,9.7050428,143,245704
42101019501,12,8,1,1,1,3,12,0,83.599998,15.831209,2.7874564,3.3433812,16.958164,3559.2107,19.038816,401,295469
42101019502,2,2,0,0,12,16,5,2,84.199997,13.492967,1.6168149,3.346097,18.929749,1314.6853,28.496733,85,263486
42101019700,2,9,0,1,9,3,16,0,77.900002,14.278758,2.1024178,3.2521379,20.384602,2143.6782,20.343462,872,234689
42101019800,2,10,1,0,12,0,12,0,78.400002,15.187593,4.7724561,3.3425097,23.778481,1564.5933,17.65357,184,260017
42101019900,4,7,0,0,18,2,14,0,80.699997,14.330904,4.9208387,3.414634,32.935745,2156.25,17.487045,491,290906
42101020000,11,10,2,0,12,62,8,2,81.400002,15.808001,18.991965,3.4966338,36.614525,44057.375,14.095744,6079,294705
42101020101,2,1,0,2,10,1,4,0,71.400002,14.143816,5.3124209,3.4861612,37.182755,13844.919,22.294373,2802,295001
42101020102,6,4,0,1,11,4,5,0,74.800003,14.170189,8.0552359,3.3768289,39.348484,2125,7.1508379,365,283212
42101020200,7,4,1,2,12,7,7,1,66.400002,14.455762,6.2353858,3.4493525,39.947094,1205.4795,9.8818474,303,286367
42101020300,12,6,1,0,16,3,10,0,72.699997,18.672493,11.30742,3.3227141,34.135216,2913.2654,22.161423,192,281194
42101020400,5,5,0,5,9,1,4,0,70,14.663376,6.6271364,3.1955304,22.47809,1267.5159,8.3687944,122,232795
42101020500,7,2,0,2,6,3,3,0,73.5,14.423909,13.504611,3.2914166,30.564402,2681.1594,9.7523222,998,282218
42101020600,2,3,0,5,3,7,2,1,35.299999,13.833,9.1876209,3.1660001,16.169195,7048,3.7634411,3161,261885
42101020700,6,13,2,2,4,17,7,3,45.799999,15.507472,5.112835,3.363447,16.316172,1542.6498,7.4295192,727,273682
42101020800,3,2,0,2,0,4,1,1,19.5,10.340425,2.6052974,3.0929749,5.7198386,2514.7058,6.8119893,1028,217614
42101020900,4,4,1,2,2,3,1,0,60.900002,14.074791,7.460156,3.1122072,10.238567,3883.2488,8.7605457,495,200012
42101021000,23,27,1,7,7,9,8,0,64.300003,15.896573,6.4724919,2.8057113,11.688018,3120.8459,8.4033613,433,96578
42101021100,2,3,3,3,0,34,5,0,50.200001,14.93951,6.5530799,2.9076149,8.9907789,1784.689,4.9789624,981,92000
42101021200,5,6,1,0,1,4,6,1,44.200001,14.320539,6.5390005,2.6511736,11.645494,2125.6282,5.7142859,91,71056
42101021300,6,10,3,3,6,10,1,0,62.400002,14.093457,8.1326243,2.5895269,13.737802,1490.3846,17.241379,334,72783
42101021400,19,22,0,1,7,5,9,1,64.400002,15.054315,2.4775472,2.6241508,14.325599,2799.1453,4.883081,197,79178
42101021500,3,3,0,2,2,5,4,0,42.900002,13.802023,5.9305281,2.5649493,14.642902,803.61755,10.478548,261,73535
42101021600,5,4,4,2,1,4,3,0,28.9,13.801713,10.27027,2.5548098,14.63917,1267.8804,15.615836,184,67931
42101021700,4,5,2,1,3,8,5,0,40.900002,12.714126,2.6203734,2.5494006,14.450632,2039.8671,8.0918732,710,71212
42101021800,3,1,0,1,3,8,3,0,30.9,13.570472,3.8149738,2.5524836,14.407258,774.026,8.5195007,197,67978
42101021900,2,1,0,1,5,4,1,1,11.2,13.333,4.2223786,2.5144792,14.782318,270.22058,11.294416,83,63086
42101022000,0,0,0,1,2,4,0,0,7.6999998,10.833,4.4817927,2.5808227,14.027145,529.4635,9.160306,508,77245
42101023100,2,4,0,2,1,7,2,0,17.200001,16.5,5.9271804,2.6297348,13.49436,1522.9683,11.692307,369,55580
42101023500,2,1,0,1,6,5,2,0,12.1,12,4.0883074,2.7558477,9.3403378,254.1806,5.8098593,50,71131
42101023600,10,5,0,2,7,11,2,0,20.200001,16.141623,9.6805421,2.6288218,12.71864,1830.6879,5.1282053,480,70467
42101023700,9,5,1,1,15,5,3,0,32,14.179237,2.4650781,2.6220818,11.799019,2159.4202,11.19186,797,73452
42101023800,4,3,0,1,9,13,5,1,41,13.85104,6.2405853,2.7201774,13.133957,2198.6755,16.493055,606,77977
42101023900,0,0,0,0,3,3,0,0,21.299999,13.569966,10.190217,2.902931,8.052969,1409.5745,8.8952656,167,74728
42101024000,6,5,0,1,10,11,7,1,52.5,15.464137,6.0542248,2.9868734,8.8268394,2105.042,9.7767048,332,110838
42101024100,26,8,3,1,11,10,9,3,59.400002,16.833,20.8901,2.9505606,8.0842915,9751.5918,15.343915,1038,86332
42101024200,8,5,0,6,17,15,2,1,52.099998,14.503666,6.6193853,3.016366,8.4560919,2902.439,11.398964,548,107538
42101024300,3,0,0,2,6,4,4,0,44.599998,12.687129,3.4699631,3.211345,17.298185,1019.084,11.663808,215,218843
42101024400,4,3,0,0,11,0,6,0,55.900002,14.002888,3.5438144,3.1191306,9.8032894,1012.2699,20.78978,117,182927
42101024500,7,3,0,2,7,2,4,0,47.5,13.242869,3.9128004,2.9366875,13.799971,1543.6895,17.799044,338,89920
42101024600,25,7,2,3,16,5,13,0,57.5,14.559863,4.5952633,2.8095272,29.118059,3358.3335,7.7864299,661,82311
42101024700,3,4,2,3,19,1,13,0,48.200001,14.139603,5.8836348,2.788106,37.580936,1170.7988,5.8303885,134,81634
42101024800,1,3,0,1,3,3,2,0,56.799999,13.943976,5.9715204,2.7522171,35.43631,544.71545,11.308767,95,79545
42101024900,1,5,0,0,6,0,4,0,62.200001,13.638447,3.3678756,2.6596646,39.578365,325.39682,32.167046,61,77517
42101025200,11,6,0,3,17,5,8,0,52.200001,14.452529,3.4277009,2.6967068,19.362288,2048.9131,15.340909,736,76302
42101025300,8,9,0,3,5,6,5,0,54.400002,14.702066,3.671072,2.6113808,14.514191,2424.1072,23.393167,262,70137
42101025400,10,2,0,4,8,3,3,1,45,13.32344,4.045853,2.5800948,15.753752,245.79126,13.834196,60,67859
42101025500,5,4,0,0,11,9,3,2,30.9,13.707996,7.2790295,2.5733933,11.22045,868.24323,17.758484,212,62890
42101025600,3,2,0,3,14,6,2,1,24.700001,14.266962,3.1960227,2.5217931,10.60592,1293.4132,18.922853,320,62444
42101025700,16,6,2,2,3,20,7,1,44.599998,15.040893,5.4019701,2.4015179,12.446527,2294.1177,5.4189663,256,55485
42101025800,1,1,1,2,7,3,0,0,28.1,14.5,5.0188206,2.2593977,6.7815175,229.07489,21.267607,36,49750
42101025900,16,8,1,2,8,12,7,1,65.099998,14.088834,5.6318991,2.1972246,5.4838614,1632.0754,20.202021,219,61145
42101026000,5,1,0,3,12,3,2,0,50,13.700155,3.5373187,2.1974146,6.5190072,642.85718,16.309013,67,51738
42101026100,3,2,0,5,11,3,5,0,54.099998,14.638957,5.3705693,2.3537719,8.9440508,1095.6176,13.618975,141,64119
42101026200,1,0,0,1,4,4,1,0,53.700001,12.931623,3.6208733,2.4027145,20.463276,51.162788,22.038567,25,67224
42101026301,4,5,0,3,16,4,5,0,63.799999,13.93347,1.7194792,2.3390217,11.108836,414.01273,18.833227,73,58594
42101026302,8,8,0,3,15,12,5,2,65.300003,14.471004,5.3903346,2.3607645,26.254585,1150.7352,26.1035,165,61930
42101026400,10,6,0,1,7,4,3,0,52.900002,13.484549,2.9906542,2.4313674,26.623266,879.87012,13.471714,204,69492
42101026500,9,5,0,2,12,3,12,0,63.400002,13.681535,1.2644889,2.4252334,28.844988,1298.5782,22.329651,197,64409
42101026600,5,8,0,3,12,8,10,0,49.099998,13.558156,2.586338,2.3048649,20.354465,691.21814,14.966887,169,64212
42101026700,4,4,0,1,20,2,8,0,73.099998,14.563182,3.7094281,2.4751599,14.768458,678.71484,18.469217,151,68511
42101026800,5,9,0,3,11,8,8,0,53.400002,16.041801,8.3657588,2.3927708,11.757116,3130.4348,26.098192,1633,68200
42101026900,4,4,0,1,11,0,0,2,31,14.678814,8.9453861,2.4116173,16.118044,2084.3882,9.7708082,404,70180
42101027000,7,0,0,2,11,1,0,0,33.5,14.195359,9.3167702,2.4648659,14.709684,370.96774,10.722795,59,72422
42101027100,4,4,3,0,11,0,1,0,59.400002,13.49422,6.1270558,2.4724176,13.841867,854.16669,18.738739,84,70050
42101027200,5,3,0,3,9,2,6,0,45.799999,12.853594,4.2448615,2.4849067,13.427708,889.31299,19.505095,144,72448
42101027300,11,9,2,1,7,10,6,0,62,14.561457,5.2512064,2.474592,11.877213,2071.8232,17.618071,245,71136
42101027401,22,22,3,1,8,8,14,1,72.699997,16.051359,5.3577056,2.52724,12.421648,3571.4285,17.003105,280,73119
42101027402,2,7,0,0,11,6,6,0,72.699997,12.922984,1.0601643,2.474056,12.527966,538.07104,27.722063,81,72914
42101027500,10,3,1,0,10,7,4,0,54.700001,15.302818,4.3706294,2.5874696,13.229748,1393.1624,15.92013,129,72561
42101027600,7,3,1,0,11,10,4,1,65.900002,14.528281,5.8982551,2.5749645,14.073298,2253.9063,23.763119,299,74460
42101027700,6,3,0,3,18,4,11,0,65.400002,14.109138,4.8879837,2.6331136,27.365253,1287.0813,23.380093,271,78900
42101027800,18,7,0,1,5,7,9,1,64.599998,15.296192,8.4638172,2.7163572,13.454231,2050,12.950601,447,85712
42101027901,6,1,0,1,8,0,4,0,64.800003,13.348763,2.6573998,2.7132154,30.970478,347.82608,17.171717,67,83439
42101027902,4,1,0,0,0,0,2,1,40.299999,13.674771,3.4980324,2.7783737,21.437958,4183.1392,11.39767,1298,84333
42101028000,2,3,0,0,14,0,13,1,65.099998,13.699327,3.426222,3.0397532,15.289501,913.35736,16.924564,151,116360
42101028100,4,7,0,1,9,0,5,0,60.900002,15.592616,5.3555489,2.865211,16.880846,1726.8041,16.602068,180,95656
42101028200,12,11,1,3,15,54,12,1,64.099998,14.208578,9.8166327,2.6604342,17.289381,22269.695,17.585445,6004,85959
42101028300,12,10,2,3,16,6,14,0,67.300003,13.829073,4.3352601,2.9090755,19.151115,1092.3077,10.469314,187,118993
42101028400,1,0,0,0,10,1,4,0,67,14.468368,6.0728745,2.863157,17.198387,700,8.0172415,132,104233
42101028500,4,1,0,3,2,0,0,0,72.400002,17.5,4.7291488,2.6403153,15.798484,2184.4661,14.169571,148,89867
42101028600,15,10,0,1,11,5,24,0,71.300003,14.711616,3.3587392,2.6581454,11.912621,2187.7256,19.989929,358,84973
42101028700,5,10,1,1,6,8,6,0,80.300003,15.972291,6.8686869,2.9073675,16.663418,1280.303,7.4550128,66,127611
42101028800,4,11,1,0,10,0,11,1,78.599998,16.603395,4.5996237,2.8504832,10.047602,2836.2573,19.141323,181,105534
42101028901,3,9,0,1,5,3,7,0,72.400002,14.399945,1.4104372,2.8070881,7.9620185,2675.3247,10.379746,129,103694
42101028902,3,1,0,4,3,5,17,0,44.400002,11.985397,1.3904338,2.6121807,7.8186393,302.01343,28.186274,41,79240
42101029000,2,5,0,2,16,2,7,0,52.900002,14.773511,4.8144122,2.5107713,12.392394,1316.4557,22.938944,186,72639
42101029100,11,11,1,0,10,8,10,1,63.599998,13.513207,7.6824584,2.475044,17.381289,5617.9336,13.495025,201,72194
42101029200,5,5,0,0,1,19,7,0,26.4,12.625336,10.204082,2.4889038,16.473206,2349.7756,15.545362,1832,75930
42101029300,3,2,0,0,5,0,5,0,73.5,16.129837,7.4100212,2.6698203,15.026501,3449.0569,32.398754,161,81514
42101029400,9,7,1,2,12,0,10,0,76,17.302824,8.8888889,2.6560328,22.058718,2268,16.069057,279,75949
42101029800,0,1,0,2,1,2,9,0,70.5,14.108994,4.9958368,2.2022765,14.87809,1382.4702,15.685131,379,69373
42101029900,1,4,0,0,2,0,4,0,68.5,14.505492,4.2382858,2.3337216,18.76095,1092.1052,26.803341,202,71598
42101030000,23,19,4,2,11,18,27,1,69.699997,14.747428,3.3513792,2.263983,21.441406,5616.4775,24.488802,1427,75157
42101030100,3,2,0,1,6,3,3,0,57.700001,12.399164,3.8251366,2.4701469,19.366959,621.42859,34.294384,153,76165
42101030200,4,6,0,3,11,8,10,0,69.099998,15.77319,7.6403174,2.3187954,26.692781,2704.0229,12.095401,575,72571
42101030501,7,2,0,1,7,6,2,1,75.5,13.255653,1.5869867,2.3978953,22.358624,5356.1646,30.672794,677,74005
42101030502,4,8,2,3,9,7,7,0,58.900002,13.896399,1.6196955,2.4677536,16.447971,1007.4073,17.294823,141,67376
42101030600,15,8,2,3,22,16,3,0,58.5,15.199487,3.9173308,2.2407711,14.499319,2622.1079,13.161969,753,66651
42101030700,9,2,2,2,4,20,4,0,56.799999,16.857704,4.0516586,2.0717554,9.5874434,2702.3809,21.457258,436,63841
42101030800,4,3,1,4,4,11,0,0,52.599998,12.763004,3.8672909,1.9970744,15.752732,452.76871,8.4219475,94,63565
42101030900,11,7,1,1,2,1,7,0,58.400002,14.318292,5.3694158,2.0699813,12.152675,2702.8113,15.125628,143,68225
42101031000,5,5,0,1,8,8,5,1,59.400002,14.205315,1.3834738,2.0184669,9.5720654,2189.781,13.847932,549,68603
42101031101,7,2,0,3,11,0,3,0,83.199997,14.318477,2.0885547,1.9361178,11.910625,866.66663,21.628372,74,74877
42101031102,1,0,0,1,8,1,7,0,75.400002,14.373518,1.8757327,2.2680938,13.959049,1857.1428,15.128593,148,68353
42101031200,5,5,1,0,3,2,5,0,73.599998,14.054097,2.3324852,2.0705717,13.030469,933.73499,14.559585,77,66622
42101031300,24,14,6,4,5,20,15,0,73.400002,15.501229,5.2075114,1.9293543,8.8010664,2069.0908,26.671059,358,69701
42101031401,11,12,6,1,3,19,9,1,77.599998,15.135905,1.4742739,2.0403962,7.3105211,2443.4783,12.835736,247,65705
42101031402,30,6,2,1,4,7,7,0,71.800003,14.353389,2.5879917,2.025501,9.2987642,2302.7524,13.611756,52,63906
42101031501,7,5,0,1,6,10,3,0,73.400002,14.292928,2.5544959,1.9140823,9.4639139,1462.5551,20.659859,122,62527
42101031502,6,4,2,0,4,9,6,1,72.800003,15.433668,4.5945946,1.831699,11.375961,4470.8521,22.215496,502,63397
42101031600,8,3,2,2,3,6,10,0,78.599998,15.402623,3.8694482,1.9262629,10.434726,3565.2175,18.918919,275,65279
42101031700,4,7,0,0,4,8,5,1,58.799999,14.350855,5.2676296,2.03584,9.45753,782.35291,13.551077,104,66503
42101031800,3,0,0,1,2,1,6,0,70.300003,15.054811,4.9532196,2.150569,18.280584,1206.7039,22.891565,99,66796
42101031900,5,1,0,1,2,1,4,0,53.700001,13.134569,2.5695931,2.1605921,13.514335,819.39801,13.523573,25,65809
42101032000,7,7,3,4,2,3,8,0,71.699997,13.466899,0.79989335,2.0049829,12.114346,2391.6348,13.392552,131,66189
42101032100,5,5,1,2,7,1,4,0,71.300003,14.981345,2.3722234,2.180886,12.145431,1727.6996,13.854596,209,62012
42101032300,3,0,0,0,2,1,1,0,59.700001,14.048038,2.5567274,1.8121816,13.791393,909.48279,15.818517,24,61955
42101032500,10,7,3,2,9,10,7,2,64.800003,14.773959,1.8272425,1.7909639,12.869747,1577.1605,21.420118,369,62717
42101032600,12,7,4,3,10,20,7,0,74.199997,13.442517,2.8185729,1.7509964,10.007478,1469.6486,15.769522,196,56721
42101032900,6,5,2,4,9,12,5,1,55.700001,14.649209,5.9396531,1.9624242,5.8139534,1547.7528,17.875458,321,55957
42101033000,8,9,2,5,4,9,7,0,79.900002,14.477974,2.0415516,1.8833998,6.2365451,2363.9578,21.751646,314,51322
42101033101,6,2,0,0,3,9,5,0,73.699997,15.508249,2.7142303,1.9499074,7.2441673,2712.7661,8.3472452,267,53950
42101033102,2,2,0,1,6,5,2,0,53.400002,14.874367,4.0221217,2.0221217,7.0030069,2018.0504,14.137931,261,56785
42101033200,1,3,0,1,2,3,3,0,46.200001,13.882269,5.1319648,2.1463368,9.5583467,1587.5,12.00318,291,59849
42101033300,0,4,0,1,5,41,3,0,57.299999,13.76746,5.0984936,2.0932834,12.108035,6194.3735,9.2710543,2076,55615
42101033400,12,9,8,3,10,25,7,0,65.800003,16.521107,7.4539035,2.0785429,10.617367,3682.9788,26.132723,1022,62804
42101033500,8,7,2,0,7,12,10,0,68,16.74127,5.2287582,2.0399284,11.079529,6291.209,15.449916,877,63238
42101033600,8,6,0,3,5,16,10,0,57.200001,15.671934,4.414402,2.0630066,18.322557,1352.809,20.660622,336,62340
42101033701,8,5,3,3,3,34,7,0,56.799999,14.314399,4.7510845,2.1221938,16.596104,4382.979,19.197447,897,55047
42101033702,8,0,1,1,5,11,4,0,43.799999,12.019156,2.9990628,2.1165593,19.09672,350.4902,11.103127,74,53620
42101033800,6,5,0,1,9,5,5,0,50.900002,14.280494,6.1728395,2.0511014,21.443914,1092.4214,15.838279,223,62382
42101033900,5,1,1,0,3,47,2,0,38.200001,13.417046,8.2020997,1.9827912,24.293264,5571.4282,7.4790454,3568,64941
42101034000,7,1,1,0,2,3,1,0,41.200001,14.533813,4.5001607,1.9747583,23.874235,1098.3052,10.895884,228,64538
42101034100,7,3,1,1,8,11,6,1,49.700001,15.139191,5.3976822,1.904592,24.567299,1386.4078,9.9824247,246,62301
42101034200,3,0,0,0,0,3,0,0,31.5,12.639672,2.3788284,2.0013206,23.70406,1784.974,12.603967,682,61072
42101034400,7,7,3,4,10,6,6,0,30,12.404487,6.0075748,2.2039785,12.122294,669.96948,15.963411,680,56305
42101034501,3,1,0,4,7,7,2,0,50,12.25,2.897024,2.1592209,9.4917221,1046.2428,16.093536,133,50062
42101034502,12,9,1,2,6,48,5,0,55.400002,14.851348,5.4501413,2.1733439,7.410902,3379.4873,24.939856,1250,52396
42101034600,34,9,5,2,2,10,11,1,52.099998,14.667,6.3016936,2.1951261,14.493175,5724.8604,19.76923,2255,52705
42101034701,6,5,2,0,6,7,7,0,51.599998,12.964768,2.7497709,2.1051013,14.145267,747.17834,18.232622,117,56354
42101034702,4,4,0,3,11,1,2,0,42,13.322031,6.6712675,2.1976762,18.030138,1653.0613,14.622643,593,55519
42101034801,2,3,1,3,1,5,8,1,42.099998,14.545757,7.9098754,2.1396499,18.184593,1684.1121,14.072165,323,52250
42101034802,4,3,1,1,3,4,5,0,39.200001,12.195911,6.0677236,2.3146079,19.121576,285.71426,23.571428,185,51190
42101034803,5,1,0,2,3,1,3,0,36.299999,13.450841,4.6403712,2.2584009,17.020964,790.22406,13.55406,268,51298
42101034900,14,9,1,0,2,11,5,0,58,15.035045,4.4359949,2.0794415,9.9450426,1699.068,15.002007,433,54666
42101035100,7,5,0,0,1,5,3,0,29.4,13.424682,4.8338369,1.8579885,10.05002,898.70129,7.637363,208,44732
42101035200,7,3,1,1,3,11,3,0,34.900002,13.50347,3.8486209,1.9828613,10.180939,1081.6902,16.299559,659,45202
42101035301,2,4,1,0,2,3,4,0,38.900002,13.322262,3.9540576,2.0794415,6.5762935,5096.0449,9.7968073,2407,52307
42101035302,7,1,3,0,3,16,4,0,35.799999,15.007034,6.1988045,2.1910043,5.5730529,1020.7254,12.796697,286,57533
42101035500,13,10,10,4,6,35,10,0,49.400002,15.231647,5.6385678,2.1912501,4.6221418,2185.5203,26.743443,1146,56839
42101035601,10,10,2,3,9,36,7,0,36.200001,12.243309,3.7313433,2.1966696,6.9278078,1696.4286,13.794498,682,59800
42101035602,10,4,0,0,4,6,3,0,42.900002,13.693583,4.7619048,2.16452,8.0806684,2602.9685,16.863405,621,58147
42101035701,10,2,1,0,3,14,4,0,55.900002,13.386289,2.402796,2.0794415,9.2783337,3359.3074,11.364634,1379,51064
42101035702,14,3,1,2,4,4,2,0,45.700001,12.959689,2.0299416,2.1100826,8.8022528,1433.5548,13.422075,121,55058
42101035800,11,10,1,2,11,9,4,0,38,14.370605,4.6196997,2.0959635,11.583843,808.54193,13.97606,342,46996
42101035900,15,13,2,1,4,41,9,1,34.299999,14.78604,3.8767203,2.0794415,9.9268646,2136.1016,27.680698,894,52394
42101036000,12,3,1,2,3,2,2,0,63.400002,15.5,10.214864,2.1053379,7.4437962,4414.4487,10.802469,1313,53989
42101036100,3,1,0,1,0,1,2,0,40.099998,11.413598,3.0834915,1.9847486,7.345355,183.1579,18.070818,41,52856
42101036201,2,1,0,1,2,5,2,0,43.099998,13.654595,5.0251256,2.0147655,4.6623116,899.4975,11.847555,303,53868
42101036202,5,2,0,1,4,6,0,0,52.799999,14.351621,2.182385,1.9796171,5.9215236,781.90259,17.394367,213,54921
42101036203,6,6,2,8,1,9,2,1,38.900002,12.602317,2.2916667,2.051059,9.7291422,1080.7018,10.31543,287,53653
42101036301,110,7,2,3,1,6,10,0,56,14.433712,9.2641609,2.0302773,12.655517,4090.301,17.906618,309,52749
42101036302,3,0,0,1,2,0,1,0,53.400002,11.931544,1.994302,1.9459101,6.8596363,706.18555,18.277571,92,52710
42101036303,3,3,2,2,2,4,1,0,29.799999,12.208014,5.6949361,1.959022,10.740452,871.32727,14.112496,330,48845
42101036400,4,1,4,1,0,0,4,0,24.200001,13.5,90.909091,1.9459102,12.815465,2311.8525,22.580645,1805,51332
42101036501,14,17,1,2,6,3,8,0,33.799999,15.433525,6.4258423,1.9173834,12.075247,980.02856,15.312965,447,43811
42101036502,6,1,0,3,3,3,3,0,30.700001,11.764305,4.5982575,2.0108407,12.917319,502.24213,9.5669689,103,48107
42101036600,7,17,1,5,2,9,9,2,36,19.5,25.6917,3.2822485,21.648226,7518.041,7.9022989,1166,298824
42101036700,34,30,3,3,9,10,13,0,85.099998,19.000002,14.322917,3.388871,36.336086,11351.613,10.644678,4084,291170
42101036900,23,29,7,13,6,343,11,12,65.599998,14.68476,13.06036,3.3686314,14.915648,73707.523,11.05798,41512,308479
42101037200,17,10,3,1,4,5,10,0,68.699997,13.980611,6.0875673,3.1553836,29.550175,2073.0479,6.238698,272,277693
42101037300,13,13,4,3,1,8,5,0,39.299999,15.672716,5.423446,3.082849,16.251858,1246.7272,5.5688419,307,271477
42101037500,6,5,0,4,11,16,4,0,32,12.752029,6.405694,2.9831536,15.560183,1258.1454,3.1496062,417,143279
42101037600,25,19,5,13,8,7,8,1,90,17.792095,18.647008,3.3971846,28.913809,13274.368,12.181693,2866,302969
42101037700,2,4,1,3,15,1,9,3,76.099998,14.922212,4.8468399,3.4919095,22.3263,22729.824,11.179277,5323,303963
42101037800,16,6,3,3,5,5,8,0,42.099998,15.37817,13.422819,3.2100191,14.705219,1258.2644,8.3027182,265,245557
42101037900,14,7,4,6,7,6,10,0,81.800003,15.236172,4.3965707,3.031316,20.022041,6836.1577,15.482233,326,227403
42101038000,2,0,1,3,4,2,2,0,82.599998,14.693865,3.003003,2.4499338,22.93783,2893.4912,14.888337,185,85303
42101038100,16,4,1,0,2,1,3,0,47.700001,14.973372,53.333333,2.128125,12.685407,2137.4224,7.5471697,179,54999
42101038200,29,11,3,0,0,27,11,1,79.199997,16.403637,15.226494,3.025605,24.228577,4145.8926,9.7402592,337,222715
42101038300,15,10,0,1,7,6,13,0,69.5,16.515839,18.964053,3.1983786,18.449903,5940.8286,11.946902,4008,243571
42101038400,8,7,2,3,5,4,2,1,14.4,14.384215,9.02379,2.434454,12.702847,1132.2483,8.2129965,259,69123
42101038500,21,6,4,5,6,41,6,3,14.1,16,6.586169,2.4095042,12.643326,1427.4661,9.3231163,421,64732
42101038600,5,1,0,2,2,6,1,0,4.9000001,12,2.020202,2.6000617,13.49124,315.04703,13.182674,352,62661
42101038700,11,14,4,3,10,20,9,3,15.2,15.342502,15.858632,2.1258006,11.410316,1991.1729,8.7309647,1935,62120
42101038800,15,4,2,1,11,16,4,0,24.1,14.979265,6.2555853,2.6263053,11.17829,1230.3372,9.1808681,480,62625
42101038900,4,1,1,2,6,0,4,0,32.599998,13.838495,8.2771306,2.6312385,25.623976,1358.2997,20.869564,483,70853
42101039000,23,11,1,0,7,4,20,0,72.5,13.895879,5.3198564,2.4104593,28.823988,4500.6367,21.518568,892,76052
42101980000,3,7,2,11,3,6,1,0,22.700001,12.833,64.397424,3.4034421,11.692857,1434.2526,0,3589,290378
42101980100,2,1,0,1,1,1,1,0,2.2,8,372.54902,2.7080503,12.458093,28.368793,27.272728,85,61431
42101980200,1,0,1,1,4,2,0,0,2.5999999,7.3330002,82.644628,2.1876552,22.929085,0.49800798,4.4692736,3,54204
42101989100,5,1,0,0,0,3,0,0,25.5,12.333,3.2096289,1.8957492,7.739593,4126.3359,100,3365,56163
48085031310,24,8,6,2,12,6,9,0,14.1,7.9108133,0,-13.815511,7.889492,100.32,13.773995,299,5568
48085031704,13,19,4,3,11,31,5,1,69.800003,14.097197,3.0236394,1.9459101,11.516719,3194.6309,4.8910413,688,150789
48085031706,12,18,4,4,4,34,4,0,54.5,14.037702,1.7248814,1.8808533,11.171844,1869.0648,5.1619434,982,152032
48085031708,20,20,3,10,3,27,8,1,52.200001,13.568744,3.3057851,1.8953943,12.889091,4565.4102,4.9977283,2444,162266
48085031709,22,17,6,3,4,18,1,0,49.299999,14.176461,1.770695,2.172267,17.087273,1337.4149,5.5108604,789,178108
48085031711,15,9,1,0,2,10,2,0,65.099998,13,0,2.0575256,12.061232,807.12787,5.7962856,355,175930
48085031712,6,8,1,0,0,2,0,1,65.699997,12.552733,1.9948135,2.1574309,13.497165,970.53723,5.1605506,326,149419
48085031713,9,14,0,2,2,5,1,0,75.699997,11.800691,1.7930328,2.1088135,11.68526,1559.8706,1.3129879,128,187984
48085031714,6,1,0,0,2,2,2,0,51.099998,11.647681,0.5787037,2.2591615,12.1606,592.3913,5.3101735,129,164073
48085031715,11,1,0,2,2,9,2,0,47.799999,5.5587778,0,2.2592347,11.761819,138.37376,3.1869688,45,163908
48085031716,6,11,2,3,4,10,4,2,63.799999,13.826631,1.0080645,2.0975881,11.557632,7256.3174,1.1691349,1876,179794
48085031717,4,8,0,0,3,2,2,0,69.099998,14.082354,0.75757576,2.1968491,11.76473,1565.9341,1.5969582,85,153922
48085031718,19,6,0,2,10,3,5,0,46.700001,11.179485,0.36443149,1.9271116,16.213337,704.89038,6.6829667,407,201978
48085031719,4,5,0,3,3,4,1,1,54.200001,11.652262,1.6059957,1.9106921,18.280756,250,1.609442,370,181714
48085031720,3,1,0,0,2,0,0,0,64.300003,16.118109,2.660164,1.7353976,18.749182,1131.3131,2.9845247,127,185470
48085031804,10,13,5,5,7,20,4,1,34.299999,11.046007,4.6997389,1.2329746,15.086565,3059.3547,2.5641026,6053,136218
48113000100,14,6,1,4,1,16,5,0,16.700001,13.263462,2.2123894,2.5860374,11.098923,849.5351,5.6663642,313,190822
48113000201,17,4,5,2,10,16,5,0,31.4,14.860173,7.5601375,2.5975444,10.700193,1303.9647,1.7152658,601,200821
48113000202,19,23,1,2,4,5,8,0,31.5,16.612732,8.7993188,2.6213005,13.158552,1298.1879,4.1333332,154,213508
48113000300,29,16,1,4,2,14,3,0,40.400002,15.262264,6.9686411,2.607013,17.000597,2191.7024,1.8250949,359,214666
48113000401,10,18,0,4,2,12,6,0,66.400002,17.043201,7.0276974,2.8348823,23.218624,2712.1018,7.4207492,587,278088
48113000404,8,9,0,1,2,1,4,0,47.5,15.097623,4.841998,2.7374289,25.323982,1394.256,1.8827558,53,280483
48113000405,3,4,0,1,0,3,5,0,64.900002,14.058866,3.2454361,2.8332133,18.346783,5142.0117,6.2592044,30,274873
48113000406,16,15,4,9,3,39,7,3,54.099998,14.322906,12.241177,2.3158779,23.838589,3058.3943,4.6457062,1455,266046
48113000500,18,30,7,8,8,30,9,2,61.900002,15.263261,7.0986948,2.860456,13.341402,11766.436,4.2115116,3300,275087
48113000601,9,11,2,4,7,10,4,0,60.799999,14.742003,4.7062396,2.6070635,26.54344,1487.41,7.8807244,213,286259
48113000603,13,14,5,0,4,16,3,0,54,15.437953,3.6401456,2.6733465,12.056274,3647.9592,0.78125,634,281036
48113000605,22,22,2,12,4,37,4,0,68.5,17.993088,9.596929,2.8289416,9.7995787,25995.191,3.9952998,3230,272513
48113000606,16,13,8,13,13,35,5,1,46.599998,16.902533,5.7933698,2.7329235,7.9966207,5938.875,2.2914219,1139,280716
48113000701,34,30,1,3,6,42,4,0,70.599998,16.592592,6.7977664,2.8067217,14.627322,9149.5605,3.4131572,2245,283141
48113000702,46,39,7,10,4,56,6,0,76.199997,17.867653,6.630881,2.6326721,19.572123,20031.25,5.2535405,2656,278875
48113000800,8,7,4,2,5,19,7,0,60,13.916351,3.4448819,2.7648571,18.188187,6234.3467,2.821388,1795,284228
48113000900,20,17,3,1,5,12,3,0,59.200001,15.225256,3.6688833,2.7080503,17.667488,3721.1797,2.6970954,263,283126
48113001001,1,6,0,3,0,5,0,0,30.200001,14.733001,3.6319613,2.6390574,20.913033,1800,2.0719738,34,216409
48113001002,14,16,0,1,2,8,9,0,44.299999,17.061693,6.5963061,2.6822295,20.749472,3923.0769,6.0019364,203,214528
48113001101,13,25,1,0,5,2,3,0,36,15.374021,6.403118,2.6536219,22.829834,755.51099,4.2207794,165,195878
48113001102,13,9,2,3,5,12,1,0,30.6,13.532177,4.9954587,2.6661716,17.480055,1303.8348,5.083612,228,197747
48113001202,8,4,0,2,2,3,8,0,22,14.710371,8.3547558,2.4115524,12.837384,288.94272,4.524313,164,177768
48113001203,5,0,0,0,1,0,1,0,21,12.773463,3.0321407,2.4701753,18.021704,70.270271,11.942099,8,180147
48113001204,0,0,0,1,2,1,3,0,33.700001,13.839684,2.1482277,2.4089234,22.424088,680.55554,8.4897957,112,177739
48113001301,7,3,1,2,0,3,1,2,35.400002,14.302854,5.0041701,2.6218245,17.496008,721.27136,11.481482,265,180974
48113001302,8,5,0,1,4,2,2,0,34.200001,13.943932,4.6104195,2.6854296,24.700918,513.51349,0.73891628,61,183585
48113001400,12,8,3,8,4,14,3,0,40.5,14.653633,7.7742586,2.6861374,20.0588,2201.5112,5.6265984,661,197409
48113001502,4,11,0,4,6,9,10,0,56.200001,15.171384,6.1099796,2.7153537,23.674349,1205.9553,7.3798628,172,184254
48113001503,6,5,0,0,10,0,3,0,69.599998,15.429548,3.6308623,2.7754803,15.823516,10522.821,7.1519794,559,260222
48113001504,7,5,2,2,5,6,7,0,58.299999,14.217056,7.7047851,2.7882257,15.878548,1518.9873,8.4278774,190,187687
48113001600,15,7,1,3,7,19,3,1,76.5,18.333,9.7697139,2.8258643,16.591854,56672.84,3.9984622,28472,273386
48113001701,11,14,3,12,6,5,2,0,82,17.667,86.419753,2.7725887,32.168446,40430.379,0,7753,269964
48113001703,9,11,2,3,2,42,2,0,57.400002,16.455536,2.100105,2.8257289,22.592403,9524.9043,0.92497432,1927,271471
48113001704,10,34,11,6,3,18,6,0,78.300003,18.312407,13.69863,2.82953,31.676731,27795.275,0.70859164,4181,269848
48113001800,25,41,13,10,6,31,8,0,75.300003,18.307001,8.3525346,2.8506052,11.915001,32429.553,3.1104579,5880,271365
48113001900,18,25,9,9,2,32,5,0,76.800003,17.793716,7.9734219,2.8372464,27.976324,26538.631,3.4283168,9882,271514
48113002000,8,2,1,1,4,6,1,0,43.400002,15.055171,8.243607,2.7725143,22.449087,1007.584,15.692307,292,239372
48113002100,33,58,14,30,20,44,14,4,83.5,19.387653,40.328603,2.7296338,30.719835,86115.789,4.0540538,19757,251407
48113002200,11,4,3,8,12,302,2,2,77.699997,17.370197,25.157233,2.7131653,25.520161,22946.709,0.47619051,12459,248419
48113002400,10,7,4,2,8,1,6,0,41.599998,16.259541,5.3238687,2.4588866,28.070826,1195.8762,12.105649,266,182923
48113002500,11,3,0,2,19,0,4,0,43.200001,15.679363,16.208737,2.4060757,27.456165,900.80096,6.6111403,338,172210
48113002701,2,6,0,1,11,1,2,0,29.6,13.656397,14.352211,2.2529352,26.857874,1337.0319,8.6446104,60,162334
48113002702,5,5,0,1,7,1,3,0,34.5,14.435439,13.919414,2.4572852,24.7983,169.49153,19.156414,1161,165760
48113003101,39,66,28,17,11,23,18,5,87.300003,18.952717,29.97076,2.7519977,31.200558,117173.08,2.9888983,38451,246224
48113003400,6,5,0,4,7,3,4,0,49.099998,14.786617,30.046225,2.5671873,8.705143,1019.5178,0,227,163864
48113003700,1,2,0,3,25,0,3,0,29.1,14.305801,6.25,2.5649493,13.011786,258.73016,2.6923077,151,167276
48113003800,10,6,0,2,15,4,6,1,28.700001,12.436297,18.471011,2.5115242,16.506523,41.152264,23.114355,21,165484
48113003901,10,1,0,2,11,0,2,0,34.599998,13.718017,14.819206,2.4378657,20.943449,409.38165,20.661158,34,153956
48113003902,2,3,0,0,15,1,4,0,31.200001,13.648704,12.094557,2.4849067,18.461439,275.55557,9.1796875,0,153040
48113004000,3,5,0,0,3,0,6,0,40.400002,13.976,37.927845,2.5406811,8.4365244,1020.185,4.8387094,644,155219
48113004100,1,0,0,0,6,0,0,0,23.5,15.858702,10.291595,2.7106948,23.061108,648.16998,22.908367,41,164824
48113004201,12,6,4,4,7,71,7,0,30.200001,15.396531,11.015912,2.7399662,22.554104,5956.5215,5.2574525,4628,233987
48113004202,4,4,0,0,6,1,3,0,29,14.854561,7.7343039,2.5399034,20.913174,294.71545,11.877076,17,224905
48113004300,11,20,1,0,11,8,6,0,55.700001,15.086855,41.532072,2.719404,23.183182,2540.3135,4.3523316,516,241859
48113004400,13,4,0,3,7,15,2,0,26.1,13.292057,11.442337,2.6280255,21.117947,287.14108,1.7438693,45,232170
48113004500,10,14,1,0,3,6,11,0,32.799999,14.822291,6.7957866,2.1584733,26.959932,1036.5059,7.8695498,109,174483
48113004600,8,4,0,2,6,4,4,0,37.5,16.608858,15.80756,2.5204875,20.312227,1432.7273,6.9958849,161,225531
48113004700,29,29,2,4,6,14,5,1,64.099998,16.827728,7.5305116,2.6705687,21.533058,7442.3594,16.427105,1458,231590
48113004800,0,10,1,0,9,4,5,0,58.5,15.072301,15.124868,2.6847975,21.972809,1581.0398,23.654995,776,164834
48113004900,10,2,0,2,15,2,1,0,27.6,12.641193,5.9815117,2.5375853,20.946177,330.96927,19.512194,83,151589
48113005000,17,12,4,2,7,13,7,0,43.700001,16.415363,9.7762329,2.465013,20.615467,3150.1831,20.899303,1345,154984
48113005100,6,5,0,1,6,7,1,0,33,13.868834,9.6393035,2.2843177,22.484875,144.35695,6.5261045,27,123671
48113005200,6,6,0,2,7,4,6,0,34.599998,13.248621,3.8674033,2.1665504,27.2999,513.22754,6.2109027,74,193988
48113005300,12,8,0,1,13,0,4,0,32.099998,12.239861,4.0507696,2.0139546,26.717819,473.55472,9.3720112,152,108095
48113005400,10,5,1,0,22,3,4,1,29.6,13.308831,11.003118,2.3268633,24.405941,108.61057,11.881188,51,119768
48113005500,5,4,0,1,33,0,5,0,30.1,13.236412,14.209115,2.2179294,21.90061,253.1041,11.007957,47,117156
48113005600,6,5,0,2,23,3,3,0,32.700001,12.65012,5.8079504,2.1652267,35.035305,233.19327,16.305819,20,63066
48113005700,10,6,3,2,48,2,4,1,27.1,15.458026,15.074212,1.8304775,30.545174,348.62384,20.914543,98,15265
48113005901,12,1,0,2,29,0,7,0,22.799999,12.703526,9.7481722,1.6288499,31.966637,100.89286,16.840277,70,22027
48113005902,11,1,0,2,10,1,0,0,29.4,11.434558,9.9944475,1.8204781,34.558666,736.49536,13.736264,996,20951
48113006001,6,3,0,1,15,3,1,0,38.700001,14.675265,5.9820538,1.9457139,39.03297,287.2807,12.907349,86,21871
48113006002,49,11,3,2,22,2,5,0,45.400002,13.299965,5.5978504,1.7917595,39.167522,464.75772,6.2211981,153,20569
48113006100,9,7,0,1,6,5,6,1,27.4,13.667,8.5756118,1.8090972,31.384039,226.95036,6.468843,143,23925
48113006200,23,8,4,6,9,6,5,0,31.299999,14.581799,9.0737887,2.2133222,30.135771,886.53137,19.208605,340,105442
48113006301,11,2,0,2,3,0,2,0,20.200001,12.541873,7.257384,2.0437567,30.417994,289.95901,8.5983505,3,27571
48113006302,6,10,1,3,9,3,7,0,28,13.71686,10.11846,2.0644023,29.637001,186.41389,8.7429113,26,100743
48113006401,0,2,0,0,3,0,0,0,26.4,11.058987,0.74211503,1.9328977,44.391537,135.31354,5.3366175,32,27399
48113006402,6,7,1,1,6,3,4,0,39.700001,14.990092,4.113872,1.9084325,41.441666,589.5954,6.7640915,61,27622
48113006501,4,0,0,1,10,1,1,0,36.200001,14.428169,0.82836315,1.694744,23.418009,2607.6191,8.2140427,150,29103
48113006502,10,9,4,0,7,6,2,0,39.900002,12.934211,5.8386412,1.8286263,26.695021,1078.8253,12.846069,78,28784
48113006700,5,2,0,1,8,0,2,0,30.5,12.403485,5.2303861,1.7471812,23.39584,75.309814,9.3887835,47,94788
48113006800,23,9,4,1,5,3,8,0,47.5,15.457163,7.5742863,2.274914,28.55287,1357.03,4.673913,249,194807
48113006900,7,2,0,1,9,2,3,0,54.700001,12.52689,5.9790732,2.2020946,29.427542,557.18958,8.6402264,67,201981
48113007101,29,13,5,3,4,22,9,0,31,11.381699,0,2.5622504,21.31004,2813.5964,2.3719165,270,264932
48113007102,17,2,4,3,16,6,8,0,45.099998,15.723786,6.1276341,2.4657986,23.277506,2634.5754,1.561919,621,271251
48113007201,4,22,2,1,2,7,8,0,70.599998,14.149938,2.2634676,1.6640136,18.681496,1569.2008,8.0703573,271,176978
48113007202,4,7,0,0,1,4,5,0,71.800003,11.891846,1.6688062,1.9459101,17.287233,1087.4636,8.3374815,129,176686
48113007301,60,28,35,18,9,153,13,0,33.299999,11.419355,3.9254171,2.5206454,19.620739,12127.027,3.3792238,5843,224150
48113007302,25,18,1,9,8,14,9,1,18.9,14.77996,7.5593952,2.1908553,20.531033,858.9563,4.1703248,391,240357
48113007601,3,2,0,4,1,17,0,1,18.6,9.5326519,0,2.1335666,12.114491,319.88742,8.7912092,56,183154
48113007604,25,8,1,8,6,22,5,0,29.5,9.1287041,2.1678538,2.1102459,21.391533,702.80737,3.058104,398,141485
48113007605,11,16,3,7,6,29,4,0,25.6,13.019746,4.7720042,2.0871818,19.649969,387.1951,7.0365362,236,175169
48113007700,18,6,3,7,6,33,7,0,29.6,12.180623,3.7823072,2.3879342,22.23793,1031.6517,0,861,138320
48113007801,116,21,3,3,9,77,4,1,50.700001,6.9504642,1.8190086,2.2207551,25.870729,8391.8633,0,1610,125337
48113007804,7,7,1,2,3,24,0,0,54.299999,14.115943,6.7226891,2.0481908,17.322287,2862.1597,0.95501381,2490,193590
48113007805,15,10,1,2,10,13,4,1,36.900002,10.125617,4.6714419,2.2257681,12.896381,1647.1155,3.5369775,1297,126078
48113007809,13,6,2,4,3,9,6,0,35.599998,15.401022,9.8389982,2.4554927,22.342131,967.74194,13.664057,279,111284
48113007810,26,15,4,4,7,33,7,1,62.099998,13.148929,7.1127503,1.8847015,12.050534,3213.0583,5.970149,1090,142915
48113007811,12,6,1,1,3,6,2,0,60.200001,9.9783993,3.4095467,1.6414919,13.47134,1427.1356,8.709095,175,110538
48113007812,10,0,1,1,1,18,2,0,27.299999,14.282881,8.1037277,2.0476437,13.206114,561.93079,0.96818817,613,120717
48113007815,4,7,0,0,4,46,4,0,47.799999,12.70278,4.3280675,2.1671669,19.42263,4252.0322,10.601336,1644,111240
48113007818,5,5,0,0,1,1,4,0,82.900002,10.291953,3.4517766,2.2669842,24.557163,558.82349,4.7278504,71,116759
48113007819,5,3,2,0,0,4,5,0,74,10.782976,11.72871,2.3025851,21.993122,4285.7144,9.3220339,270,135261
48113007820,4,1,0,1,3,0,2,0,66.300003,11.134113,3.75,2.221004,27.514885,2413.7932,13.344316,416,118580
48113007821,6,2,2,1,3,14,1,0,37,11.005331,3.7735849,2.1981676,22.092333,606.36182,9.8286295,146,112705
48113007822,29,20,3,14,5,269,6,0,76.800003,16,28.436019,2.1623082,19.57618,25072.514,5.1787915,12567,120279
48113007823,8,6,5,5,5,152,2,0,60,13.971743,25.698324,2.2639797,19.674582,7872.7861,10.084034,3331,121632
48113007824,6,0,0,1,4,7,0,0,38.099998,12.895419,7.1197411,2.121223,24.696508,816.3717,1.5384616,96,112769
48113007825,13,7,1,4,3,9,4,0,51,12.569712,2.5641026,1.8071922,14.116129,482.55814,14.525548,125,114251
48113007826,0,0,0,1,1,0,0,0,29,11.333,40.983607,2.3025851,27.248121,70.175438,8.0128212,17,106334
48113007827,7,1,0,1,0,6,0,0,57.099998,8.3153067,3.3936652,1.7917595,22.226442,95,6.2460961,16,111795
48113007902,16,7,0,4,4,20,5,0,31.1,12.646181,1.3798541,2.4615638,20.05035,655.73767,1.2924072,510,135790
48113007903,14,4,1,5,4,6,1,0,46.200001,11.334743,8.1585082,2.5008342,18.982473,1445.1477,1.690617,25,151116
48113007906,13,4,2,4,3,6,4,0,46.599998,15.398827,3.1014621,2.5215194,7.1485615,4459.29,4.217536,1147,162800
48113007909,12,14,2,3,1,4,2,0,79.900002,12.680272,6.7994172,2.4849067,16.675461,6659.7935,3.1326783,153,160178
48113007910,3,1,0,0,1,0,0,0,47.299999,10.473528,3.1948882,2.4849067,22.232864,1015.625,0,202,144699
48113007911,0,0,0,1,1,0,0,1,59.400002,9.3028593,3.4048349,2.3978953,22.704838,1919.7531,0,108,137911
48113007912,15,11,3,7,4,29,3,0,77.400002,14.783216,4.5121263,2.4849067,22.855419,12015.151,4.2936287,1770,152710
48113007913,12,11,2,2,1,15,8,0,81.900002,8.9603262,10.068892,2.4856503,13.124326,21726.496,1.3071896,4237,184764
48113007914,11,10,7,8,11,21,4,1,80,16.149372,11.403509,2.5602093,14.3981,18760.605,0,2852,200589
48113008000,24,19,0,13,4,30,9,0,12.4,8.9965401,1.1237759,2.5168223,10.766146,301.63644,3.5063114,360,133725
48113008100,28,16,7,7,12,79,4,0,16.6,12.49118,3.7111489,1.9128346,17.533945,1173.5138,4.0278616,2066,83996
48113008200,22,16,2,5,6,14,9,0,24.5,14.820947,5.98659,0.97186053,13.436981,994.41858,3.1487513,245,65226
48113008400,5,8,0,0,13,1,5,0,20.9,12.828278,5.6263635,2.1133554,22.673262,422.26889,11.021746,135,106734
48113008500,11,7,0,0,8,4,8,0,31.700001,13.549533,5.2641474,1.6527263,19.437853,1704.1306,6.2859883,695,24455
48113008603,3,0,2,2,2,1,0,0,36.200001,10.838737,25.423729,2.2800355,22.353903,224.13255,7.9772077,35,103561
48113008604,2,3,0,0,11,0,2,0,30,12.208758,7.0621469,2.0878656,22.07992,106.77618,23.989899,114,60320
48113008701,5,5,1,3,29,1,5,0,17.799999,10.834494,19.011407,1.5901287,21.237865,68.093384,19.274681,86,11595
48113008704,9,4,0,2,20,9,5,0,39.099998,11.808814,9.0994666,1.5189544,27.344851,4926.5034,12.214864,92,11027
48113008705,6,2,0,0,15,0,1,0,18.799999,10.523558,9.0840273,1.2096941,28.622553,209.00322,13.773584,12,8580
48113008801,7,3,2,3,6,2,4,2,24.4,11.920331,15.831135,2.0883486,18.314013,470.13275,9.3917713,38,103864
48113008802,18,3,1,1,21,5,2,0,26,12.318763,13.129879,2.0563664,23.808216,311.85031,9.2783499,154,59209
48113008900,2,6,0,1,12,1,3,0,27.6,12.452439,11.022658,2.4747849,21.957874,379.86707,14.340713,10,157257
48113009000,21,15,1,5,15,18,8,0,36,13.036483,5.3716427,1.29089,26.753107,962.3656,8.0227423,489,25947
48113009101,10,6,0,1,4,6,4,0,22.200001,13.341387,9.137931,1.5151824,22.694157,389.26685,9.4094095,210,22095
48113009103,5,2,0,0,3,0,0,0,23,12.07952,3.030303,0.69314718,22.737728,156.44821,8.4539223,12,19412
48113009104,3,5,0,0,6,2,2,0,31.299999,10.978847,3.3547666,0.84368253,24.359909,348.58389,14.515133,26,20160
48113009105,20,9,0,1,5,2,3,0,30.9,12.514275,4.11224,0.5308556,22.562197,957.32843,16.098864,75,18561
48113009201,13,6,3,3,7,7,4,0,29.6,12.022631,6.0661207,0.47214651,24.472364,532.64606,11.244272,243,21732
48113009202,11,6,0,5,9,1,7,0,25.200001,14.62872,6.5767285,-0.23590989,18.238445,270.27029,21.795918,95,14668
48113009301,5,4,0,0,8,7,4,0,24.5,12.224316,6.4565135,0.3419047,19.519957,215.03329,8.8221493,73,15902
48113009303,6,2,0,1,20,0,4,0,12.2,11.272024,5.9935454,0.69314718,23.203712,93.48156,23.522596,20,12877
48113009304,5,1,0,1,15,1,4,0,36.5,10.45722,6.6364519,0.3147293,18.610058,1028.2188,15.393723,182,12545
48113009401,7,4,0,0,4,2,1,1,26,11.878572,5.94884,2.0022418,16.04681,562.29504,4.1049027,24,227941
48113009402,12,2,0,1,2,7,2,0,24,12.413612,6.0048038,2.1547408,14.632196,440.94489,2.5662251,138,212745
48113009500,12,3,0,2,13,10,1,0,28.1,10.144135,5.9414991,2.0996144,12.954262,582.38635,7.1047955,517,170536
48113009603,20,10,1,3,4,20,4,0,42.700001,14.137617,3.7477954,2.1323159,19.9818,1374.7245,0.31262213,1504,161569
48113009604,41,16,6,12,6,31,5,1,50.599998,15.592372,4.0050063,2.1707385,17.98777,9293.3477,6.1793218,4470,177401
48113009605,10,9,3,7,2,6,1,0,65.300003,15.129934,3.3946252,1.2059189,20.256193,6718.6309,4.4133477,1756,221432
48113009607,14,12,2,3,10,11,4,1,36.299999,13.904505,4.2542543,1.4071594,16.960297,1538.4615,4.1340785,301,221402
48113009608,15,0,0,4,1,15,2,0,42.799999,13.521863,2.894356,2.094353,20.742857,666.66663,4.1717792,79,197063
48113009609,21,6,4,3,4,27,3,0,28.6,10.199456,1.3486177,2.0239158,13.890235,389.26175,1.8504812,127,182503
48113009610,13,3,0,1,7,0,4,0,82,12.015871,3.4050179,0.97627723,20.038479,11630.612,12.252964,69,157896
48113009611,14,16,3,1,6,2,4,0,51.299999,13.7537,5.8326043,1.0711411,18.495964,780.26068,10.316594,120,207088
48113009701,25,16,1,0,6,2,9,0,51,14.420619,5.6402757,1.3791144,17.336382,4453.7134,6.1168113,125,163404
48113009702,8,5,1,2,3,4,2,0,28.4,15.930723,3.6375661,1.7855589,14.175561,1169.4215,2.3492064,519,160908
48113009802,10,8,0,3,4,10,7,2,36.799999,13.17053,3.2304959,1.899623,15.92026,1080.1335,8.320446,157,197868
48113009803,14,1,0,1,2,2,5,0,65,11.589383,6.7658999,1.661468,16.985693,2151.5151,10.599999,51,205628
48113009804,2,2,0,0,2,2,3,0,52,12.798797,1.1089207,1.8080416,19.034584,2747.5,18.22863,132,197614
48113009900,237,128,16,10,21,20,31,0,51.400002,8.3119154,39.582584,0.51802856,31.434391,4152.3716,2.3809524,5185,158749
48113010000,224,94,26,29,31,229,36,3,55.099998,14.371275,25.535019,2.5367818,25.328142,8906.8037,3.8025889,63198,268966
48113010101,8,1,0,0,35,2,1,0,24.4,13.583406,7.6469303,2.6638675,34.80315,145.59387,9.9779491,75,261686
48113010102,2,8,0,0,10,1,2,0,30.1,13.881939,8.4169634,2.7615457,27.811213,545.18951,12.738301,135,257992
48113010500,12,3,2,1,18,0,4,0,59.5,12.618745,24.390244,2.073061,31.237476,2446.9419,4.1387024,521,140201
48113010601,3,9,0,0,12,3,5,0,19.200001,11.73408,9.1324201,1.4562601,20.804384,379.76596,2.7592347,82,117420
48113010602,2,7,0,0,8,0,6,0,40.299999,13.046552,9.8612126,1.1656101,17.268974,891.4657,1.559633,82,97771
48113010701,21,6,2,0,5,7,4,0,37.799999,13.852591,8.4635417,1.4024059,21.623297,892.56201,8.1200352,1419,100933
48113010703,4,3,0,0,4,0,2,0,10.5,9.2626057,3.898051,0.69314718,31.123598,33.462658,6.6001534,19,22998
48113010704,6,5,1,1,6,0,2,0,24,11.333,6.2085207,1.2928166,27.765427,60.303894,6.0097218,127,28969
48113010801,13,13,0,2,9,2,5,0,35.599998,12.001888,2.3903554,1.5080082,23.357975,341.59293,9.0932846,240,23616
48113010803,22,10,0,6,32,1,8,0,20.799999,9.7180367,7.1742313,1.6843514,19.949434,80.499359,10.43609,31,25307
48113010804,3,6,1,3,7,35,3,1,31.6,12.34878,7.7382268,1.9562873,39.497971,1503.2258,7.4055662,696,27141
48113010805,4,7,0,0,5,1,3,0,40.200001,11.140615,4.7343503,1.8482476,35.350925,764.00684,4.541667,170,28650
48113010902,22,5,2,4,14,2,8,0,43.700001,12.960769,7.4577395,0.16199851,23.342051,359.49762,18.562456,101,19672
48113010903,12,3,0,2,8,4,7,0,42.299999,12.355578,9.4250707,0.6540857,20.001719,2693.2234,4.9079752,966,21339
48113010904,69,24,5,3,17,25,2,0,28.5,14.679776,10.492333,1.0468981,21.910852,912.52087,6.8734794,1405,22459
48113011001,24,4,0,6,20,3,6,0,33.700001,12.156065,7.9947789,1.6002097,26.257898,190.51321,8.1109924,108,22231
48113011002,16,4,1,3,14,3,3,0,19.200001,11.107553,5.0590219,1.6148288,23.470324,144.70045,5.6397309,151,20154
48113011101,24,9,3,2,36,5,2,2,27.799999,11.814978,10.793173,0.71223694,16.571379,249.86877,10.958904,175,21172
48113011103,6,7,0,4,9,0,2,0,21.799999,11.289675,5.8582308,0.77513289,20.147476,100.7109,12.824106,2,18265
48113011104,7,4,0,0,7,2,4,0,26.799999,12.386038,7.9410096,0.69314718,16.180817,133.06982,17.940954,9,18472
48113011105,8,1,0,2,9,0,2,0,30.4,9.2758904,6.5623423,0.69314718,15.263558,39.538715,9.3610697,25,17961
48113011200,16,4,0,1,29,0,6,1,20.299999,11.604487,5.856011,0.93631154,32.335815,175.51163,18.572054,180,14686
48113011300,15,6,0,3,15,3,2,0,15.2,12.566423,11.62308,0.56775957,43.048412,122.21472,4.4576521,75,12792
48113011401,5,1,1,2,19,0,2,0,11.1,11.384446,5.0373134,0.035858143,25.784245,44.337135,17.988668,84,8556
48113011500,3,0,0,1,8,0,6,0,8.6999998,8.8114834,8.7040619,2.020468,24.368212,3.941731,24.931507,22,122622
48113011601,10,5,0,1,11,0,4,0,5.5,8.4069052,6.8177261,-0.60582757,13.655369,16.25387,16.447369,7,7786
48113011602,7,3,0,1,12,1,0,0,15.4,8.9663191,0.79706679,-13.815511,45.265179,205.70108,15.783898,329,6376
48113011701,6,1,0,0,21,11,5,0,19.1,12.19269,6.9637883,-1.2673855,30.652027,279.36334,12.121212,253,8031
48113011702,8,5,1,0,11,0,4,0,24.700001,9.8557148,0.20358306,-0.36196864,37.029499,238.29391,10.436433,105,10902
48113011800,18,14,1,1,14,7,9,1,23,10.640529,4.7463661,0,17.075087,148.58612,9.2560043,23,17876
48113011900,16,4,0,2,15,3,1,0,31.9,11.60956,3.8474222,0.41017428,27.074062,436.69827,16.06513,380,23195
48113012000,8,5,0,1,7,4,3,0,26.299999,9.9159422,4.1389505,1.0264297,38.26218,75.848305,16.118313,31,23930
48113012100,6,4,0,0,10,2,2,0,40,11.062546,3.4052213,1.0986123,37.917923,2586.2991,11.896047,887,25125
48113012204,18,10,3,1,12,7,9,0,32.900002,14.241371,5.4154679,2.076386,24.066677,1084.6023,4.3060808,850,61205
48113012206,17,6,2,2,6,10,5,1,35.5,12.675723,5.850397,2.141115,24.251535,761.45038,11.921098,693,72354
48113012207,29,14,4,1,15,17,6,3,52.5,12.87982,7.3693907,1.7110988,23.410963,2409.8755,8.2511511,836,26172
48113012208,0,1,0,1,0,0,0,0,20.700001,9.0846157,1.607717,2.1972246,24.481138,32.019707,17.32719,29,165538
48113012209,5,0,0,2,4,1,2,0,17.200001,10.239521,4.7947258,2.0210319,20.323036,165.68915,9.6059113,96,51162
48113012210,10,1,0,2,11,0,2,1,44.900002,11.268992,4.8484848,1.2422748,12.820132,218.54305,22.784149,50,26618
48113012211,5,3,1,2,2,1,0,0,61.099998,12.999561,3.7912578,1.2072753,14.057732,2267.1907,12.435233,690,26809
48113012301,7,4,0,1,6,3,4,0,35.299999,10.86987,5.628924,0.97049463,15.691019,164.4245,10.627094,47,32236
48113012302,12,1,0,1,5,3,2,0,46.799999,12.701232,2.9633621,1.012597,12.457819,1486.9849,10.082833,409,25415
48113012400,13,8,0,0,6,4,5,0,25.799999,13.74812,5.3418803,0.75089091,12.510256,235.79305,7.4919729,97,48248
48113012500,7,7,1,2,11,1,5,0,30.6,13.19255,5.4572075,0.80323786,19.725084,337.74835,10.373093,162,44860
48113012601,8,5,0,2,6,0,7,0,49.5,12.257798,3.81547,1.364596,14.742852,673.6842,11.428572,72,46177
48113012603,5,2,0,1,1,1,2,0,29.200001,12.171716,1.5067805,0.75611389,17.10774,134.83145,10.827375,12,43401
48113012604,5,2,0,0,6,2,2,0,25.9,12.293729,3.9352202,1.1620011,14.552448,319.91745,10.223341,335,42134
48113012701,3,4,0,0,6,1,1,0,43.799999,11.615127,2.6165923,1.2186729,15.088501,1009.1743,6.4751291,175,46411
48113012702,14,1,2,2,2,3,2,0,27,14.398993,6.5652044,0.69314718,13.133364,1504.386,9.5676823,52,43204
48113012800,31,11,2,1,15,35,14,2,36.299999,13.951771,5.7708162,1.2269638,17.297876,824.91583,5.2144656,307,63043
48113012900,14,5,1,1,5,11,10,0,16.6,14.285483,9.3256815,1.662985,17.677658,345.63211,5.57971,304,74172
48113013004,24,15,2,9,12,10,3,0,26.1,13.026547,2.0130851,1.8446386,22.077318,766.03772,2.9861889,666,94888
48113013005,14,6,1,10,5,22,5,1,38.200001,14.47128,4.3859649,1.6900958,17.562977,997.44904,3.0495553,411,83785
48113013007,6,3,0,2,3,2,3,0,36.299999,14.194826,5.242464,1.4846739,16.91062,583.19604,8.0574636,118,67671
48113013008,9,4,0,3,2,9,1,1,41.599998,13.641347,4.1716329,1.6753631,23.259239,436.96274,1.4405762,119,108271
48113013009,14,3,0,0,6,6,4,1,41,12.17162,2.6839633,1.4865592,17.082567,625,5.9432688,135,108260
48113013010,3,3,0,1,1,6,2,0,55.599998,12.817505,5.1813472,1.3913321,18.478411,1931.7344,7.8371105,385,46415
48113013011,3,4,0,0,7,5,2,0,61,11.573668,5.8724832,1.4561207,17.657801,4552.8457,14.244064,915,75936
48113013101,16,11,1,7,1,11,3,0,29.299999,12.444157,2.4252223,2.1991751,17.344484,1904.1917,5.2587647,935,177874
48113013102,12,2,0,1,3,12,2,0,41.799999,11.107494,0,2.1171458,19.492443,107.07457,0.48426151,37,131611
48113013104,0,8,0,1,1,8,2,0,55.799999,8.7385807,0,2.1033471,21.700308,188.67924,1.980198,6,115060
48113013105,5,5,1,0,3,12,2,0,61.900002,11.186021,1.5046645,2.1944077,14.662661,1648.7253,5.5785575,284,138572
48113013200,49,97,13,27,26,418,14,1,52.200001,15.30268,6.6489362,2.1299653,18.379421,12476.366,1.9699812,21036,182316
48113013300,19,5,2,4,7,20,2,0,23.9,14.784647,6.2752129,2.1972246,18.448837,895.87628,0.43907794,222,164020
48113013400,19,13,6,5,4,34,3,0,30.5,11.961677,5.3789731,2.1778386,16.615602,4030.0925,0.93959731,327,189191
48113013500,6,1,1,4,2,23,1,0,22.799999,6.9648681,0,2.0927455,15.524632,762.85968,2.2242818,1856,194248
48113013605,25,9,1,2,6,7,1,0,50.5,13.939167,3.0610293,1.8523995,9.3543491,419.38492,3.263032,544,223464
48113013606,31,12,8,8,7,23,4,0,52.099998,13.434588,4.1159321,1.9459101,13.762961,1050,1.7962117,354,193263
48113013607,19,4,1,3,5,6,2,0,38.5,13.402021,4.8654837,1.913132,12.744976,421.25,2.8806584,123,211746
48113013608,32,13,1,7,10,22,9,0,26.4,14.429667,11.297234,1.9006714,18.432623,663.80792,4.6343975,541,181705
48113013609,3,2,0,3,2,22,0,1,37.299999,14.360285,3.7614186,1.7917595,15.375078,1171.5116,5.433526,694,201894
48113013610,14,4,0,3,7,11,5,1,30.700001,12.842435,2.3389326,1.9247575,24.787405,830.85504,2.6583266,394,194141
48113013611,11,12,6,6,11,41,5,0,33.700001,14.385723,6.5847234,1.9574407,16.218975,1279.0396,5.563798,1311,178813
48113013615,59,16,5,1,2,27,6,0,85.300003,14.965096,5.0750221,1.8788015,15.366561,11432.9,7.1285806,2187,177399
48113013616,172,109,32,25,18,72,19,2,70.099998,17.253845,12.028725,2.0152314,16.146917,40171.898,3.8301251,40930,158834
48113013617,19,3,6,2,3,27,6,0,47.700001,13.465272,5.6980057,1.9255145,11.315067,1242.7184,1.9188192,581,198331
48113013618,18,8,1,1,0,8,2,0,60.400002,13.409882,5.7142857,1.6637683,9.8893375,1633.2737,5.9608541,186,220326
48113013619,15,5,2,7,7,19,13,0,48.799999,15.53242,3.202562,1.9657389,12.255076,390.22299,0,405,214019
48113013620,28,21,11,8,4,21,4,0,67.900002,13.959012,5.3575588,2.0830374,15.008224,9258.5947,5.5026894,4016,176132
48113013621,6,1,0,0,1,3,1,0,44.5,11.568602,1.902497,1.9624058,14.67504,565.34094,8.2884378,327,194882
48113013622,0,15,0,3,1,5,3,1,49.5,16.51712,3.0693677,1.9352356,15.018888,5946.0581,4.33213,1514,178937
48113013623,7,3,0,1,0,0,0,0,60.900002,10.280639,1.5598191,1.7917595,15.122791,992.61993,1.1642008,200,169854
48113013624,14,21,1,1,3,5,2,0,82,13.619767,4.3719032,1.9291676,15.548939,1960.6299,2.966274,404,161431
48113013625,6,3,2,0,0,4,3,0,84.900002,12.321808,2.3302264,1.938073,15.731514,7140.6245,2.282378,387,161550
48113013626,14,11,3,4,0,17,4,0,80.199997,14.858033,5.0420168,1.9182404,16.275446,16000,4.2095413,2630,171858
48113013722,44,16,0,2,13,18,7,0,61.200001,13.540926,7.2972973,1.8522155,15.753676,4835.2578,4.166667,3634,173079
48113013727,49,41,7,7,8,24,9,0,68.199997,14.761059,14.483213,1.9416708,16.404295,6893.8408,2.2794847,5783,169964
48113014001,42,39,1,4,18,26,5,6,45.900002,16.103302,8.4586466,0.78122497,18.893354,3052.1494,3.3317692,2662,185268
48113014121,16,14,3,3,3,12,7,0,34.200001,6.388751,0,0.51557171,13.156301,276.26193,0.45721748,292,128387
48113015900,10,3,0,0,4,0,2,0,27.5,5.7599554,0,-13.815511,35.007149,3480.708,2.3795362,20,30433
48113016301,6,1,0,1,10,1,1,0,17.799999,5.42349,0,-13.815511,19.038136,17.90831,7.3093524,0,29886
48113016502,26,13,0,4,21,5,7,0,31.299999,8.6488113,0,0.57846618,25.213434,596.91083,12.973668,171,20535
48113016510,20,6,0,4,20,4,8,1,14.3,7.9525285,1.6528926,-0.25458077,23.399981,51.612904,13.234842,300,15060
48113016511,8,4,0,2,9,3,3,0,38,11.393946,2.6385224,0,25.214701,114.6789,12.4,14,8910
48113016520,9,3,2,2,12,1,3,0,28.299999,7.8185987,6.162876,0.69314718,20.525719,1099.0776,1.683111,352,22259
48113016521,7,0,0,1,9,1,2,0,12.7,11.277746,1.1409013,0.071458921,24.4911,312.46622,7.9194164,1669,18041
48113016605,29,11,8,6,30,108,1,0,31.1,11.188387,4.5440776,0.003442316,25.332882,2024.1981,10.846449,6532,17919
48113016607,10,7,0,2,12,8,7,0,63.599998,12.171661,4.6219875,0,25.168882,1521.7391,12.162906,388,21002
48113016701,13,7,0,6,22,1,1,0,23.299999,10.317552,7.0337965,0,28.230869,167.81874,7.4126534,91,13106
48113016703,20,10,0,10,28,4,11,2,16.799999,6.9389272,0.47116472,-1.0998248,18.786606,287.40283,5.2043099,657,12226
48113017001,14,9,3,4,22,6,7,0,3.9000001,6.1179695,0,-13.815511,26.771143,99.230827,19.337923,1292,1665
48113017003,19,7,1,0,13,3,6,1,7.6999998,6.2761607,0,-13.815511,24.098085,104.59995,17.614565,153,3335
48113017004,13,2,0,1,7,0,11,0,21.6,7.4113617,0,-13.815511,24.391071,144.77504,22.629824,26,3808
48113017101,6,3,0,2,9,0,1,1,14.9,9.3765354,0,-1.9506023,27.164421,101.46061,14.517544,19,6715
48113017102,9,0,0,2,6,0,0,0,6.0999999,10.2826,0,-13.815511,50.719887,32.194599,17.911152,67,3484
48113017605,5,1,0,1,8,1,2,0,41.799999,10.402761,0,0.89756298,45.257568,74.812965,13.319386,29,24201
48113017808,9,5,0,0,9,4,4,1,44.900002,8.4582911,0,1.0986123,6.0549307,870.72241,12.632042,166,18742
48113017900,17,3,0,3,13,12,4,2,35.5,8.5948191,0.7788162,1.0986123,12.650038,252.05684,9.1212463,214,25135
48113018001,16,6,0,0,9,4,1,1,39.400002,7.5073442,0,1.1045154,11.047256,406.43274,14.737274,77,30236
48113018124,35,13,1,5,32,32,9,0,21.299999,7.4782658,0.35032405,-4.3148875,4.1280727,93.55027,12.021181,430,7853
48113018130,13,4,1,0,7,18,6,0,42.299999,9.9945602,0.24820055,1.2640699,13.250744,911.76471,15.044249,774,29769
48113018132,15,9,3,1,21,15,11,1,30,9.7467308,0,0.21357414,4.0781112,880.96753,8.6732817,1106,13343
48113018142,6,1,0,1,7,0,3,0,8.5,7.137455,1.9071837,-13.815511,4.108943,44.472679,9.2993631,5,7722
48113018503,13,4,0,1,4,4,2,0,66.800003,10.140002,1.6549441,1.7729025,15.708331,1541.2185,6.4889178,472,124931
48113018505,8,2,0,1,3,1,3,1,78.099998,11.207276,4.5513654,1.31135,20.958084,1614.1304,7.726161,47,123159
48113018506,56,15,4,3,16,7,12,0,76.599998,13.945642,19.783025,1.1739378,20.841311,9143.1924,13.649156,12069,79995
48113019016,9,4,0,1,3,21,3,0,57.200001,12.109283,4.4052863,1.7917595,19.490414,3442.9224,2.5846152,1001,138108
48113019018,4,2,0,1,2,2,3,0,55.299999,11.691739,2.9446408,1.4080223,23.598085,237.76222,9.6797934,103,125586
48113019019,18,4,2,0,7,3,7,0,53.799999,11.75948,2.9655991,1.3866352,24.781267,1374.0574,7.7212801,490,122414
48113019034,13,11,1,1,3,8,4,0,46.599998,12.880781,4.2246521,1.6997734,21.994741,417.51825,9.2927017,126,128334
48113019035,4,6,1,3,1,4,3,0,60.799999,12.445538,2.1495104,1.787745,17.276274,6890.5107,7.6895041,1881,132671
48113019208,5,14,5,1,2,7,5,0,63.299999,13.637194,4.7341013,1.9546015,24.999971,4542.6196,6.6518145,1486,204109
48113019212,0,0,0,0,0,0,0,0,67.900002,9.2206068,1.6783217,1.9362513,23.520714,227.27274,4.3033891,0,194063
48113019213,7,5,0,1,0,4,2,0,76.199997,13.64893,3.1938678,1.8134614,22.794117,5732,5.6657224,154,200235
48113019900,7,9,0,1,6,6,5,0,32.200001,16.03252,7.5703809,1.6150975,22.280834,2298.8115,6.108108,160,29220
48113020200,8,4,0,1,31,2,4,0,10.9,11.122869,10.584811,0.56117302,30.28146,36.897362,9.7232609,23,7567
48113020300,14,9,3,5,8,6,16,0,63.799999,16.58182,39.718659,2.5694251,12.210086,2008.3507,3.7500002,1491,175713
48113020400,36,42,3,17,19,11,27,0,74,18.105654,31.099431,2.6973777,21.705593,10004.213,5.4230423,18177,233338
48113020500,4,4,0,2,8,6,5,1,42.799999,16.065737,15.451174,2.3744144,43.528522,1725.2852,13.056379,1067,256562
48113020600,12,3,0,8,10,8,1,0,16.4,13.249502,6.9987649,2.3022807,15.932795,253.44487,1.0191083,114,221220
48121021615,23,2,0,0,5,1,5,0,45.400002,11.463462,1.7148982,1.7103958,12.640533,290.69769,0.92556888,43,151482
48121021616,7,3,0,1,3,0,4,0,48.299999,11.882898,1.446829,1.7665646,23.243155,325.09503,4.0990605,51,135140
48121021632,15,18,2,1,9,18,6,0,46.200001,10.450093,1.158413,1.8996918,18.473202,2760.8247,3.2625582,2571,147766
48121021634,6,0,0,1,2,1,2,0,54.700001,10.482749,3.3215694,1.9074647,23.047335,158.64023,2.9683561,30,168492
48121021635,14,2,0,3,0,1,2,1,65.099998,11.111325,1.9244648,1.8731079,22.085659,792.10529,5.225225,71,156739
48121021636,7,7,1,0,3,4,6,0,75.800003,11.944422,0.72077267,1.902042,21.331472,978.52026,3.2727997,226,143986
48121021637,12,2,4,0,1,1,4,0,64.900002,11.145692,3.1031808,1.7917595,18.893991,1256.536,1.5940902,87,140418
48121021638,4,1,0,0,0,1,0,0,56.200001,12.019443,3.003003,1.7917595,13.032322,233.16061,8.0375357,120,152313
48157670101,9,5,0,0,13,0,6,0,42.5,10.168638,0.53777897,0,14.018034,444.96124,11.757502,90,9067
48157670102,4,0,0,1,7,1,1,0,44.900002,10.223059,2.6079397,0,13.810507,42.553192,10.56195,4,9613
48157670200,17,7,0,0,12,2,3,0,42,10.159021,1.7498833,0.061690148,13.891298,124.28571,9.529211,10,8760
48157670300,12,4,0,3,9,0,1,1,27,11.525106,1.2345679,0.3878324,12.857683,87.52166,10.545237,39,19354
48157670400,17,1,0,1,13,4,5,1,42.599998,11.046031,1.6675931,0.86177564,17.263468,401.61453,6.261023,50,23365
48157670601,32,5,0,0,21,6,6,0,43.299999,7.8058519,0.33753375,0,8.0453835,306.59842,8.8079739,72,21193
48157670602,3,0,0,2,6,2,1,0,19,11.167,1.9389239,0,12.21685,147.31708,10.805501,75,20751
48157670700,11,1,1,2,13,3,3,0,9.1000004,4.631228,0,-0.30882451,9.2065611,266.94009,8.7039146,59,7019
48157672001,27,14,5,11,18,25,9,1,48.700001,6.4362335,0,0.88585812,24.970827,4395.6519,6.5508404,5575,67460
48157672400,21,15,5,2,26,6,12,0,49.200001,7.3658376,0,-0.35661969,15.939154,403.08643,8.6016455,320,55113
48157672601,4,5,0,4,3,2,7,0,45.5,6.7760787,0,-0.55672717,11.606906,94.736847,6.5618448,73,15776
48157672701,26,14,0,3,27,10,12,0,28.6,8.0647488,0,-1.7130933,8.8194351,256.51968,11.753109,355,34697
48157672900,60,30,4,13,29,27,16,1,17.4,6.5,0,1.2045947,11.923672,69.170944,18.091797,1391,4314
48157673001,22,18,6,3,10,23,7,0,51.299999,9.6610699,0,1.7917595,5.8593688,815.56769,10.155149,1068,20475
48157673002,26,5,4,6,3,14,8,0,16.5,6.7174835,0,1.7906845,8.4547424,150.02885,13.752969,395,10353
48157673003,24,16,3,2,14,17,9,0,43.599998,7.4198117,0,1.7611878,10.91744,266.37418,14.694941,410,14765
48157673102,50,27,7,9,6,58,14,0,44.599998,9.7403698,0,1.6628757,10.709122,1013.3875,20.644341,1331,12891
48201100000,74,160,68,51,48,143,34,13,84.5,17.763985,61.33979,2.766319,16.384285,96619.563,2.4321797,94062,318282
48201210100,1,2,0,0,1,1,0,0,81.199997,14.5,1.356622,2.7084146,15.094536,5905.5117,5.217391,482,260720
48201210400,10,5,4,0,3,5,9,0,61.5,17.436275,4.1795384,2.4823315,18.146152,1393.7233,5.1969366,74,207598
48201210500,6,8,0,1,14,5,5,0,67,17.885902,4.6656299,2.0666649,19.701464,974.72925,10.02331,97,203394
48201210600,7,6,0,6,9,5,7,1,62.5,15.830819,5.7053942,1.9459101,19.036934,892.3418,1.4058454,335,192556
48201210700,4,0,0,0,10,0,2,0,62.099998,15.191298,10.267857,1.9459101,22.260988,334.8624,5.332303,1,193291
48201210800,5,5,1,2,10,1,4,0,68.300003,13.598509,24.8307,2.3933735,19.404734,1133.3334,9.3942051,119,193917
48201210900,1,1,0,0,12,0,1,0,51.099998,12.633914,8.0296479,1.9420729,17.102379,88.114754,15.461347,19,175173
48201211000,0,1,0,0,10,1,2,0,54.700001,13.796883,7.2595281,2.1049912,20.646521,221.70901,17.515528,19,181716
48201211100,2,0,0,2,26,1,9,0,59.700001,13.041007,9.0018951,2.3816857,18.821917,36.876354,14.659977,3,192021
48201211200,3,1,0,1,17,3,4,0,51.299999,11.60253,8.4835631,2.1105862,16.39509,120.06079,22.284122,32,174374
48201211300,5,6,3,5,34,3,10,1,67.099998,14.465514,14.052584,2.5406742,15.310322,465.09436,10.648149,299,194447
48201211400,8,2,1,1,10,2,5,0,69.800003,15.964636,20.207392,2.3827863,13.380914,1505.361,12.791519,74,196561
48201211500,11,10,1,1,10,0,12,1,69.5,15.136103,8.5038916,2.3416908,12.308092,2098.5432,11.155116,97,173918
48201211600,4,4,0,0,9,9,4,1,66.599998,17.222364,4.946174,2.3412476,13.721614,1362.2223,14.737794,189,181789
48201211700,7,1,0,0,17,0,8,1,64.400002,11.592752,10.899183,1.9969478,14.679469,2106.1223,21.118881,84,161761
48201211900,3,2,0,2,3,0,7,0,68.5,14.279748,1.293422,2.1581478,10.496736,145.22821,16.435541,4,169949
48201212300,15,8,2,0,15,6,12,1,71.300003,16.231253,10.609633,2.6773438,18.704683,1568.9103,8.4198389,506,268176
48201212400,13,5,1,1,11,7,7,0,73.199997,15.326591,9.4258783,2.1631558,12.032862,2270.0032,1.0328639,545,40484
48201212500,10,5,5,2,5,0,5,1,62.599998,13.64466,15.606242,1.5459656,11.425501,1778.8185,3.6104112,335,53776
48201220100,4,0,0,0,7,0,6,0,59.200001,14.786559,6.9878632,1.8148247,19.564972,802.32556,19.736843,37,177573
48201220200,3,2,0,1,10,1,2,0,60.799999,14.933267,2.7652955,1.8649449,17.915394,2612.2808,6.507791,1339,187264
48201220300,10,6,0,1,3,3,7,0,54.799999,14.186158,3.8297872,1.7155824,16.259232,1482.353,3.530005,59,180492
48201220400,2,3,0,1,4,1,4,0,54,14.589904,3.137419,1.2028519,21.240702,1250,12.23301,38,46433
48201220500,33,16,7,5,8,21,11,0,73.5,15.484745,7.2402044,1.1794412,18.960758,3174.7573,7.8856153,538,57850
48201220600,4,5,0,0,9,0,5,0,55.400002,13.505983,4.6644208,1.0986123,23.237194,1698.9081,8.0421886,27,42899
48201220700,9,2,0,1,15,4,4,0,48.099998,10.532475,3.2307431,1.3132566,22.407347,719.9751,9.7633142,86,43482
48201220800,7,3,0,0,14,2,8,0,56.5,13.890265,5.9048281,1.3439946,20.844336,515.85016,14.650284,74,37785
48201220900,10,7,1,0,6,1,2,0,58.700001,14.701428,9.4562648,1.0205239,22.632702,807.88171,12.551723,65,25383
48201221000,5,3,0,0,9,2,2,0,42,13.5,2.6849642,0.82828814,20.439274,333.33331,11.538462,62,31072
48201221100,7,1,0,0,9,0,4,0,44,7.9719958,0.51072523,0.8213408,19.621794,1571.0659,9.0513487,30,30426
48201221200,12,5,0,0,4,2,9,0,49.799999,13.842512,2.3270245,0.69468689,14.956888,905.69952,9.1992054,247,34933
48201221300,12,11,0,0,17,16,8,1,48.599998,14.325006,4.3410105,0.89066827,17.980804,1124.5283,6.9956756,614,36449
48201221400,19,7,2,1,6,3,7,0,61.900002,14.322187,4.0012311,1.0519322,15.355536,1587.1796,4.8011637,111,47368
48201221500,6,2,0,0,6,21,3,0,57.700001,13.437807,3.5762733,0.96625513,25.020327,1702.1764,9.1795759,431,41336
48201221600,25,11,3,2,20,11,16,0,54,13.663698,4.7812818,0.81125963,42.374954,1704.5863,13.103622,233,55524
48201221700,11,3,0,0,9,2,6,0,38.700001,6.2609239,1.4818474,1.0349361,28.155804,190.84714,4.4038115,31,62367
48201221800,14,1,1,0,2,1,3,0,45.299999,6.2905321,0,1.0986123,26.970711,876.3396,5.3755522,53,59485
48201222000,8,3,1,0,2,6,4,0,51.599998,16.167,3.5010941,1.033698,18.914232,1524.8868,4.0941658,301,41920
48201222300,7,8,0,2,9,6,13,0,24.799999,12.116524,3.4067681,1.328786,37.63076,308.09128,12.694749,91,55164
48201222401,17,8,0,2,17,0,8,0,47.5,12.921619,9.342676,0.73367429,35.648697,941.08606,10.121766,772,70865
48201222501,4,4,1,2,1,0,5,0,68.599998,13.649487,2.2720818,0.28083554,33.037426,2062.678,11.594203,438,78455
48201222502,8,2,0,0,6,1,2,0,48.5,7.5501261,0,0.65136373,27.869989,1545.3162,8.4507036,69,80800
48201222503,7,10,0,2,1,6,7,1,64.199997,13.233179,1.7058129,0.19685359,33.434906,1807.2838,14.296696,108,79808
48201222600,6,8,1,4,5,13,2,0,53.599998,13.667,1.9428793,0.65339041,34.752697,6877.1064,11.63448,1745,77732
48201222700,13,6,1,2,10,1,7,0,47.799999,12.146213,3.8610039,0.69314718,35.289417,6831.436,16.117405,11846,84370
48201230100,2,3,0,0,11,0,1,0,60.400002,13,8.5763293,1.6762466,15.399505,1354.4061,11.587982,10,159841
48201230200,14,8,0,1,31,3,9,0,40.099998,12.016233,10.819732,1.1451678,19.353724,484.84848,3.5714288,439,36466
48201230300,5,4,0,2,21,1,6,0,37.599998,11.167,11.6179,0.97372866,20.811459,60.83086,5.3164558,28,30230
48201230400,2,4,0,2,29,0,3,1,38.299999,12.206396,9.0811966,1.2109298,18.438166,190.99098,16.691843,89,31673
48201230500,8,1,0,0,9,0,2,0,44.299999,13.04152,1.2437811,0.84718817,35.141449,359.65598,4.6850996,36,30445
48201230600,7,4,0,0,25,3,6,0,39.900002,12.367088,13.333333,0.70128638,20.696505,545.45453,13.852243,10,25920
48201230700,5,1,0,0,8,3,5,0,28.799999,12.748253,7.5321223,0.69314718,19.470104,190.01918,14.112904,25,22761
48201230800,4,0,0,1,14,7,5,0,33,11.27635,3.8394415,0.69314718,20.404263,20.979021,8.8998766,4,25503
48201230900,6,5,0,2,36,3,6,0,42.599998,12.426836,13.763764,0.33402622,22.920233,200.0815,7.3506889,655,28497
48201231000,3,1,0,1,20,1,4,1,31.5,13.043098,9.7619048,0.10840934,32.453197,95.537399,6.1162081,14,22089
48201231100,8,8,0,1,11,1,6,0,27.799999,11.456903,6.5580707,-0.27634311,44.913437,724.3725,10.923803,402,20879
48201231200,5,3,1,1,12,0,5,0,9.8000002,6.8236809,3.751042,-0.85091853,43.682945,65.659393,9.424263,20,10925
48201231300,10,1,1,4,19,4,4,0,25.1,11.86865,5.2509977,-0.001648831,40.308575,234.78729,9.8425198,89,18504
48201231400,4,1,0,1,4,0,4,0,22,11.333,0.37341299,0.47571871,28.269352,680.65271,8.9968977,3,18538
48201231500,7,2,0,0,1,1,3,0,45.099998,12.884483,6.2004823,0.69314718,22.103615,131.69643,11.50748,12,19685
48201231600,3,2,1,2,13,2,4,0,38.599998,11.084409,7.8263963,0.69314718,18.13842,74.650078,3.5398231,8,18821
48201231700,10,4,2,0,8,2,7,0,47.700001,12.342031,2.6616982,1.0888425,32.106167,712.19513,9.3100586,48,36279
48201231800,7,3,0,2,20,0,8,1,34.900002,12.062944,3.058104,0.91703957,19.182753,449.26199,12.239584,36,33177
48201231900,11,3,0,5,17,1,6,0,21.6,9.6461,4.808438,0.16785845,26.915525,267.96231,7.6799355,93,27634
48201232000,6,4,0,0,9,1,2,0,9.8999996,5.3082681,0,0.40820262,24.75503,222.15005,11.954993,51,24118
48201232200,22,11,1,2,20,20,9,1,22.5,7.5754013,0.43025557,0.64349669,16.372414,150.23848,8.757267,388,34988
48201232401,18,11,1,3,16,4,7,0,30.5,7.4973574,0,0,28.590027,418.83875,10.499187,125,19292
48201232403,6,0,0,0,5,0,0,0,31.9,4.6367688,0,0,13.817759,8.3932858,5.2166595,0,20891
48201232500,6,7,1,0,6,4,3,0,41.400002,12.667,7.504169,0.53519684,26.398485,983.67352,9.7861843,637,30894
48201232600,9,13,1,0,1,6,5,0,42.799999,12.217405,5.157767,1.0986123,29.995144,1509.5219,9.7791796,313,35912
48201232701,7,2,0,1,7,0,2,0,28.4,11.187537,0,0.78456575,18.172422,256.79425,5.1973872,141,31849
48201232702,25,13,5,1,6,14,8,0,35.5,15.869343,2.0811655,0.85944539,18.130489,1237.2781,13.102041,233,32363
48201232800,7,19,5,1,8,10,9,1,45,11.409839,0.99840256,0.69314718,16.74991,644.44446,9.337676,165,37311
48201232900,18,5,3,3,9,7,8,1,43,11.414332,0.38769708,0.23776864,13.173388,480.19019,5.0480766,192,27599
48201233001,4,3,0,2,1,9,3,0,60,11.822818,0,0,12.091332,1273.9725,5.9479551,220,30705
48201233003,1,1,0,2,1,0,1,0,50.200001,6.1258564,0,0,12.132217,89.743591,5.328259,16,31744
48201233101,14,7,2,0,5,5,7,0,52.099998,12.797954,1.5033826,0.14527594,11.925324,738.80597,11.09375,57,28844
48201233102,6,7,0,0,5,1,4,0,49.200001,7.3693342,0,0,10.737944,180.08475,8.399682,66,26456
48201233103,5,6,1,3,9,0,3,0,57.700001,12.467478,0,0.50761962,12.273338,650.79364,11.536297,104,29312
48201233200,24,7,1,2,9,41,4,0,42,13.554934,3.1260283,0.69314718,14.946682,1161.3169,13.118813,839,32828
48201233300,9,15,1,3,6,7,9,0,61.799999,10.094621,1.3030529,0.88133621,14.438982,1003.9722,12.175555,446,42359
48201233600,0,2,0,1,12,0,2,0,27.700001,15.120745,10.804322,1.3746819,17.213598,218.10088,9.1340456,131,52034
48201233701,10,6,1,1,9,1,10,1,53.400002,12.592117,0.76804916,1.135107,17.14587,959.50507,3.7390943,15,52979
48201240100,60,25,9,7,18,25,2,0,68.400002,15.513421,7.6581028,0.65292412,38.03616,15903.318,11.09902,5521,97105
48201240400,34,10,2,4,16,8,9,0,40.599998,9.9995022,3.5046729,0.36737981,27.942215,1765.1215,15.643064,809,97704
48201240501,4,4,0,1,6,0,4,0,57.299999,12.084112,0.79113924,0.69314718,36.543526,2216.7061,9.1795292,297,102517
48201240502,2,1,0,0,2,0,1,0,66.400002,9.8755159,0.66811425,0.69314718,37.624821,173.3871,9.7596865,14,105981
48201240600,2,1,0,0,0,2,2,0,18.1,11.167,4.2247571,0.69314718,38.44912,76.10994,9.1859598,19,96779
48201240701,33,6,0,4,14,8,9,0,47.799999,7.6900849,1.1378182,-13.815511,22.345814,672.03357,12.660369,224,73353
48201240702,18,7,0,2,15,1,4,1,42.700001,8.4683523,0.94029149,0.20144647,26.261019,1492.9329,7.2717896,1200,83659
48201240801,5,1,0,3,5,2,2,0,35.400002,11.378748,1.4934289,-13.815511,28.837257,1181.3334,11.160982,230,32431
48201240802,6,5,0,1,11,0,5,1,12.7,8.0190372,1.1644833,-1.8809575,30.847975,115.40102,14.527629,202,45086
48201240902,106,15,3,6,9,21,6,0,28.200001,7.6839767,0.08634087,-0.024110891,34.901939,844.57416,11.575254,556,34513
48201241300,68,27,5,3,31,19,21,1,39.200001,8.3893347,0,-13.815511,19.361719,527.50415,15.950582,649,19255
48201241500,46,36,14,4,20,111,20,0,28.799999,9.3240614,1.9702277,0.5892607,33.547024,1332.1445,9.4767303,4197,62789
48201250100,10,5,0,1,17,5,12,0,29.4,7.1073208,0,0.045587461,14.806015,608.97321,2.3328149,418,52315
48201250402,34,12,4,10,28,30,14,0,21.5,7.2395468,0,-1.6746092,9.3125324,171.15814,17.886179,666,8796
48201250600,47,38,4,8,49,22,17,1,25.700001,9.1265831,0,-0.30408743,25.921442,919.09448,10.343788,2268,22360
48201250701,37,20,2,1,4,8,6,0,13.6,6.1122293,0,0,8.3137016,1037.7946,14.608972,5690,15995
48201250702,24,5,3,3,10,9,4,0,53.799999,8.9061975,0,0,6.760376,1429.6807,12.162741,410,10672
48201250800,17,5,2,7,7,11,7,1,23.5,7.5447512,0,0,5.8872795,183.65062,12.207857,281,8693
48201250900,30,14,5,8,7,28,9,0,18.4,5.3619432,0,0,6.0738826,264.47397,21.679474,407,7640
48201251000,9,7,5,3,5,19,3,0,14.6,7.0651937,0,0,5.8942676,297.08932,12.195122,532,12986
48201251100,34,18,1,2,16,30,3,1,21.5,7.8594265,0,0,9.615942,861.19324,11.975498,1039,12987
48201251200,21,4,7,3,5,51,5,2,36.400002,9.4956083,0,0,8.5286198,1344.2867,17.80822,971,13115
48201251300,33,3,3,5,11,24,7,0,26.9,7.4258184,0,0,2.7930279,253.66628,10.981796,513,11452
48201251401,3,0,0,2,0,2,1,0,42,5.1669998,0,0,4.570034,55.913979,13.703444,9,6976
48201251402,10,4,1,0,8,2,0,0,40.299999,8.9039555,0,0,3.0315232,631.42578,13.798864,262,10586
48201251501,11,1,0,2,5,1,5,0,7.1999998,5.5,0,-0.00620942,6.1307249,11.752756,14.590891,46,6121
48201251502,19,6,0,3,13,8,6,2,41,6.2882509,0.10095911,0,6.3964181,296.0495,19.396244,71,11286
48201251503,4,0,0,0,2,1,0,0,43,4.8330002,0,0,4.7259126,33.51955,17.316017,3,10983
48201251600,20,1,0,3,6,3,2,0,3.5,3.5768361,0,-1.2544037,10.853338,10.185391,29.789942,37,2283
48201251700,23,10,3,3,15,6,9,0,3.0999999,6.1025305,0,-6.3660407,10.947789,61.331692,22.747286,980,1423
48201251901,29,2,0,5,12,3,4,0,2.9000001,3.608438,0,-13.815511,14.444497,15.818517,22.76923,86,2614
48201252000,36,12,2,2,14,18,15,0,9.5,6.8330002,0,-2.7357335,9.8107691,62.893486,10.933941,350,3435
48201252100,1,1,0,1,4,0,3,0,7.1999998,5.5,0,-3.8781214,23.441517,87.073006,20.55785,384,6786
48201252200,14,12,1,1,5,5,7,0,33.200001,6.2182331,0,0,29.333155,415.68066,9.5749998,204,12573
48201252500,16,7,2,1,3,1,8,0,29.200001,5.9747009,0.21588946,-0.31317484,20.777288,861.86237,6.0150375,707,38901
48201310100,15,16,4,4,4,10,13,2,77.900002,17.14397,8.5703866,2.65728,16.825068,2784.2678,8.9862604,584,269437
48201310200,13,13,3,4,5,3,7,0,81.199997,17.167,18.331226,2.7537384,26.904554,4112.3438,3.211679,111,295535
48201310300,11,6,1,2,4,10,6,0,74.5,14.622406,5.2170673,2.6771412,12.408826,1459.6775,6.7561717,51,272131
48201310400,2,8,0,1,4,4,4,1,72.800003,15.156336,4.8674959,2.6230421,20.544498,1539.3939,3.659306,25,251359
48201310500,4,5,0,1,5,3,13,0,67.699997,16.711432,5.9131226,2.5862613,16.14101,1574.0104,13.029827,210,195352
48201310600,6,6,1,0,5,1,8,0,72.699997,15.3661,3.5615995,2.6343505,17.295662,476.67639,4.4468946,149,262519
48201310700,9,10,0,1,7,12,9,0,62,16.667002,3.9673793,2.5624392,18.049276,2046.6046,0.61315501,427,250987
48201310800,7,1,0,2,5,4,3,0,53,13.224948,7.4013158,2.5713165,14.307955,2879.9456,11.082694,219,240125
48201310900,19,10,5,1,7,16,12,1,76.199997,16.104172,6.171751,2.4457815,15.2405,1872.0238,7.259129,222,187316
48201311000,12,11,1,2,7,4,5,0,69.300003,15.413629,3.4500383,2.4185925,17.401691,1303.233,8.9299765,237,184137
48201311100,7,11,2,1,10,1,10,0,68.5,15.458509,4.4709389,2.0659375,18.979998,658.92291,11.331323,81,170596
48201311200,10,4,2,0,5,11,7,0,40.299999,16.172626,2.711987,2.2903984,28.583309,707.63824,6.6734076,177,175315
48201311300,7,8,0,0,4,5,3,0,64.800003,14.375597,2.2259321,2.0079541,23.019358,1272.5664,9.0420771,78,51154
48201311400,3,6,2,0,7,2,4,0,57.900002,16.167,8.3223828,1.7917595,30.475338,2267.6992,12.08267,220,57825
48201311500,7,10,2,1,7,0,7,1,63.299999,15.033197,2.3822128,1.7917595,18.529657,2031.1804,12.79762,237,51927
48201311600,1,2,0,1,0,3,2,0,74.900002,12.464109,1.2416191,1.7917595,13.507394,2336.842,15.23616,170,54281
48201311700,39,13,8,2,10,14,9,0,72.900002,14.84618,4.5747204,2.1688473,23.888016,2948.1621,8.8424435,747,66388
48201311800,8,4,0,1,1,1,13,1,63.200001,11.602838,3.5343035,2.4780376,20.513668,3308.6682,19.347181,1026,247532
48201311900,10,4,2,1,3,3,3,0,68.5,14.107287,6.6061107,2.5590146,20.114336,6729.0889,8.0988913,8672,257175
48201312000,5,4,0,4,13,6,2,1,57.599998,14.205585,8.6786114,2.8152273,18.728619,271.83099,1.7451084,107,274682
48201312100,3,3,1,3,0,0,1,3,63.599998,10,12.903226,2.7150433,14.510167,24149.805,3.3199196,18,274272
48201312200,3,3,0,1,20,0,6,1,67.300003,16.535486,8.6621752,2.7719886,34.844074,873.80957,19.1,67,302848
48201312300,1,2,0,3,23,2,4,1,67.099998,16.07436,7.3995772,2.7725887,41.309425,462.38531,12.911727,114,327549
48201312400,1,1,0,1,15,4,8,0,67.400002,14.86579,12.471132,2.7725887,34.65377,722.48804,8.1967211,87,322575
48201312500,18,15,2,5,13,66,14,0,81.599998,18.355797,14.155983,2.7722516,21.180611,6973.9512,3.3980582,3806,344811
48201312600,20,15,4,12,21,168,7,4,70.900002,17.775845,8.5003036,2.8949907,12.588122,6547.9619,2.7431421,4057,340632
48201312700,7,4,0,1,3,1,2,2,69.300003,16.059841,7.89177,2.8138564,20.536034,3491.9614,3.2772367,828,321473
48201312800,2,2,0,0,4,0,4,1,66.5,14.487632,6.5934066,2.8057232,25.81374,3847.6455,10.702341,1346,301161
48201312900,4,3,0,9,6,8,1,0,55.200001,14.049101,6.5735415,2.8333127,19.643883,249.0909,8.1137304,130,318915
48201313000,14,7,1,3,9,8,0,0,63.799999,14.757182,12.464046,2.8722382,21.84271,768.86792,3.5075161,427,327495
48201313100,9,10,12,12,11,818,3,4,56.799999,14.768513,21.216849,2.9016001,14.740127,36817.453,4.5058885,71232,384829
48201313200,17,8,2,8,13,17,7,0,52.5,13.903483,7.4884793,2.7816503,11.894685,594.57166,4.947917,203,301943
48201313300,10,5,0,1,6,2,2,0,46.700001,13.687719,13.513514,2.6617329,25.471386,305.93607,6.8852463,60,255440
48201313400,21,3,1,6,12,4,3,1,59,14.976972,8.9377793,2.6810029,23.433983,1128.3124,8.1908188,316,247613
48201313500,7,1,0,0,13,0,7,0,58.5,15.79804,9.4146541,2.6945112,24.796795,570.06366,5.8386412,128,253446
48201313600,10,4,0,4,14,2,5,0,58.700001,15.14078,8.2662606,2.6676965,25.244574,937.36017,12.066906,97,263642
48201313700,9,1,4,0,11,4,4,0,61.099998,15.388287,11.986923,2.7372758,19.155535,978.47363,2.8135991,75,287733
48201313800,10,3,0,0,14,0,4,0,57.400002,13.966725,8.8272383,2.7820387,19.833839,742.35291,7.871397,377,285042
48201313900,7,4,1,4,7,22,10,1,71.699997,11.910799,5.9225513,2.821424,13.611878,12594.771,2.3037875,11236,314548
48201314001,3,2,0,6,1,55,2,0,73.900002,12.310682,10.344828,2.864795,14.199876,10377.981,3.1113875,6358,343186
48201314002,10,8,1,1,1,88,2,0,71.199997,12.666651,3.4023249,2.7012491,20.630938,3677.9182,1.1250654,1784,203110
48201314300,26,23,2,9,7,45,7,0,81.900002,14.289867,4.6178712,2.674922,15.736646,7139.9316,5.5415616,2166,221963
48201314400,4,6,2,1,3,61,2,0,83.699997,14.295698,6.0202788,2.8107371,13.600804,14076.087,5.3562407,11652,228105
48201320100,6,7,0,1,7,2,3,0,62.900002,13.182184,3.0592734,1.7917595,15.028112,1197.3684,13.343677,264,51635
48201320200,11,6,0,1,9,2,8,1,43.5,12.386278,3.0095759,1.7792104,13.091786,501.29871,7.7995481,84,52335
48201320500,7,3,0,0,2,0,1,0,39.099998,12.021208,0,1.6094379,19.275227,1190.9218,4.7281322,303,63688
48201320601,6,1,0,1,1,2,2,0,40.599998,15.167,0.41101521,1.7276566,13.866301,3558.9353,10.915819,227,56482
48201320602,11,5,2,2,3,5,7,0,59.5,15.436555,2.315887,1.6094379,15.075085,1886.9863,16.843279,89,59817
48201320700,15,5,0,0,1,1,6,0,58.5,12.999999,4.2765502,1.4892784,18.373646,1981.9548,14.285715,185,52252
48201320900,7,10,4,0,8,6,3,0,58.599998,9.1216574,0,0.69314718,22.16814,1027.9642,8.4135361,53,48685
48201321000,22,3,0,2,10,3,6,0,47.5,8.3779602,0,0.69314718,19.278282,816.99347,15.089035,203,48341
48201321100,15,12,4,2,10,21,3,0,50,9.6160698,0.12221951,0.69314718,18.816294,2702.3865,11.842433,1672,41697
48201321200,5,4,0,0,0,6,2,0,34.5,7.7119002,0,0.69314718,16.93759,593.17584,10.437711,239,48465
48201321300,3,6,0,0,0,2,6,0,67.300003,6.9046206,0,0.69314718,18.033634,1536.5448,8.8735056,48,53709
48201321600,20,8,0,3,12,5,6,0,52.200001,10.453419,0,1.0986123,13.191808,1286.9955,10.869565,152,59376
48201321700,9,6,0,0,5,2,7,0,47.099998,13.053244,5.4928288,1.2891192,17.786245,481.23325,6.5028896,46,61077
48201321800,3,0,0,1,3,0,4,0,51.400002,12.659234,2.5986298,1.5571555,19.244259,95.238091,7.4418602,22,57446
48201324000,34,16,6,6,20,43,4,0,43.299999,8.8626375,0,1.0853543,16.07774,1750.4867,10.347826,2234,54776
48201324200,2,0,0,1,4,22,2,0,61.900002,12.167,4.0369089,1.3862944,27.993782,461.35364,19.928186,38,61363
48201330100,9,1,0,2,4,1,1,0,45.400002,11.551596,1.0589481,1.5472872,10.175865,314.1994,4.8390779,130,48228
48201330200,18,5,2,1,10,6,4,0,30.299999,13.868916,2.4858757,1.8847448,11.819187,762.88062,10.897436,855,33718
48201330301,5,4,0,1,11,6,1,0,43,8.4238291,1.0903639,1.6591949,26.766853,177.93881,8.8549967,8,29941
48201330302,12,5,0,2,11,4,4,0,31.4,10.012235,1.5878617,1.116715,11.550067,175.68134,11.508772,169,21053
48201330303,7,9,1,0,18,2,5,0,39.599998,9.3430405,1.5981735,1.2573385,34.370384,206.2469,12.752075,107,34793
48201330400,8,2,0,4,24,1,1,0,32.599998,11.400625,3.5037098,1.3625612,11.849717,189.39845,9.5526562,124,18637
48201330500,6,3,1,3,10,4,2,0,34.799999,10.38194,5.4373522,1.4757761,10.289252,52.581261,11.355082,5,32876
48201330600,21,7,0,5,10,6,6,1,42.400002,13.67609,4.2741131,0.90012705,13.6134,467.69662,8.4659662,75,21299
48201330700,10,3,0,4,8,1,5,0,28.4,7.8630533,0.97703957,0.27389264,15.49343,438.8519,10.549331,141,21899
48201330800,31,11,0,4,25,10,10,0,20.6,6.4262848,0.11064395,0.62548083,32.917576,435.27454,11.374877,842,22316
48201330900,21,7,2,2,16,4,6,0,27.4,6.8919945,1.7456359,0.69396615,16.958168,141.66231,10.428191,45,19722
48201331100,6,2,0,0,35,2,1,0,54.200001,14.103588,10.187315,2.4780071,14.250754,906.1748,17.610064,21,129922
48201331200,7,6,0,2,32,1,7,1,32.400002,13.992056,13.562686,2.1947918,32.132153,321.4025,7.8776641,100,117679
48201331300,5,5,1,1,18,0,9,0,30.1,10.863266,3.815261,1.249266,19.141665,106.34649,8.2894106,19,102042
48201331400,4,1,1,0,3,0,2,0,32.900002,11.167,7.0045323,1.3862944,23.385302,442.97519,37.223972,57,111020
48201331500,20,7,0,5,19,5,10,0,26.299999,11.799953,4.6851316,0.31924853,26.626579,189.506,9.0013313,170,43424
48201331601,11,5,0,1,12,2,3,0,42.599998,10.954317,4.2854788,0.28988418,36.023766,71.54882,9.4821548,102,36090
48201331602,1,1,0,3,5,0,1,0,23.9,7.2015834,5.3140097,0.026700616,36.389648,343.00562,17.504051,45,31948
48201331700,4,2,0,1,22,0,4,0,28.1,11.878841,5.3977939,0.26065633,38.28458,131.20567,13.446055,56,50537
48201331800,9,2,0,4,17,0,2,0,38.599998,13.406837,4.0640081,1.6601619,45.035259,165.91928,4.5487361,94,114610
48201331900,8,3,0,2,9,0,3,0,46.099998,12.629314,7.8014184,1.8630331,36.777088,551.61786,5.6466303,24,118643
48201332000,6,3,0,1,19,6,4,0,51.799999,13.48347,5.5576139,2.1979396,23.00202,242.67293,8.9127693,29,121472
48201332100,1,2,1,1,5,1,4,0,54.599998,13.763524,3.3156499,2.3882082,19.105871,291.56628,6.8530211,3,137462
48201332200,11,0,0,0,11,0,4,0,59.200001,13.843364,4.9153468,2.2251079,18.089888,2015.4968,9.4995365,66,117454
48201332300,3,0,0,0,5,1,1,0,51.200001,11.333,3.9465695,1.8442392,46.467949,19.86755,5.2974734,6,54825
48201332400,11,4,0,4,10,2,2,0,29.9,11.161772,6.9204152,1.7822216,32.480247,71.022728,10.499266,24,54845
48201332500,5,2,0,1,9,4,4,0,44.299999,11.349887,2.8445006,1.6894459,41.308868,106.80907,9.0373278,91,50417
48201332600,5,6,2,3,9,3,3,1,48.700001,13.428282,2.2186067,1.7580994,30.55459,1015.6617,8.2560291,156,51656
48201332700,10,4,0,2,4,3,4,0,69,13.314821,3.5190616,1.9654059,17.440125,3124.7444,14.205186,331,113035
48201332800,5,8,0,0,4,3,4,1,62.900002,15.197681,3.061615,1.9465538,22.438581,1266.9323,10.928653,351,64734
48201332900,10,7,0,0,1,3,7,0,63.599998,15.722318,4.6082949,1.843124,23.90766,5095.3716,8.6198997,1317,51919
48201333000,9,4,0,2,5,16,4,0,53.299999,15.396985,6.8212824,1.7920958,20.579569,951.80725,4.8141379,134,47246
48201333100,8,6,2,0,1,7,4,0,59.200001,13.420208,3.6081044,1.7863941,19.660545,907.12744,12.311688,226,46495
48201333201,4,5,0,0,1,1,5,1,63.5,13.87431,1.310616,1.6075758,17.675732,1300.905,16.646942,197,56437
48201333202,4,4,2,3,2,7,2,0,61.5,12.572639,1.6116035,1.1444572,21.388498,4506.9443,11.118809,822,47816
48201333300,28,15,8,1,11,10,5,0,52.200001,12.088574,3.5144091,0.69314718,17.395021,2438.7678,13.507201,412,45230
48201333500,9,9,1,3,8,7,3,0,64.800003,14.03126,1.9638098,1.3607768,21.358736,1752.0548,12.17739,399,43285
48201333600,7,3,0,2,2,0,5,0,22.9,6.1722851,1.3342228,0.7600162,35.560963,164.7482,10.757946,75,41531
48201333700,7,6,1,1,5,0,3,0,41.599998,5.9632616,0,0.38073954,22.309496,933.7384,19.555874,65,37702
48201333800,18,8,0,1,15,1,14,0,29.200001,6.5108867,0,-0.16619597,21.851107,326.40143,10.902483,261,36229
48201333901,10,9,1,0,10,5,6,1,43.700001,7.2548962,0,0.69314718,15.623309,1061.3334,5.5453992,111,35756
48201333902,66,14,3,0,11,8,7,0,45.5,9.3471432,1.4068295,0.69314718,14.18901,1872.9642,15.466152,618,39583
48201334001,10,15,0,0,6,12,2,0,60.599998,15.013372,2.0080321,0.69314718,11.776372,2236.8933,18.233295,283,39519
48201334002,11,13,3,1,3,4,1,0,69.599998,13.869189,0.36245016,0.69314718,11.59722,2353.9651,10.725552,273,38065
48201334003,10,9,0,3,3,0,4,0,48.099998,12.909905,1.7712177,0.69314718,11.74707,449.85941,9.9495096,198,35745
48201334100,27,10,2,10,17,46,6,1,32.700001,9.2101774,7.3766234,2.0098624,13.30777,1083.223,7.5361862,4164,113303
48201340100,18,7,0,1,7,6,6,0,28.6,8.7917871,0,0.69314718,20.00412,662.97998,8.0173349,371,30336
48201340201,12,19,2,2,2,6,4,0,20.4,9.3483305,0,-0.3542254,2.1740057,240.31122,8.4682446,543,33495
48201340202,12,3,0,2,7,15,4,0,15.9,6.842587,0,0.2170148,3.0308983,315.43427,11.333617,323,50955
48201340301,7,7,0,5,3,28,0,0,42.799999,8.3674173,0,-0.85862702,4.5782728,222.54546,6.8236718,224,33563
48201340302,16,2,0,2,2,13,2,0,49.599998,7.3009839,0,-0.15902524,6.9637389,884.49847,9.8388758,80,46764
48201340400,4,6,4,1,3,10,1,1,53,9.1669998,0,-13.815511,9.8718882,3562.8059,11.580595,1360,37181
48201340500,12,1,0,2,4,3,2,3,45.299999,8.8904266,0,-13.815511,11.837256,493.54245,12.443371,77,36674
48201340600,8,3,1,0,1,10,2,0,47,8.7021408,0,-13.815511,10.381008,257.96176,13.205908,100,35372
48201340700,20,8,0,5,9,2,7,0,52.900002,9.9452085,0.13559322,-13.815511,10.414971,744.93927,10.284091,127,36564
48201340800,20,3,4,1,13,21,7,0,49.299999,9.7520103,0,-13.815511,5.5379324,570.01794,5.927835,410,38162
48201340900,14,9,0,4,7,14,4,0,27.4,8.0764561,0,-13.815511,9.7683182,505.21512,9.7812634,271,31394
48201341000,24,12,2,1,0,3,5,0,53.299999,8.5592594,0,-13.815511,9.2824841,1273.1165,7.7868848,305,36491
48201341301,16,7,4,3,3,20,2,2,20.1,11.389821,0.36589828,-13.815511,10.836965,1981.0013,2.1870286,6267,35372
48201341302,9,14,7,4,4,42,6,0,54.299999,12.870855,2.6972353,-13.815511,8.1920643,7750.9829,6.0755334,3949,36878
48201343600,13,8,2,3,10,6,5,0,32.400002,7.4244747,0,-3.6132653,17.510529,506.01138,8.4362144,1960,33142
48201350100,40,12,0,7,15,31,6,1,23.4,7.0322886,0.19193858,-1.6076665,10.806122,96.514374,14.289599,485,23591
48201350200,13,8,2,0,9,4,0,0,55.599998,10.118785,0.77322435,0.69314718,11.866461,461.25729,16.367815,625,31936
48201350300,15,4,0,1,11,5,8,1,58.5,10.152557,0.54934994,0.11570855,10.024442,184.09091,15.648148,90,23264
48201350400,5,4,1,1,5,4,4,0,48.299999,13.652276,0.63826392,0.69314718,11.423406,626.71906,13.724114,186,28398
48201350500,16,11,1,2,3,100,11,1,32.299999,7.8449602,0.84817642,0.66037363,13.440804,639.96442,11.175179,835,23435
48201350601,107,11,2,2,3,12,5,0,18.9,7.151475,0.22431584,-13.815511,8.759078,939.0932,9.4439545,430,22031
48201350802,58,25,7,2,5,24,8,0,19.6,8.799696,0,-13.815511,7.3411651,413.36853,9.1736355,421,34197
48201410100,8,11,1,4,10,5,4,1,68.900002,17.041311,5.5035773,2.667685,10.720412,1135.4839,4.6469741,152,365215
48201410200,19,17,3,6,2,22,9,1,68.400002,15.974549,6.6312997,2.6801846,8.9009829,15244.444,1.8944845,4864,406647
48201410300,41,20,5,5,6,16,5,0,73.900002,18.192566,12.235294,2.8157122,7.6762052,9223.3506,1.0579064,1290,424738
48201410401,19,10,0,5,1,18,4,0,72.400002,16.744356,2.0010005,2.8573906,5.0443025,2693.2153,1.380082,249,421071
48201410402,22,10,0,2,0,11,3,0,68.800003,16.615635,2.2965879,2.8291814,7.7661672,3306.05,1.9100431,616,420227
48201410500,23,24,0,4,6,9,5,0,75.699997,16.893818,2.8860029,2.7457447,9.4661493,4574.1177,3.0264816,264,393219
48201410600,18,43,5,3,5,22,11,0,85,18,11.020882,2.7212954,10.890443,37012.82,1.7058256,7080,341541
48201410701,28,32,1,5,8,17,5,0,71.699997,17.460251,5.1757014,2.816226,5.9984837,5679.4258,1.5007321,1298,402205
48201410702,11,15,2,7,3,16,7,1,72,17.990742,6.1050061,2.8447659,3.499459,5569.8003,1.3350286,2004,400960
48201410800,36,21,1,2,4,14,15,1,72.5,17.638666,3.7768739,2.8903718,3.5831013,4379.397,1.0660981,304,421250
48201410900,16,22,1,4,0,18,4,0,71,16.756655,6.7783094,2.8728986,3.2776124,3758.6208,1.5479876,578,403655
48201411000,66,57,8,15,7,79,6,1,76.099998,17.694368,6.3935591,2.8827763,3.7819574,11873.44,0.42411393,2361,421747
48201411100,12,2,3,8,6,15,2,0,54.200001,14.320204,5.5294443,2.817275,5.2505536,2050.0964,0,802,426067
48201411200,6,1,0,9,1,13,0,0,27.9,8.2598925,4.1580042,2.8387785,7.5183625,375.19025,2.8169014,379,424530
48201411300,36,9,19,21,6,86,11,1,74,14.978765,4.0021345,2.4954202,9.6409159,34692.164,0,8604,305285
48201411400,26,11,2,4,1,20,3,2,52,15.365318,7.3313783,2.8476162,6.838079,4205.0898,1.1363636,624,433710
48201411501,44,31,9,7,3,99,13,2,72.400002,15.238377,4.5576963,2.8362021,11.055779,64671.188,2.0258293,35580,423381
48201411502,59,36,27,25,18,102,7,2,77.400002,17.010944,5.7540158,2.9030666,6.4855618,45124.293,2.1921811,17645,424000
48201411600,15,16,0,3,0,18,2,0,59.200001,15.002645,6.1349693,2.6776092,13.975389,1299.8102,0,238,297025
48201411700,13,2,1,2,2,25,1,0,70.599998,13.167,3.6350418,2.7076647,18.224834,9683.083,1.6333938,2263,296589
48201411800,44,42,13,9,3,99,12,1,79.599998,16.54122,7.5805433,2.8795609,12.642753,7493.9761,2.6634383,1779,418418
48201411900,13,6,1,14,6,33,2,2,55.099998,15.541481,7.9507566,2.9144137,5.7168217,2776.657,1.6228316,1001,402297
48201412000,106,31,6,6,10,48,15,0,62.799999,15.614457,10.34975,2.9264891,10.217475,9388.2148,2.8376844,1653,412164
48201412100,3,0,0,1,2,1,2,1,52.5,12.667,5.3003534,2.8903718,7.9471412,6297.8726,3.2806802,3523,409694
48201412200,26,23,7,4,6,160,4,0,59,16.768019,8.0367394,2.8966377,13.024284,2720,2.6666667,1917,394349
48201412600,8,2,1,4,1,34,4,0,62.299999,15.84706,1.7990234,2.7714629,13.479371,1850.4274,3.6952815,169,297168
48201412700,7,4,1,7,5,73,4,0,57.099998,14.445647,4.7169811,2.7100358,17.595341,5311.9497,1.6494846,3084,286244
48201412800,20,2,0,3,6,29,0,0,54.799999,11.600698,0.55432373,2.7815356,9.0058804,299.24243,7.3959255,72,274078
48201412900,12,5,4,0,9,18,3,0,61.700001,14.092534,6.4285714,2.6914968,9.7606277,2594.9043,3.602849,1325,255451
48201413000,5,2,0,8,2,18,1,0,51.299999,12.268749,7.183478,2.7341485,5.9542608,845.16125,4.6137896,261,272957
48201413100,3,2,0,3,3,24,2,0,54.099998,11.039253,3.7243948,2.710592,7.0577178,397.45917,1.899593,56,282673
48201413201,2,6,3,2,1,7,1,0,68.699997,12.377356,3.0276817,2.8663397,8.2476931,2527.7776,1.2165451,126,277613
48201413202,5,2,0,4,2,39,4,2,78.5,12.106398,3.2020493,2.8804805,12.191948,9622.1201,6.2033582,2222,276852
48201413300,23,6,1,3,4,37,12,0,58.700001,14.122172,4.9225423,2.6887758,8.8809891,1421.1382,4.3591981,610,248485
48201420100,3,3,0,1,1,3,1,0,59.5,13.479364,5.6615018,2.6390574,10.5825,1274.1573,11.502347,649,201254
48201420200,8,0,0,1,6,1,2,2,47.900002,13.015724,7.1287129,2.5924244,10.281402,985.75946,6.2876253,94,194684
48201420300,14,11,2,0,2,18,7,0,52.799999,12.882895,6.2518607,2.4574001,11.8895,1153.8462,1.9851116,244,199237
48201420400,11,6,0,3,2,3,3,1,41.5,11.499535,3.2448378,2.2635243,13.823442,206.3158,5.0103307,108,72306
48201420500,3,2,0,1,6,4,2,0,43.099998,12.904827,4.1908446,1.9993278,18.883026,1298.4235,8.4112148,943,55568
48201420600,11,2,1,5,3,11,5,1,55.5,15.736132,7.2886297,2.1849732,14.764601,3475.2688,8.4973164,334,66912
48201420700,9,6,0,5,4,12,3,0,50,14.191219,3.0093289,2.3985143,11.880731,299.20364,0.5490734,62,142721
48201420800,33,10,4,0,3,28,5,0,51.900002,13.669164,8.5287846,2.5701315,11.590553,3102.3721,5.3639846,851,201893
48201421101,12,4,0,1,0,2,2,0,79.599998,13.215827,3.8382049,2.683707,20.702927,3342.3237,4.8663101,217,296655
48201421102,5,4,0,1,0,13,8,0,85.800003,13.155091,2.2665458,2.7223837,20.700691,5043.21,9.0753422,1089,228788
48201421201,4,0,0,0,2,0,2,0,81.099998,11.185863,0.57920649,2.6787286,19.351965,1732.9546,11.552888,54,241776
48201421202,7,10,1,0,0,12,11,0,89.900002,10.084048,2.1611609,2.6701963,18.740244,8206.4219,17.962337,233,241521
48201421300,14,15,3,3,6,50,13,0,85.400002,13.705781,3.4464932,2.5920935,36.898373,5467.7139,14.888668,2259,229345
48201421401,5,11,0,0,0,3,2,0,85.800003,11.85464,1.5738118,2.6390574,21.052631,4154.5454,18.843931,380,237820
48201421402,0,0,0,0,0,0,0,0,92.599998,9.985342,0.46630916,2.7080503,19.309238,790.32257,8.8924389,60,228629
48201421403,12,10,2,3,4,22,7,1,78,13.678892,1.9946809,2.6537058,24.721703,3387.3518,17.109528,204,224163
48201421500,17,18,2,0,4,29,13,0,74.599998,15.262567,3.5056968,2.6906283,20.111677,5096.7744,7.6071529,1437,223149
48201421600,32,13,6,1,15,10,10,0,80.199997,15.967321,5.4862843,2.6361692,17.411619,3705.1509,17.408298,645,224635
48201421700,16,11,1,0,5,12,7,1,59.099998,14.292582,5.8302742,2.6040604,13.939507,977.99176,6.3893652,288,215204
48201421800,11,8,0,2,4,15,6,0,62,12.246968,4.8885413,2.4819853,12.293169,1061.9469,9.4093409,377,203177
48201421900,8,4,0,2,5,10,4,0,52.700001,12.963984,3.202562,2.2181516,16.713396,1062.3053,4.5855379,508,95617
48201422000,7,5,0,1,1,1,2,0,46.299999,12.419686,4.7811695,2.0787532,19.023952,134.51328,3.3076923,90,73803
48201422100,15,3,0,2,9,5,6,0,50.5,12.228473,3.9735099,1.8556694,22.659275,439.60825,6.5156794,72,60776
48201422200,5,1,0,1,13,0,4,0,53.400002,12.195863,3.0987969,1.3954655,27.551168,946.90271,2.7063,154,40064
48201422301,7,4,1,3,3,2,4,0,73.5,12.901093,1.1931592,1.9084089,18.237211,671.42859,7.4384236,119,52752
48201422302,8,2,0,1,2,1,0,0,57,11.833,2.0325203,1.9303652,17.080908,126.86567,4.5725646,4,52123
48201422401,17,1,0,1,8,3,1,0,64.800003,12.29241,1.7893661,2.3025851,15.441815,521.875,9.4022417,78,71919
48201422402,6,3,1,1,2,4,3,0,56.900002,12.277111,3.4582133,2.1963277,16.313353,249.04942,7.9535022,111,65307
48201422500,24,4,2,3,8,23,4,1,61.900002,13.279078,4.6519355,2.3025851,15.213783,2025.2455,11.009732,989,106751
48201422600,9,11,1,2,4,8,5,0,55.200001,12.537884,6.3168977,2.4916365,13.104352,890.28571,12.71255,550,170506
48201422701,5,1,0,0,4,2,1,0,53.099998,13.339906,4.0849673,2.57722,19.511017,312.67606,5.3126278,267,203696
48201422702,2,3,0,1,3,2,0,1,52.900002,10.807618,2.3661639,2.500392,23.751207,30.181086,3.7082818,4,203261
48201422800,13,1,4,4,7,148,4,0,59.5,12.482526,4.2535091,2.5224204,16.197676,3297.2974,12.13198,2751,149269
48201422900,16,18,1,7,10,77,11,0,64.199997,15.332999,3.8338658,2.2480438,19.75927,5958.333,8.0348949,2250,112115
48201423000,6,4,0,2,7,1,7,0,40.700001,11.645646,3.1296024,2.4402838,15.597252,361.39331,7.3540859,192,101170
48201423100,10,2,0,1,5,3,1,0,66.199997,11.985653,2.8808066,2.0953288,17.444223,7790.4761,18.223234,1340,103121
48201423201,9,1,0,0,3,1,4,0,35.700001,10.678307,1.070091,1.8856993,13.356577,24.032042,2.9259896,7,92890
48201423202,9,1,3,1,9,3,3,0,53.400002,12.441915,1.8276762,2.0508597,16.217091,1398.5765,9.2555332,464,91950
48201423301,7,2,0,3,7,16,6,0,54.200001,12.128035,4.1453304,2.2584376,15.845943,353.67761,10.175288,135,93862
48201423302,23,5,2,6,20,13,5,0,59.599998,14.089453,3.117207,2.1958027,16.275631,887.34174,8.9827728,248,72572
48201423401,8,6,1,6,17,14,8,0,48.700001,13.470808,3.9651071,1.8658836,17.342787,699.08466,11.264656,494,48491
48201423402,8,4,0,2,5,5,6,1,48.299999,13.783064,2.7404086,1.5880539,13.494873,488.17566,1.3377926,225,67565
48201423500,4,2,0,3,8,1,3,0,54.799999,16.167,1.8231541,1.6835459,12.622001,1126.8191,6.2436028,557,62960
48201423600,8,7,0,1,12,4,8,0,49.5,11.138256,1.1163829,1.2202284,16.376833,695.20819,2.3549488,710,40258
48201430100,22,6,6,16,3,39,5,1,43.200001,13.693649,8.0515298,2.1447835,11.081903,2901.3831,0,1915,239776
48201430200,2,0,1,1,0,4,0,0,38.099998,11.667,5.065123,2.0954566,14.533175,479.85349,3.2786884,28,256416
48201430700,99,20,7,3,0,19,6,0,63.599998,15.005391,4.9720323,2.1442485,6.4303126,11310.443,2.6523297,2718,192571
48201430800,37,39,16,8,10,260,13,0,61.700001,14.217364,6.6551639,2.1796074,4.7922707,9462.4414,5.3708444,15573,170980
48201430900,31,8,3,3,3,30,7,0,40.900002,11.78627,2.8290897,2.2272835,4.297617,315.83795,3.6039948,186,201566
48201431000,16,7,7,7,4,20,0,0,41.200001,11.837444,1.4798372,2.1917777,31.995264,1135.8561,7.0631971,1200,162487
48201431101,14,5,1,1,0,30,5,0,71.199997,13.470263,2.866242,2.1192815,15.82811,3795.6655,6.9904675,287,205521
48201431102,9,10,1,2,2,25,3,0,53.799999,12.930567,0.8841733,2.1567972,14.799587,3278.6885,4.269393,785,213302
48201431201,9,6,2,1,1,19,1,0,73.099998,12.999428,1.9911504,2.4921339,21.494518,3343.7498,5.7942057,581,233472
48201431202,20,4,8,3,1,47,5,0,55.900002,12.040507,1.2363487,2.5891449,18.487366,7814.5952,1.3392857,1368,259895
48201431301,21,16,7,0,3,12,3,0,85.5,14.109353,0.94002632,2.6216698,16.303581,3917.5256,1.4508623,212,261116
48201431302,30,18,2,4,5,13,6,0,63.200001,15.335113,1.8681612,2.6258588,15.30967,4003.906,3.3180196,378,261999
48201431401,11,10,2,2,2,19,4,0,86.300003,14.5,1.8889309,2.6724164,12.274422,46985.715,1.5283842,3474,256900
48201431402,16,9,2,10,3,17,6,2,75.699997,13.317619,2.6690391,2.703011,12.165313,13761.732,0.66904551,2063,257876
48201431501,17,13,4,7,7,43,3,0,75,16.250708,3.7058153,2.4378574,12.813206,9261.1934,0.65681446,3319,263843
48201431502,24,11,7,4,3,18,6,1,64.5,12.428802,2.3384975,2.3507442,14.429781,3561.7717,3.1980321,640,267536
48201431600,15,8,2,6,4,16,3,0,39.599998,14.328851,5.5710306,2.272207,13.377951,1293.1338,0.81433225,754,262650
48201431700,35,12,6,26,9,42,4,1,48.799999,15.268527,5.4147182,2.4504786,12.538201,8232.9248,0.91836733,3171,253725
48201431801,23,8,4,8,4,38,1,0,61.200001,13.557586,3.0508475,2.654587,12.097611,19746.301,2.9411764,5589,254549
48201431802,75,82,24,15,9,48,20,3,81.199997,15.609563,7.5662043,2.5479794,11.838648,53562.734,1.3800424,11713,287335
48201431900,215,43,18,24,6,38,12,0,81.199997,16.697628,9.4217024,2.6390574,14.776066,52873.98,0.55511498,8710,288497
48201432001,44,39,2,9,2,32,6,2,74.900002,14.846618,6.4829822,2.707099,15.041854,7271.583,2.0871143,1383,241469
48201432002,45,17,0,0,1,8,2,0,86.400002,13.604932,1.7540013,2.6686659,16.209797,7727.9409,2.1195273,625,254451
48201432100,37,20,3,4,5,7,11,0,77.300003,13.909469,4.980511,2.6087923,21.716024,4096.9302,5.8611364,526,250721
48201432200,20,19,0,2,4,8,8,0,62.900002,15.606963,3.9673279,2.4019189,17.366274,2829.9844,9.0870123,1067,213304
48201432300,17,22,10,5,4,16,7,0,68.400002,15.371604,3.4407257,2.1184208,30.212379,20470.414,4.1648107,7057,158699
48201432400,18,8,0,6,12,21,8,1,71.300003,13.370565,4.5320197,2.2537153,28.719198,12490.857,3.7651942,3100,152740
48201432500,14,16,0,1,13,6,6,0,73.800003,14.228602,2.2078537,2.4315386,21.708158,4893.8462,4.4888597,1608,210973
48201432600,27,6,0,2,5,13,6,0,71.5,15.505185,7.512152,2.6102645,16.386055,6766.0908,6.5476193,608,252417
48201432701,21,18,0,4,12,17,11,1,83.5,13.406002,1.4990256,2.6549668,17.828268,4388.8892,9.1932459,895,254718
48201432702,26,13,1,0,2,5,4,0,74.699997,16.099529,4.7409414,2.6861408,17.94375,4766.292,5.2070522,687,234069
48201432801,117,34,5,11,16,47,17,1,74.900002,12.738346,6.8592808,2.5068448,26.87516,11755.529,5.4447851,6470,247287
48201432802,114,23,3,1,8,21,11,1,87.5,12.015363,3.1826862,2.4866805,34.594788,9876,14.114239,4930,214794
48201432901,75,6,1,0,4,3,4,0,69.199997,12.413964,5.4881571,2.5149465,17.393843,1503.5972,9.1349487,74,194601
48201432902,9,12,0,3,1,18,7,0,46.200001,12.085766,2.2988506,2.438148,18.956774,454.38901,4.5842829,139,188064
48201433001,22,18,4,3,15,15,17,2,77.5,13.476428,3.5848718,2.2822564,14.842317,8610.8789,6.5693431,2520,150712
48201433002,13,13,0,0,6,15,9,0,73.5,13.220837,2.3547881,2.1972246,13.4391,2072.5806,6.4406781,116,159375
48201433003,21,55,7,2,12,34,13,0,77.400002,11.915807,1.1811024,2.158813,14.029452,6140.0562,5.3586864,1237,127116
48201433100,13,24,1,0,2,16,4,0,69.199997,12.89457,2.3809524,2.0174055,10.264613,7895.3848,7.2550082,1432,120318
48201433201,11,8,2,4,4,7,5,0,65.400002,12.899371,1.630324,2.0365741,11.652105,1784.87,8.618331,780,111313
48201433202,4,5,0,1,1,2,5,0,54.900002,13.159198,3.4462952,2.1150188,17.719728,297.2973,3.6475604,34,122681
48201433300,14,17,3,1,4,8,7,0,55.900002,13.833139,4.3823038,2.4438081,19.01582,454.54544,1.2916045,212,150391
48201433400,13,4,1,1,4,6,3,0,48.400002,10.732885,2.0473157,1.9711398,12.808528,1774.2448,5.7692308,310,124326
48201433501,14,7,1,8,9,25,10,1,72.699997,14.179044,2.574831,1.9459101,11.257502,7737.8438,10.923695,3808,113284
48201433502,5,4,0,1,2,1,1,0,77.699997,12.10373,1.3420567,1.9459101,13.503796,2390.3225,9.9930611,720,109758
48201433600,19,15,2,4,5,4,5,0,80.800003,13.118318,2.1834061,1.8798329,14.27717,9568.5918,11.661912,4177,99460
48201440100,20,10,1,3,21,11,6,0,47.900002,12.032756,1.5745777,1.388242,11.954266,1951.2771,6.1927176,1303,66981
48201450100,7,1,0,1,1,4,2,0,45.700001,12,1.2406948,2.0106678,8.2988796,292.06351,2.4122806,44,153916
48201450200,10,13,2,4,4,40,4,0,48.599998,15.343249,2.5036512,1.7126095,5.9220748,2897.6143,7.4723244,1497,141657
48201450300,18,7,5,4,9,18,5,0,65.900002,11.944629,0.86717734,1.4810878,6.7674384,6038.144,6.0713315,2189,150507
48201450400,15,15,6,6,6,57,6,0,56,14.374639,3.1263026,1.2687334,7.0613089,7623.6265,1.8608773,5329,125463
48201450500,8,11,3,3,1,7,1,1,55.700001,13.508748,7.8247261,0.038099825,14.467366,12673.732,9.4322348,2795,108329
48201450600,13,12,1,0,2,11,2,2,45.900002,14.825391,3.5131744,1.1713717,10.07867,6331.4766,7.8298697,1213,135624
48201450700,40,25,4,8,8,37,9,0,34.200001,13.667771,3.7402753,1.916409,5.8186493,505.91714,2.7373068,338,149746
48201450801,4,0,0,0,0,1,1,0,36.900002,8.9230747,0.48804295,2.0794415,17.48694,143.67816,5.6083651,44,160418
48201450802,9,2,0,3,2,13,9,0,64.599998,10.250489,1.5733166,2.1870537,27.337605,2360.4827,2.7368422,1141,169252
48201450900,18,12,6,5,3,12,12,0,60.5,15.301863,7.7047851,2.1239169,32.85537,15001.598,2.8050492,4164,149249
48201451001,21,12,1,5,7,8,8,1,69.400002,15.223331,2.1016431,1.9714088,26.672392,4931.2378,8.1873312,1300,154689
48201451002,4,13,4,1,6,3,3,0,78.300003,10.916706,0.40592653,1.7943701,16.815796,892.24139,11.520429,128,154281
48201451100,8,8,0,3,1,6,3,1,45.299999,12.642923,2.1665864,1.9855298,17.56217,894.79395,14.307078,657,153661
48201451200,6,1,0,2,4,8,2,0,46.799999,12.355608,3.4762457,1.7055023,15.766368,2409.5093,4.4062734,259,150604
48201451300,26,20,3,2,8,17,6,0,61.799999,14.396885,2.9913252,1.6997216,15.886837,1369.7478,4.0907817,855,140920
48201451401,7,5,0,4,1,15,3,0,60.599998,15.088764,2.499219,1.454368,14.837717,4014.3198,3.9873416,1378,134661
48201451402,11,9,0,2,5,3,6,0,51,12.575666,1.8374847,1.3862944,14.286942,1348.5715,3.0312908,545,129338
48201451403,7,7,1,1,2,8,1,0,47,14.211808,2.8666985,1.3862944,15.134335,417.21854,10.079052,189,125858
48201451500,13,14,3,3,3,6,5,0,54.200001,15.163575,3.4461788,1.2397629,15.473957,8776.7627,5.6534753,5665,146102
48201451601,18,20,4,4,4,14,9,0,56.799999,14.09666,1.3089005,0.39477864,15.842529,1706.9369,14.99215,2419,109864
48201451602,27,19,1,7,7,9,7,0,50.900002,13.652374,2.2114109,0.88853353,15.090887,549.21021,10.692864,317,107861
48201451700,26,15,2,2,6,15,7,0,64,14.836356,3.2041012,1.282552,7.1575003,1845.9259,12.655705,246,87160
48201451800,11,4,1,2,10,1,4,1,33.599998,11.557909,1.4858841,1.3700203,9.7494268,472.38928,11.364459,378,84953
48201451901,11,4,0,1,10,7,4,0,53.400002,11.35624,2.3300439,1.3862944,9.2139721,334.16458,8.0491476,173,108357
48201451902,7,7,0,1,7,106,4,0,50.200001,11.5,2.4263432,1.5458398,9.7314901,1893.3501,9.7027969,1702,123607
48201452000,19,12,1,2,6,5,8,0,68,14.6597,1.9366441,1.4138011,7.3061075,1835.9789,7.056251,729,114994
48201452100,35,31,4,5,3,36,10,0,56.200001,14.648818,2.5783164,1.859499,23.162477,4465.7144,10.471104,3745,136249
48201452201,18,13,3,3,8,15,6,2,75.199997,14.999093,4.2154567,1.9608648,32.128178,10275.665,10.500155,3128,146591
48201452202,12,6,4,0,8,4,1,0,63.700001,15.797803,5.5684455,1.9459101,30.140766,4949.0664,0.50027794,1921,133792
48201452300,16,14,4,0,3,7,4,0,62.799999,12.5,5.1322542,1.7314798,17.167204,12214.1,7.5513201,5050,120074
48201452400,12,18,2,3,10,18,9,0,62.299999,12.142823,2.3117168,1.5099182,17.572271,1475.5814,12.121212,1127,130579
48201452500,20,23,2,3,16,14,9,0,59.400002,13.427019,3.6610879,1.2377404,14.277833,7202.8027,18.662613,8555,113089
48201452600,11,19,2,0,15,11,11,0,55.900002,13.581213,3.5755149,0.89604521,8.5870962,1336.2832,8.0341377,622,100145
48201452700,29,22,1,7,15,17,12,0,52.799999,13.467567,2.3248762,0.7286095,12.023932,584.17511,10.005332,556,77268
48201452801,9,1,0,3,12,3,3,0,52.799999,12.047688,1.907735,1.0986123,13.412116,377.02267,12.439613,163,98193
48201452802,4,6,1,1,4,5,4,0,55.599998,13.964355,2.0627063,1.0986123,15.051686,251.49701,12.720849,53,103113
48201452900,2,8,0,0,12,4,1,0,52,13.683781,0.99850225,1.3085999,17.733217,1374.0157,9.8999472,188,104818
48201453000,30,36,1,2,14,19,17,1,57.200001,14.848406,2.329984,1.4269544,17.927259,891.30438,7.4960842,244,120844
48201453100,14,14,2,2,4,11,6,0,39.099998,12.332999,4.5735808,1.8176296,12.634063,1026.9005,4.2562928,198,118797
48201453200,13,12,2,3,5,9,5,0,69.800003,13.835465,2.6474482,1.8906076,9.822876,2258.8235,6.4490652,405,112752
48201453300,10,13,3,1,13,15,5,0,64.099998,15.333,4.770017,1.5515083,7.2148619,6485.5708,6.1591105,1862,100285
48201453401,4,4,0,1,1,1,3,0,59.099998,12.890693,0,0.98787451,11.033826,691.89191,8.1137304,239,76161
48201453402,19,4,2,3,10,7,11,0,54.799999,11.798355,1.0243278,0.96233779,10.506047,5963.4014,5.6811914,803,98668
48201453403,7,5,0,0,1,2,2,0,68.699997,12.063057,0.2737476,0.79903942,8.5336485,848.48486,20.794149,56,98105
48201453501,21,5,2,0,8,7,5,0,58.900002,9.8160372,0.31176929,0.87692565,9.1318474,567.98627,10.120846,135,87143
48201453502,16,3,0,2,10,3,4,0,55.5,11.96413,1.1740534,0.71734887,10.975037,1158.7301,18.457144,135,85463
48201453601,3,6,0,1,3,0,7,1,34,12.833,3.2502709,1.0986123,15.125899,287.87878,9.5103579,67,104283
48201453602,13,15,2,3,14,13,3,0,54.5,13.208776,3.0880773,1.3233663,12.579536,934.21057,8.7285042,336,108567
48201453700,12,7,0,2,8,6,6,0,59,13.615608,3.2486367,0.95507848,12.258393,792.45282,16.310337,806,106258
48201453800,4,4,0,1,4,1,2,0,38,9.1444445,0.25144581,0.74677253,14.913744,412.85715,7.9330816,66,78415
48201454000,13,14,0,3,14,2,7,0,58.299999,15.169467,1.1668611,-13.815511,5.5939922,1267.746,13.304888,366,45473
48201454100,10,8,0,1,16,4,3,0,53.700001,14.008015,1.6611296,-13.815511,4.2101254,658.68268,10.534675,87,46189
48201454200,3,3,0,1,6,0,2,0,51.099998,10.790043,0.48959608,-1.9773538,5.7297506,156.07985,16.34137,3,26057
48201454301,72,14,3,2,8,14,10,1,57.700001,13.419389,1.7732151,-0.078661948,5.1583924,1510.1506,19.448206,446,50557
48201454302,9,11,0,0,11,6,5,0,54.200001,10.701131,0.29325513,-0.18868913,6.5131502,162.6394,7.9772935,65,36405
48201454400,14,11,3,2,4,4,3,2,5.3000002,7.8330002,3.1948882,0.63690746,13.584509,282.3175,10.416666,1331,60929
48201454501,28,12,3,3,10,64,6,0,31.6,8.9013567,0,1.7444594,10.053717,606.18469,8.9585047,1084,38052
48201454502,13,2,0,2,4,4,1,0,13,3.3329999,0,1.7917595,9.2973022,19.297037,18.072289,27,14232
48201454600,24,23,3,4,4,45,7,0,59.299999,10,0,1.6961533,7.3825831,2750.3923,16.129032,1420,28140
48201454700,21,10,0,3,11,12,5,0,57.5,8.0956278,0,1.7896985,8.0563812,404.52829,14.188268,303,28052
48201454800,24,17,2,6,4,60,11,0,57.599998,10.216973,0.13745704,1.7917595,6.9131851,1355.6929,15.290083,513,24275
48201455101,19,10,1,2,11,29,5,0,56.799999,8.9986725,0,1.7917595,6.8487959,1043.6847,10.157764,547,20763
48201455200,29,15,0,1,7,16,5,0,56.200001,9.8116598,0,1.7917595,9.0249844,819.29987,15.061615,293,22291
48201455300,19,15,4,2,4,17,3,0,28.299999,8.3330002,0,1.7917595,8.2640038,1306.5658,13.157895,638,19684
48201510100,8,2,1,2,8,6,6,0,78.800003,15.617011,12.208068,2.7172036,10.524579,14245.218,2.6990554,9318,314169
48201510200,19,14,3,5,8,26,11,0,68.900002,17.700378,7.7790743,2.6807108,9.3397293,3172.8938,0.85726529,895,355184
48201510300,18,10,1,2,8,9,7,1,55.799999,14.805116,6.4352244,2.50599,10.994515,652.17389,4.129077,211,239649
48201510400,24,12,1,5,4,3,5,0,61.700001,16.407574,5.9199621,2.4750199,10.988673,2080.5605,2.872777,489,296468
48201510500,12,12,4,1,7,9,6,0,63.200001,16.368134,6.5068493,2.391217,11.740965,2564.636,2.5901942,520,326921
48201510600,17,37,4,4,6,34,10,0,76.199997,17.806057,9.5442615,2.540307,9.9102087,4472.0498,0.45248872,1298,397963
48201510700,7,20,2,2,0,15,3,0,65.300003,16.872387,5.2576236,2.6588223,9.018425,7069.3779,7.8607855,1557,398214
48201510800,35,35,3,9,9,34,11,2,26.200001,15.986168,4.8719158,2.6768956,8.4920235,1010.5975,0.33853677,2407,419290
48201510900,33,12,1,7,11,11,5,1,64.800003,14.284246,7.9846694,2.460552,7.7357874,4422.8188,4.2025638,3057,347602
48201511001,14,5,0,1,0,12,9,0,62.5,13.906292,5.4759899,1.2980537,8.5658607,2903.3372,3.0096536,964,217657
48201511002,6,5,3,3,3,7,5,0,53.700001,14.123436,6.0214095,1.9701109,6.8936229,2792.8484,2.217742,400,334922
48201511100,9,9,4,4,3,102,5,0,62.200001,14.511843,4.4658193,1.4755992,10.808182,11732.782,3.4745357,4816,131839
48201511200,10,10,0,6,6,5,7,0,53.799999,15.087314,3.9408867,2.087023,9.2225895,1913.1514,0.90959203,593,300187
48201511301,43,16,6,3,4,14,10,0,66.400002,16.963934,5.6818182,2.1748791,12.26664,2542.98,0,511,298574
48201511302,14,6,0,6,9,13,5,1,61.700001,15.331239,7.9723625,2.1702905,14.666512,1001.6313,5.6300268,229,242441
48201511400,7,8,0,1,7,3,6,0,68.5,16.393612,7.0682237,2.1453791,16.152317,2246.0498,5.8444548,69,211468
48201511500,21,12,1,3,11,51,11,0,67.300003,16.760849,7.6007931,1.9747252,16.495493,1988.2253,1.405309,885,204599
48201511600,8,14,0,5,3,6,26,0,66.099998,17.487314,4.3780582,1.9947171,18.66893,2151.3943,2.338042,328,199291
48201520100,17,22,2,1,2,5,2,0,71.300003,13.333,11.279826,1.5704868,7.8909693,6117.2471,1.8446602,1752,225817
48201520200,13,10,2,6,6,3,5,0,53.400002,14.644884,3.4255599,1.6704245,7.6137748,2890.3923,0.41395625,345,238714
48201520300,10,6,2,1,4,2,5,0,53.700001,14.320957,2.9974637,1.6094379,8.7963667,1581.4362,11.389622,97,217372
48201520400,14,13,1,0,6,11,6,0,70.5,15.038857,7.840772,1.6094379,12.508392,3520.3047,5.4567752,427,159218
48201520500,78,26,9,2,12,14,20,0,69.800003,13.047216,7.1197411,1.3560243,21.413462,5638.3345,8.2966394,3779,121956
48201520601,12,6,1,2,3,2,5,0,63.400002,14.667,6.3719634,1.6094379,14.420387,3623.1885,3.5645473,264,133537
48201520602,6,4,0,0,4,3,5,0,60.5,13.405664,1.6943931,1.6094379,14.337711,1307.6924,5.63976,103,178647
48201520700,20,14,3,5,12,28,13,2,54,15.555627,3.6278829,1.6167486,11.694248,2395.2568,3.1374786,547,201017
48201521000,18,7,3,5,6,17,4,0,57.900002,16.333,4.9706281,1.8484205,13.576048,3423.4233,11.445783,845,180618
48201521100,1,2,0,0,8,2,2,0,51.299999,12.5,2.9717682,1.7917595,15.565897,398.2684,7.5671277,28,152689
48201521200,10,10,0,0,6,25,2,1,54.799999,12.638632,1.9667171,1.6177585,12.644842,1634.4827,6.6214972,381,143061
48201521300,11,8,1,1,13,6,8,1,46,13.040874,3.1320689,1.5712003,10.468596,898.75665,6.2377405,78,120072
48201521400,7,7,0,2,3,0,2,0,60.799999,12.087945,0.79713033,1.4287438,13.656624,1339.0118,10.425844,71,116066
48201521500,7,6,0,1,6,1,8,0,50.599998,12.579029,0.7947862,1.4253294,10.315835,551.59235,3.2369144,44,132827
48201521600,28,4,0,2,12,1,9,0,58,9.2679024,3.9581566,1.3831749,16.931538,3810.2446,4.7505937,217,117167
48201521700,38,29,13,4,8,23,15,1,66.699997,12.201728,2.6352503,1.3501825,15.82708,8054.1177,7.0541763,5180,112260
48201521800,13,12,1,2,6,7,8,0,50.700001,12.033522,3.5296303,1.3876989,17.623596,4065.2415,6.2798634,2464,130124
48201521900,17,11,4,5,9,8,6,0,46.799999,14.508367,3.2670841,1.078629,10.985097,1175.951,8.9508858,602,144031
48201522000,4,4,1,1,2,1,2,0,42.900002,9.5453854,1.7671747,1.3862944,8.7663565,335.91733,3.0333166,224,134729
48201522100,21,9,3,3,7,9,5,2,54.099998,12.959059,2.1124281,1.4862521,11.956553,971.91016,8.6461296,249,149133
48201522201,6,5,0,1,3,7,5,0,56.599998,14.527051,3.9014874,1.6958894,14.564979,2030.2067,1.2030076,343,162532
48201522202,3,5,0,1,9,1,4,0,35.700001,13.841116,2.9917726,1.6007438,17.090876,872.62073,10.760999,320,179029
48201522301,19,16,1,1,8,14,11,1,63.700001,14.769547,2.0529665,1.9441949,14.649615,7852.3359,1.8777292,2606,206808
48201522302,18,15,2,0,6,12,6,0,69.900002,15.230221,2.8453182,1.7972939,15.85741,5346.0801,1.3526119,1645,177261
48201522401,15,14,2,3,7,12,15,0,54,15.566329,6.1974325,1.6392864,13.717147,2276.2173,6.2583671,520,172722
48201522402,27,6,0,4,6,4,2,0,62.099998,12.909765,1.9449847,1.4652539,11.344172,5941.2827,3.7500002,1110,175278
48201530100,19,11,9,7,16,26,7,0,65.599998,14.103604,3.2144944,0.86059433,21.819609,11359.92,12.395929,4238,135670
48201530200,22,15,1,4,12,25,12,0,51.900002,14.03033,7.8682075,1.4279671,16.613768,2857.0381,5.873569,1016,108063
48201530300,12,1,0,0,22,0,2,0,57.799999,14.434513,8.1300813,1.8232969,14.28161,1299.0127,9.561305,328,195905
48201530400,7,4,1,5,12,2,10,0,66,15.827867,9.4732853,1.5006721,14.389824,1716.6123,14.348303,48,189432
48201530500,8,4,0,0,11,1,5,0,48.200001,12.212239,2.6696329,1.3596363,13.564683,994.51154,4.2273369,460,65571
48201530600,13,11,1,1,14,13,6,0,60.700001,15.226837,14.453478,1.4044983,16.331972,3781.0403,8.1028938,720,79147
48201530700,14,4,1,1,4,31,6,0,61.599998,13.632213,4.440649,1.1164746,16.195719,2314.7632,12.948659,1344,48182
48201530800,9,6,0,5,33,3,10,1,41.900002,13.570892,17.046879,1.0033833,19.561054,393.92236,5.0063372,104,68086
48201530900,7,8,0,4,6,1,5,0,50.599998,13.259367,3.0106531,1.1940794,17.063932,510.99612,5.4393306,33,69946
48201531000,15,2,0,5,6,7,2,0,42.400002,14.106812,4.0650407,1.28477,15.647164,1026.0586,4.4157243,301,87993
48201531100,9,3,3,2,2,9,4,2,47.900002,15.000001,3.3840948,0.71921295,14.925866,2923.0769,1.9323671,274,86673
48201531200,3,3,0,0,7,2,2,0,39.900002,12.15381,2.3317788,0.27092612,19.55105,572.39514,2.7705176,162,96408
48201531300,16,6,0,1,2,3,10,2,65.800003,12.790202,1.9041025,0.21061112,20.925823,2529.4116,5.1172709,336,102748
48201531400,4,0,1,0,1,0,0,0,54.400002,16.167,6.838506,0.81392872,22.307293,3564.4768,4.244482,151,101569
48201531500,13,4,2,1,5,4,1,0,58.400002,14.929402,4.4008125,1.0529274,18.785355,884.6676,8.6731386,125,101298
48201531600,9,2,0,2,10,4,5,0,49.299999,14.492404,2.7444254,0.40160093,19.239849,1332.2333,9.5396929,226,87666
48201531700,11,3,0,0,5,3,1,0,46.900002,12.833,7.4173972,0.69314718,15.091635,1763.5605,4.0650406,187,75153
48201531800,5,3,0,0,13,1,2,0,26,10.59607,7.4775673,0.69314718,31.911901,195.3748,10.97561,20,69785
48201531900,5,4,0,2,19,2,6,0,31.1,12.088838,3.4129693,0.51798719,31.190836,387.92587,7.8409715,149,81955
48201532001,11,6,0,2,4,4,5,0,57.900002,12.869226,2.4871203,0.73738873,49.147827,1094.6666,7.821229,129,79347
48201532002,1,0,0,0,3,2,1,0,47.400002,12.333,3.0241935,0.85262412,29.824633,336.03241,10.610932,3,88582
48201532100,17,9,1,2,8,3,6,1,56.200001,13.960081,2.0217729,1.0986123,28.409735,1662.0879,6.0261707,159,92094
48201532200,2,0,1,1,1,0,3,0,61.900002,10.902184,2.8901734,1.0986123,48.084736,3116.9917,4.1958041,625,89649
48201532300,44,20,7,4,15,12,7,0,57.799999,14.250839,2.5355959,1.0986123,18.08597,5379.3823,6.5361209,3985,103846
48201532400,8,7,0,0,7,4,12,0,41.5,9.0933762,0,0.98609805,31.217659,927.06012,8.8082905,260,76218
48201532501,10,8,0,0,4,2,8,0,36.799999,5.9293709,0,0.81060666,23.192204,110.81081,6.6457229,35,104758
48201532502,7,5,0,1,4,0,5,0,38.299999,5.2876816,0,0.8289023,32.548504,191.16234,11.129568,16,89260
48201532600,17,2,0,0,8,2,13,0,48,10.735125,0.85280573,0.69314718,24.438932,421.10358,5.6105609,33,66854
48201532700,11,3,0,1,9,1,5,0,40.900002,8.177763,0.77160494,0.69314718,42.662872,239.17322,6.4349456,26,84143
48201532800,4,2,1,0,4,6,5,0,51.599998,13.167,8.4459459,0.69314718,47.907276,477.58282,8.6404066,111,74226
48201532900,12,2,0,1,9,5,1,0,52.700001,11.797961,1.5095967,0.69314718,27.186697,227.61761,8.4553442,38,73402
48201533000,3,1,0,1,2,0,1,0,26.700001,11.667,5.1772202,0.69314718,31.375374,153.50877,12.81216,24,71575
48201533100,11,2,0,1,13,0,2,1,40.900002,10.587101,2.1779714,0.68866622,39.110336,95.910782,13.277202,0,70248
48201533200,3,2,0,1,16,2,5,0,41.700001,11.249125,7.8901227,0.67624205,40.558567,60.928432,12.6401,7,66683
48201533300,6,5,2,3,27,6,8,0,46.099998,13.192629,8.1799591,0.8243795,33.657204,493.41141,5.7843137,247,68815
48201533400,27,7,0,2,22,1,8,0,39.700001,8.4024868,3.3434949,0.41349143,32.951069,203.40909,7.6094279,41,68797
48201533500,12,5,0,1,11,5,6,0,54.200001,11.513707,1.6938387,0.34111163,43.828434,677.01257,11.713106,42,60260
48201533600,9,3,1,1,9,1,0,0,43.400002,12.565277,3.9582584,-2.3968902,30.600555,570.79651,5.464684,196,58225
48201533701,12,15,1,0,2,5,4,0,24.4,12.161854,2.2289444,-0.85880089,33.538544,883.41205,2.6486988,603,61730
48201533902,8,4,0,0,4,0,4,1,57,14.568757,2.4170512,0,26.639055,4338.7095,5.7451649,280,66988
48201534001,13,15,5,1,9,8,6,0,36.599998,11.167,5.5108097,0.47518304,21.692162,629.02124,7.3667712,71,65217
48201534002,4,5,1,1,3,2,9,0,57.5,6.6185436,0,0,21.086725,1558.8235,15.683453,78,79009
48201534003,5,4,0,1,3,0,3,0,46.900002,12.333,0.73556455,0,24.283773,278.33002,6.8514242,37,62235
48201540100,51,35,3,3,17,25,23,0,51.299999,6.3303852,0.08784259,1.0419177,23.205511,3225.5667,8.8059435,3098,115637
48201540200,10,1,1,0,4,2,3,0,53.799999,12.5,3.7160907,1.2767625,8.0542269,3357.8076,7.6379976,590,143022
48201540501,25,18,3,2,13,29,10,0,60,9.7861595,0,0.85982198,18.157303,2899.0825,7.8054638,743,70659
48201540502,12,2,0,2,2,1,2,0,33,4.4298525,0,1.0387642,16.66021,62.727932,14.518576,42,97862
48201540601,5,5,0,2,1,0,8,0,40.200001,5.9761567,0,0.69314718,17.519655,206.94087,17.299955,58,97189
48201540602,26,19,6,4,8,14,5,0,53.700001,8.4445496,0,0.85782421,14.256002,1291.8251,9.6868362,303,84847
48201540700,21,14,2,5,4,6,13,0,34.5,7.1048641,0,0.8216694,19.940199,509.6925,10.147992,320,99398
48201540901,6,2,1,1,2,4,2,0,45,8.1669998,0,1.371056,16.997606,251.64474,6.6305819,25,70661
48201541001,14,9,1,5,5,18,8,0,50.099998,8.498806,0,1.3862944,10.745985,1223.4664,14.669318,495,41044
48201541300,53,15,4,3,19,9,13,0,42.900002,7.2360315,0,1.0904014,11.497997,1068.2927,13.124134,302,51737
48201541400,21,10,1,2,7,10,4,0,51.700001,8.3454418,0,0.70194924,17.264078,352.63156,24.433105,142,69521
48201541700,25,35,1,3,16,8,9,1,18.6,7.3870411,0,0.85655421,13.834435,2155.9543,12.019146,8789,74759
48201541800,21,16,2,1,3,31,7,0,40.700001,10.59189,0,1.314472,11.55988,1389.2856,5.0984526,1420,37669
48201542000,24,15,2,4,24,9,8,0,52.5,7.9315138,0,0.22257777,12.93943,371.93655,18.282324,204,24401
48201542400,41,33,3,3,10,24,7,0,49.400002,9.3464231,0,1.6094379,9.5538712,2918.1572,11.433333,2504,28000
48201542500,8,4,0,2,5,3,5,0,31.6,9.1669998,0.43917435,1.6094379,10.742775,892.96277,15.500686,719,21083
48201542600,14,5,0,2,2,45,5,0,35.700001,7.3330002,0,1.4304678,9.864337,548.73242,19.626169,280,18613
48201543002,45,17,4,5,17,36,10,0,18,7.1799459,0,1.0117986,9.9271088,229.42073,17.036837,724,10264
48201543200,55,17,2,3,17,25,3,0,14.7,14.008264,5.6667257,1.3367916,9.775526,1289.7543,3.3710692,5853,131378
48201550100,13,4,8,1,2,9,6,0,52.200001,14.216352,2.4645718,-1.9793042,36.589497,6047.2324,14.620142,2177,75759
48201550200,3,0,0,0,1,0,3,0,34.299999,10.448565,2.6831232,-7.1631722,25.585922,451.34573,15.558267,33,77401
48201550301,12,12,2,0,5,2,6,0,57.099998,12.518792,1.2087027,-13.815511,25.025997,2655.2996,9.4023905,709,68492
48201550302,32,11,5,5,17,26,9,0,36.5,10.983533,2.4121657,-13.815511,24.258965,2628.1716,14.857881,6915,65377
48201550401,19,7,3,2,12,16,7,0,23.9,8.9747047,1.2549474,-13.815511,25.707226,301.14227,9.6968803,651,74522
48201550402,23,8,0,3,11,5,6,0,42.900002,9.1388588,1.0263779,-13.815511,28.500427,104.94505,6.427289,75,78755
48201550500,4,3,2,1,20,4,2,1,40.400002,9.6878901,1.7594018,-13.815511,32.273174,353.08057,10.827803,49,75854
48201550900,12,8,2,1,8,2,5,0,45.299999,9.2314072,1.1798777,-0.74286503,11.827711,324.36838,10.701513,164,52468
48201551000,11,0,1,2,2,7,7,0,53.599998,13.667,0.9771987,-13.815511,8.125845,1018.6481,5.5012226,101,53551
48201551100,23,15,4,0,21,33,16,0,47.700001,9.4271269,1.4363394,-13.815511,15.514216,3085.3933,12.51039,4017,55658
48201551200,52,25,8,8,20,21,16,0,49.900002,12.141587,1.2940796,-4.9641151,8.0598087,1249.6371,14.184814,340,55386
48201551400,147,35,9,1,11,32,18,1,41,10.479943,2.727082,-0.9313125,14.041289,2576.2712,14.429651,1725,61957
48201551500,48,28,1,3,14,14,6,0,40.099998,7.9363904,0.79155673,0.64748925,21.085104,1384.3743,10.493968,1445,70260
48201551600,31,10,0,2,8,7,12,0,55.5,8.2087326,0,0.79016757,16.772776,1271.3441,5.7672067,496,67609
48201552001,30,26,12,3,9,96,17,1,56.400002,8.5720787,0,1.3821421,12.921033,3016.4031,13.286074,2849,76542
48201552002,16,17,2,0,2,6,3,0,66.900002,8.5,0,1.3898594,12.706187,2713.1785,25.070423,212,72048
48201552101,5,6,0,0,1,17,2,0,44.599998,7.5,0,1.3862944,11.210068,1115.5555,17.676311,664,53074
48201552103,5,3,1,0,7,3,5,0,45.900002,7.0620327,0,1.3859999,9.102335,176.07973,15.504358,15,51069
48201552200,34,19,3,5,11,108,19,0,31.200001,8.2034664,0,1.3017758,9.4788027,1180.8511,13.871996,3249,42243
48201552301,13,4,1,0,4,2,2,0,24.4,7.8672285,0,1.0856671,9.1431665,296.36365,12.052631,69,52115
48201552400,24,14,3,2,12,32,7,0,34.5,9.6090412,0,1.1317786,10.612417,1650.8475,6.1623831,803,63636
48201552500,37,19,1,2,18,17,4,0,49.299999,8.6935759,0,0.26632529,11.426817,725.72241,11.514599,268,68239
48201552601,28,11,1,5,10,8,3,0,50.700001,6.5,0.39737731,0,12.540491,1665.4612,11.293941,737,56353
48201552602,15,11,1,6,12,10,5,0,36.400002,10.784978,0.97863318,0,9.8965511,1221.2871,12.709832,1193,50813
48201552700,22,15,1,3,8,66,7,0,47.700001,11.483414,1.1525163,-0.28727612,14.995932,2717.9487,15.804667,4185,57915
48201552800,25,6,1,3,7,35,8,1,41.700001,10.741043,0.69140355,-13.815511,18.657717,1652.4537,12.110092,1508,48527
48201552900,31,11,1,5,8,10,3,0,42.099998,11.588109,0.80749354,-13.815511,10.247725,1969.5839,15.269867,1286,51317
48201553001,16,16,3,2,18,19,4,0,31.5,13.08183,1.2605799,-13.815511,12.440146,760.24365,12.487578,676,46236
48201553002,15,2,1,6,9,10,5,0,30.700001,8.7073288,1.1039965,-13.815511,20.316185,1119.3182,10.826862,496,44401
48201553100,30,18,0,8,12,5,8,0,43.599998,11.786891,0.86670133,-13.815511,24.796062,1864.1597,9.3864136,769,35963
48201553200,22,11,1,7,11,140,12,0,36,10.990081,2.025463,-13.815511,24.494165,3693.9524,7.8813019,4284,45128
48201553300,4,7,1,2,2,17,1,0,67.599998,8.0969133,1.2351779,-13.815511,23.634706,3843.2834,11.461951,666,37072
48201553401,25,5,1,0,5,6,4,0,35.400002,7.1093035,0,-13.815511,9.0494595,502.78552,8.3171206,183,33253
48201553403,31,22,3,2,14,13,11,0,41.400002,9.3330002,0,-13.815511,8.1197691,1062.989,14.11229,539,26480
48201554200,41,28,6,1,12,40,15,0,33.5,7.9521437,0.75861023,-1.1866641,8.1324244,1248.6168,12.921217,1333,32929
48201554402,52,27,4,5,16,39,14,0,31.6,8.835206,0,0.5871883,2.204103,387.77759,18.934559,523,10075
48201554403,11,11,1,1,10,3,4,0,21.5,7.3330002,0,-0.006856409,5.0361114,181.77435,17.472759,321,6356
48201554700,23,19,1,3,11,23,7,0,49.200001,9.7118139,0.28682059,0,5.0520568,1231.7211,16.180798,566,26763
48201555502,47,13,3,8,25,15,6,0,16.9,6.922893,0,-1.6434355,6.2525759,161.15547,13.260086,594,19264
48201555701,14,13,0,2,10,11,4,0,20,6.377234,0,-1.1596813,7.4429126,220.19908,20.635305,180,3280
48201980100,11,13,3,0,4,5,10,0,39.799999,4.5,29.962547,0.015748415,29.294054,1965.9323,9.7972975,2901,75003
48339692300,26,24,1,2,29,82,10,0,11.1,5.639432,0,-0.97354519,27.389753,132.44913,13.14355,2773,4979
48339692400,59,17,9,7,26,41,14,0,25.9,7.9816656,0,0,34.791599,698.18732,10.4814,1153,11597
48397040102,20,7,0,3,11,7,8,0,8.8999996,7.1669998,0.29095141,-13.815511,3.0814571,343.8476,20.130932,1151,8058
48397040301,10,3,0,2,5,35,7,0,13.4,9.9229832,1.4995314,-13.815511,1.5890015,642.80035,20.020676,564,8894
53033000100,20,20,1,3,7,21,5,0,25.1,14.086521,6.9153776,2.2885311,21.080042,1947.1545,6.4398856,599,47535
53033000200,10,4,2,3,13,3,2,1,34.900002,14.676399,8.2880083,2.2302766,22.317686,709.21985,6.6616578,335,32284
53033000300,1,9,0,0,3,17,2,0,47,16.612885,13.61634,1.9220641,19.859167,1173.4475,13.253769,470,36066
53033000401,15,9,2,5,1,4,5,0,54,14.829019,7.3813119,1.8247308,18.890493,1755.5555,9.256402,417,38042
53033000402,17,9,0,2,7,7,4,1,47.900002,15.044427,7.0890563,2.1847835,19.395521,1797.1223,3.8017147,711,65295
53033000500,12,1,0,3,2,9,2,0,21.700001,11.769108,10.790225,1.9619322,18.615492,84.456421,7.4319353,45,41024
53033000600,31,18,2,3,18,72,10,1,49.200001,15.685006,12.330456,2.34427,20.855854,3208.7612,6.9675922,3169,62960
53033000700,15,12,2,4,4,28,7,0,50.299999,17.416164,7.1604386,2.3702981,20.576969,2018,9.7912169,537,69753
53033000800,4,5,0,1,4,2,1,0,36.400002,11.982222,8.1180812,2.4126494,16.957108,113.37868,8.8569269,25,73187
53033000900,6,1,0,2,2,6,0,0,10.9,12.047583,8.9374379,2.4616172,15.377726,179.22078,8.3665342,51,77187
53033001000,5,1,0,1,3,4,0,0,44.099998,14.534509,5.2770449,2.4304702,15.952618,1533.8754,6.206089,370,71223
53033001100,5,3,0,0,0,4,2,0,35.200001,15.145351,9.1438071,2.3846357,17.196703,545.23224,14.285715,79,72599
53033001200,78,23,11,2,5,114,10,1,63.400002,16.73036,7.9105761,2.3992629,20.588604,7768.3613,9.5417452,2500,72757
53033001300,22,11,0,3,9,11,7,0,60.400002,17.101933,5.7764941,2.4558036,18.89024,2899.3435,6.183681,516,90718
53033001400,10,9,0,1,3,9,6,0,36.400002,15.296158,9.6657269,2.2359703,18.942556,699.39392,11.623558,260,69576
53033001500,3,6,0,0,2,4,1,0,32.400002,12.584208,11.79709,2.0818222,20.061684,170.35399,4.4910183,24,56821
53033001600,22,5,3,5,3,11,2,0,45.299999,15.312268,10.473815,2.1444869,20.183891,846.44672,7.2688169,217,75227
53033001701,16,17,4,0,4,6,5,0,60.299999,17.566811,6.2909567,2.4586887,15.133407,3124.6377,6.3884153,340,88926
53033001702,20,16,1,1,6,10,4,0,50.299999,16.268507,8.3006687,2.3148053,17.493223,1728.745,7.7658758,348,83050
53033001800,12,1,0,4,4,3,1,0,61.900002,14.913379,3.9964476,2.4849067,12.729321,692.30768,4.0065861,92,89849
53033001900,17,11,2,2,3,52,5,2,54.900002,16.08268,14.03339,2.5117075,15.532917,4459.5015,3.0255404,2665,90517
53033002000,12,7,0,3,7,11,3,0,44.599998,16.250172,8.9445438,2.5181918,12.229289,856.8075,5.0539742,210,89473
53033002100,6,1,0,3,0,3,4,0,39.299999,15.88061,6.1334015,2.4739368,12.756141,927.89374,7.5421476,399,95849
53033002200,19,8,2,2,5,14,7,1,22,13.292826,7.517384,2.436559,11.529052,349.85968,5.6236482,278,84514
53033002400,1,5,3,3,5,5,5,0,42.599998,16.70561,11.4082,2.5605106,9.8335571,711.6402,7.0769229,108,98715
53033002500,6,7,0,3,4,12,4,1,47.5,17.403839,5.5440055,2.6416588,9.4457846,1189.4738,8.7108021,283,139693
53033002600,13,11,0,2,3,19,8,0,56,17.179663,8.1161897,2.6807759,10.131344,1353.1915,4.726368,216,146137
53033002700,17,11,0,6,6,19,8,1,59.599998,16.383953,9.8969072,2.5928953,10.898844,1034.1464,6.7313523,233,135706
53033002800,29,22,0,7,6,10,9,1,61.799999,16.620871,5.2318668,2.5999961,13.306985,1707.8948,7.4157305,255,134555
53033002900,24,14,0,3,5,7,7,1,60.200001,17.500628,6.330655,2.4745941,15.228495,1026.2467,4.4787951,152,131183
53033003000,18,17,2,4,8,23,10,0,57.099998,16.822599,4.7075865,2.3241901,17.651335,1166.3778,6.4910626,254,124060
53033003100,17,5,0,4,8,5,6,0,46.400002,14.438584,9.5495782,2.2219746,17.529791,490.71927,8.6580086,174,85828
53033003200,23,20,0,9,2,8,8,1,50.900002,15.699277,6.7593917,2.3005648,15.383349,1723.8494,9.4624977,580,124441
53033003300,14,20,2,5,15,2,7,0,62.799999,15.269452,3.5037426,2.5325222,17.896431,812.37524,7.2256303,141,166728
53033003400,16,3,0,1,4,3,0,0,58,14.936788,2.3228804,2.789835,14.641015,1134.8684,4.9776006,226,221906
53033003500,11,13,0,4,7,12,3,1,48.799999,16.927479,8.4033613,2.8666399,10.041636,2475.8064,4.2110133,663,242449
53033003600,19,30,2,7,18,44,9,1,66.300003,17.815271,13.896126,2.853379,13.612157,4683.9824,4.860393,1380,245835
53033003800,1,2,0,0,1,14,2,1,50.400002,15.6709,8.5106383,2.710357,9.17383,1307.054,3.9272029,176,147295
53033003900,7,1,1,1,8,12,5,0,50.599998,15.009748,9.4371419,2.679121,9.9374561,784.57452,3.5285816,108,119242
53033004000,6,1,0,5,0,15,1,1,15.7,15.220479,18.524871,2.5633454,10.124785,1293.9424,10.998093,402,103461
53033004100,23,14,2,9,5,69,2,0,15.1,14.747417,5.700532,2.8648074,7.4589424,4988.1143,5.0744252,6700,229791
53033004200,16,5,0,3,5,60,2,1,46.900002,16.306721,10.499684,2.8685565,8.5092468,1139.8528,4.2821159,468,207906
53033004301,51,16,2,2,1,23,6,0,52.900002,15.969738,10.995052,2.8884914,9.3008461,5619.0479,4.9367852,752,255029
53033004302,2,0,2,9,2,20,1,0,61.299999,16.472214,2.3515579,2.8903718,13.314171,4234.375,5.3162856,244,256123
53033004400,32,21,4,8,7,8,11,0,52.799999,16.353994,7.4985003,2.8903718,12.962638,3206.8064,7.2601013,435,251635
53033004500,3,3,0,0,7,4,3,0,59.099998,14.687698,7.4738416,2.8903718,14.570293,1208.4941,5.0451407,182,248230
53033004600,9,9,0,1,5,13,4,1,25.299999,15.491659,5.6022409,2.8903718,15.287354,542.57098,2.483855,189,245534
53033004700,81,72,12,13,7,74,27,4,73.800003,17.683718,7.8070542,2.7327759,15.785945,12464.807,5.1057243,3280,236162
53033004800,21,10,0,3,0,3,4,1,61.299999,15.56887,6.8507814,2.8833923,11.564142,3312.3772,7.2692795,578,246358
53033004900,37,41,3,6,6,30,7,1,67,16.8904,9.2651757,2.8903718,11.204571,12651.552,2.8220859,3409,246358
53033005000,22,28,4,3,6,16,5,1,67.400002,18.496622,5.988024,2.8903718,12.109926,4102.7397,6.6863685,686,247197
53033005100,20,12,1,3,7,19,10,0,55.5,15.815888,8.6673889,2.8903718,10.824856,2973.5293,0.39781201,473,266488
53033005200,20,11,0,5,3,22,5,1,64,17.323454,10.089863,2.8903718,13.907064,4634.4087,2.028451,526,266388
53033005301,36,81,9,24,15,24,17,2,83.400002,17.020573,7.4441687,2.8903718,16.38822,15542.857,4.5279384,760,248559
53033005302,8,6,2,9,2,29,5,11,39.299999,15.583147,16.126294,2.8903718,18.909382,22813.402,6.2794352,24447,276085
53033005400,33,18,1,8,2,29,6,1,49.099998,16.77482,7.4447121,2.8903718,12.703095,8328.2939,6.7966013,1959,265903
53033005600,14,11,4,3,5,24,2,1,41.900002,15.723668,13.568949,2.5253968,8.8010025,623.3988,7.5975361,316,225840
53033005700,19,12,2,8,7,12,8,3,27.5,15.440312,14.715291,2.4974415,10.390764,600.4057,10.753276,585,196953
53033005801,22,13,1,5,5,6,12,0,62.5,14.364322,10.760953,2.6637893,9.6592646,5574.9639,4.8460665,1214,236200
53033005802,24,12,0,3,4,8,8,0,64.800003,16.240955,12.86841,2.6390574,6.9104285,2323.283,2.0373514,680,280878
53033005900,20,6,0,7,3,9,3,1,52.799999,15.592883,7.239819,2.6685138,3.8946526,4913.9165,2.6164186,1245,261478
53033006000,21,8,1,3,1,15,9,0,50.200001,17.59087,10.787902,2.7608926,14.179652,3842.6101,5.4297328,1135,289044
53033006100,9,11,0,5,4,43,6,0,40,18.202038,6.653114,2.8687239,16.653341,5227.5576,2.9445398,1783,287705
53033006200,18,6,0,5,2,8,4,2,24.9,16.970909,9.5285858,2.8262646,9.3089075,588.23529,1.3284471,514,304542
53033006300,21,12,5,9,1,49,6,1,16.200001,16.35285,7.0477682,2.8533165,5.316391,1571.9102,2.3092785,982,346406
53033006400,7,3,0,3,5,7,2,0,44.5,16.226103,10.498688,2.7794528,12.342592,673.35242,1.5169903,174,298361
53033006500,13,7,1,3,8,11,0,0,39.099998,16.609312,6.6360388,2.8037038,16.537886,941.30927,5.0606585,227,292546
53033006600,8,17,1,3,0,23,7,0,39.799999,17.016674,12.803235,2.7850113,19.775255,17865.115,3.9863713,6460,293547
53033006700,25,25,3,7,2,39,10,1,64.699997,16.834583,10.370596,2.7155805,16.045582,26315.791,5.7610364,12056,291980
53033006800,21,21,4,3,3,17,11,0,57.700001,17.553608,8.9996539,2.642962,12.221315,6277.978,3.6342323,592,287736
53033006900,15,7,0,5,3,12,7,1,54.099998,17.063309,10.662958,2.6408818,7.4699197,1598.8539,2.5252526,533,282135
53033007000,18,28,3,3,4,17,11,1,67.099998,15.355731,4.8263842,2.6829987,13.622222,6807.0742,4.3678622,1149,290611
53033007100,30,36,2,9,9,24,14,0,83.900002,18.8083,13.356164,2.7080503,16.369883,27930.93,3.9513679,6572,283878
53033007200,30,49,9,15,9,39,15,0,88,19.21884,15.38146,2.7080503,19.855585,38512.82,4.038847,11556,292422
53033007300,36,42,6,20,4,30,14,2,89.800003,18.884106,16.604763,2.7211223,19.434519,53153.629,4.6232877,15699,291977
53033007401,4,8,1,0,1,3,1,2,81.300003,14.928241,1.9365771,2.8332133,18.90694,6650,4.4592032,222,290928
53033007402,14,24,1,3,2,5,10,0,87.5,16.430857,4.277659,2.7854922,16.288948,6895.8335,5.7853336,193,290089
53033007500,62,71,6,7,15,22,9,3,76.800003,17.950634,8.168028,2.8175268,18.608465,11912.903,2.2608125,1335,289381
53033007600,8,14,0,2,3,20,3,0,61.5,16.711056,9.7636177,2.8332133,18.263639,4221.7192,2.1964855,801,292298
53033007700,21,19,0,5,6,46,5,0,50.400002,16.609837,8.6896867,2.9062617,16.377098,2075.7947,5.7004242,284,330675
53033007800,21,16,0,3,6,28,6,1,15,16.925352,14.402491,2.8788619,14.579955,2107.8433,8.1435738,1580,333175
53033007900,8,15,1,5,8,19,8,0,62,16.654264,8.4797093,2.817173,20.213987,6762.9629,6.7110786,1325,291988
53033008001,28,47,6,9,4,17,10,1,83.900002,18.348104,2.9684601,2.7080503,19.208282,48937.172,3.8376708,5780,284749
53033008002,45,30,0,7,5,28,20,1,92.099998,18.977749,2.0862309,2.7080503,18.749002,82625,6.6973419,4995,285728
53033008100,175,168,48,48,5,83,76,10,87.099998,19.480219,39.876511,2.6994324,17.883682,189700,4.7004991,46551,295642
53033008200,69,40,26,29,3,138,10,5,78,17.667,13.254786,2.7080503,18.278383,288718.31,10.178306,25210,301280
53033008300,9,13,2,6,0,296,4,0,86.199997,17.42,14.192558,2.7080503,18.8372,66250,9.7096624,5458,301547
53033008400,28,31,5,7,6,157,7,0,83.599998,17.811518,7.7915754,2.7080503,17.130888,50398.648,3.9247487,5666,301034
53033008500,10,13,8,15,9,87,3,0,80.900002,15.03438,12.011245,2.6996329,16.88846,115879.78,10.723861,22864,301049
53033008600,9,21,0,3,7,30,6,1,70.800003,16.488232,5.8212058,2.6766443,16.961966,14127.272,7.0620365,2438,301518
53033008700,3,5,0,3,12,49,8,0,58.5,16.481915,5.7426259,2.7305677,15.832884,3522.9683,3.9682541,992,296492
53033008800,5,18,0,5,11,3,9,1,54,15.561515,12.892377,2.783422,16.432213,521.85791,10.311363,128,329526
53033008900,10,2,2,4,12,5,4,1,22.200001,15.356156,14.886341,2.5547264,15.92763,2977.7329,4.6262255,1538,320491
53033009000,25,32,0,8,9,18,12,0,68.5,18.348,17.458101,2.6717319,15.724912,11195.584,8.0611172,1613,295568
53033009100,12,73,4,7,5,6,28,0,83.300003,19.276466,6.5597668,2.6390574,16.69908,15629.63,3.0185759,1203,291352
53033009200,23,36,0,9,2,18,15,1,84.199997,18.39669,16.308671,2.6390574,16.537151,35370.078,9.1424522,3720,296300
53033009300,92,46,10,7,5,11,37,1,81.699997,14.276278,81.058379,2.3172314,15.698013,9735.2373,14.212828,15928,268489
53033009400,10,11,0,0,5,17,9,0,60.599998,16.318882,9.6618357,2.42977,16.801142,20150.375,7.8819146,1133,284998
53033009500,15,18,2,10,12,15,11,1,24.799999,17.531733,15.314494,2.3095195,16.086281,2000.998,7.3724566,830,300809
53033009600,10,15,1,5,4,11,4,2,40.5,15.004943,12.149366,2.3769245,17.158386,1354.2781,6.4662704,444,259418
53033009701,20,23,1,3,4,2,2,0,45,14.466846,15.269886,2.0836728,11.784147,899.5816,8.8841076,102,228462
53033009702,23,7,0,2,0,6,6,1,43.099998,13.797122,12.830482,2.1933646,14.649274,198.36639,5.4379563,74,241129
53033009800,28,13,5,3,11,27,10,0,57.400002,15.738524,7.0998611,2.2946591,17.109756,1322.1476,7.6675601,569,250575
53033009900,7,5,1,5,7,7,11,1,56.599998,14.120006,17.226891,2.290951,12.636424,1960.1577,5.0603795,1445,257087
53033010001,10,7,1,2,7,32,5,1,41,14.172824,13.333333,2.3493612,16.049934,4548.2759,13.456464,3939,264366
53033010002,3,9,3,3,8,8,6,1,61.5,15.990419,8.1632653,2.3128574,14.117073,1286.8853,4.7343693,320,266647
53033010100,19,18,2,7,11,12,9,0,29.700001,16.606573,10.860622,2.3222289,17.089926,1371.5171,13.065454,729,268808
53033010200,7,9,0,4,8,5,7,0,22.5,14.038441,9.4888937,2.1002538,27.761818,308.19366,7.5561314,214,167515
53033010300,25,27,2,8,11,22,20,0,56.5,17.153849,6.5023956,2.210592,27.201223,3123.2451,10.154854,1766,221297
53033010401,4,13,0,3,7,1,4,0,44.400002,12.810587,6.8463843,2.3325374,25.721685,171.47435,6.8010077,72,226082
53033010402,12,6,0,0,8,1,4,0,53.799999,13.773059,9.3956865,2.3190246,21.87982,381.29498,10.716872,121,247647
53033010500,44,31,7,8,8,51,13,0,60.900002,17.196281,11.157601,1.9118005,9.1126785,4597.2852,6.3117223,1520,229413
53033010600,30,8,2,2,6,18,6,2,48.299999,15.064062,14.949279,1.5004201,7.9292407,712.57489,9.782609,398,147603
53033010701,7,4,0,0,2,0,3,0,32.599998,13.058502,7.5394106,1.7771863,10.677519,486.63101,7.6151123,119,187873
53033010702,3,0,0,2,3,2,2,1,48.299999,15.208894,6.1607393,1.8975019,7.4242549,686.46863,13.811421,191,200416
53033010800,12,4,0,0,3,8,2,0,37.700001,11.278452,16.201236,1.9827874,11.803062,516.76154,13.613014,162,219035
53033010900,42,33,7,3,2,4,19,1,81.400002,11.79619,62.5,2.0832686,20.516665,9173.6074,11.809816,1543,201745
53033011001,8,8,1,3,6,9,8,1,52,15.682953,5.9854639,1.6976523,26.263414,1656.1744,12.274618,430,137299
53033011002,7,6,0,1,8,3,1,0,59.599998,14.532317,10.866881,2.0040786,29.075712,423.49304,9.7638512,129,182098
53033011101,10,12,1,4,20,3,8,0,55.5,15.727605,6.0698027,1.5076777,27.00256,360.36035,7.8162775,181,115936
53033011102,3,11,0,3,12,5,6,0,20.700001,14.664602,9.150012,1.5333722,25.95545,1469.0619,8.4051723,791,108097
53033011200,10,18,0,2,5,4,4,1,64,13.78112,12.217195,1.0993007,25.138594,4900.749,15.871048,1590,100373
53033011300,15,7,0,1,8,3,4,0,40.099998,13.064866,10.447501,1.102073,23.643415,1281.3782,6.8240719,177,93921
53033011401,6,3,0,0,1,3,0,0,51.400002,12.022516,9.1139241,1.0986123,21.227819,147.05882,6.3279858,51,92606
53033011402,24,10,3,0,4,4,10,0,59.900002,17.008125,14.084507,1.0986123,24.198631,2384.2795,10.696849,252,73395
53033011500,7,2,0,2,6,2,4,0,51.599998,15.630697,14.275517,1.0986123,14.140326,373.7374,10.34354,103,66836
53033011600,15,3,0,4,6,8,4,0,35,13.629331,10.982015,1.0963575,12.651813,547.87677,7.0574841,354,65628
53033011700,7,7,0,2,3,3,6,0,46.700001,14.320055,8.4339101,1.5543782,20.333036,876.66174,10.143289,270,136111
53033011800,15,14,4,7,14,9,12,1,26.9,15.178139,8.0053369,1.6298332,21.030188,790.54053,8.0153723,412,110246
53033011900,9,2,0,4,15,1,5,0,27.799999,13.240939,12.586862,1.5141658,30.626406,133.76836,14.560711,149,91611
53033012000,7,1,0,0,4,2,1,0,44.900002,12.709941,7.5166233,1.0986123,22.023285,119.85689,14.198162,43,68632
53033012100,3,1,0,2,3,7,0,0,31.5,12.932252,10.733453,1.2092328,21.666876,154.88721,4.9050632,60,44192
53033026001,16,6,1,2,18,5,1,1,45.099998,13.104317,4.5969463,1.6157671,18.058962,194.15646,14.014085,166,90491
53033026500,17,18,1,2,5,6,18,1,48.5,15.124278,6.7372474,1.2366449,27.621836,735.06494,7.923655,227,80649